2026-01-19 15:44:40,630 - DEBUG - Using proactor: IocpProactor
2026-01-19 15:44:40,853 - DEBUG - >>> None: [b'CLIENT', b'SETINFO', b'LIB-NAME', b'redis-py']
2026-01-19 15:44:40,854 - DEBUG - >>> None: [b'CLIENT', b'SETINFO', b'LIB-VER', b'7.1.0']
2026-01-19 15:44:40,856 - DEBUG - >>> None: [b'XREAD', b'COUNT', b'100', b'STREAMS', b'fastmcp:strikes', b'0-0']
2026-01-19 15:44:40,864 - DEBUG - >>> None: [b'XREAD', b'BLOCK', b'60000', b'COUNT', b'100', b'STREAMS', b'fastmcp:strikes', b'0-0']
2026-01-19 15:44:40,865 - DEBUG - >>> None: [b'CLIENT', b'SETINFO', b'LIB-NAME', b'redis-py']
2026-01-19 15:44:40,865 - DEBUG - >>> None: [b'CLIENT', b'SETINFO', b'LIB-VER', b'7.1.0']
2026-01-19 15:44:40,865 - DEBUG - >>> None: [b'MULTI']
2026-01-19 15:44:40,866 - DEBUG - >>> None: [b'ZREMRANGEBYSCORE', b'fastmcp:workers', b'0', b'1768817670.864848']
2026-01-19 15:44:40,866 - DEBUG - >>> None: [b'ZADD', b'fastmcp:workers', b'1768817680.864848', b'DESKTOP-EP5TI1Q#20692']
2026-01-19 15:44:40,866 - DEBUG - >>> None: [b'ZREMRANGEBYSCORE', b'fastmcp:task-workers:trace', b'0', b'1768817670.864848']
2026-01-19 15:44:40,866 - DEBUG - >>> None: [b'ZADD', b'fastmcp:task-workers:trace', b'1768817680.864848', b'DESKTOP-EP5TI1Q#20692']
2026-01-19 15:44:40,866 - DEBUG - >>> None: [b'ZREMRANGEBYSCORE', b'fastmcp:task-workers:fail', b'0', b'1768817670.864848']
2026-01-19 15:44:40,866 - DEBUG - >>> None: [b'ZADD', b'fastmcp:task-workers:fail', b'1768817680.864848', b'DESKTOP-EP5TI1Q#20692']
2026-01-19 15:44:40,866 - DEBUG - >>> None: [b'ZREMRANGEBYSCORE', b'fastmcp:task-workers:sleep', b'0', b'1768817670.864848']
2026-01-19 15:44:40,866 - DEBUG - >>> None: [b'ZADD', b'fastmcp:task-workers:sleep', b'1768817680.864848', b'DESKTOP-EP5TI1Q#20692']
2026-01-19 15:44:40,866 - DEBUG - >>> None: [b'SADD', b'fastmcp:worker-tasks:DESKTOP-EP5TI1Q#20692', b'trace', b'fail', b'sleep']
2026-01-19 15:44:40,866 - DEBUG - >>> None: [b'EXPIRE', b'fastmcp:worker-tasks:DESKTOP-EP5TI1Q#20692', b'10']
2026-01-19 15:44:40,866 - DEBUG - >>> None: [b'EXEC']
2026-01-19 15:44:40,868 - DEBUG - >>> None: [b'MULTI']
2026-01-19 15:44:40,868 - DEBUG - >>> None: [b'XLEN', b'fastmcp:stream']
2026-01-19 15:44:40,868 - DEBUG - >>> None: [b'ZCOUNT', b'fastmcp:queue', b'0', b'1768817680.864848']
2026-01-19 15:44:40,868 - DEBUG - >>> None: [b'ZCOUNT', b'fastmcp:queue', b'1768817680.864848', b'+inf']
2026-01-19 15:44:40,869 - DEBUG - >>> None: [b'EXEC']
2026-01-19 15:44:40,869 - INFO - Starting worker 'DESKTOP-EP5TI1Q#20692' with the following tasks:
2026-01-19 15:44:40,869 - INFO - * trace(message: str, ...)
2026-01-19 15:44:40,869 - INFO - * fail(message: str, ...)
2026-01-19 15:44:40,870 - INFO - * sleep(seconds: float, ...)
2026-01-19 15:44:40,871 - DEBUG - >>> None: [b'PSUBSCRIBE', b'fastmcp:cancel:*']
2026-01-19 15:44:40,871 - INFO - StreamableHTTP session manager started
2026-01-19 15:44:40,873 - DEBUG - >>> None: [b'CLIENT', b'SETINFO', b'LIB-NAME', b'redis-py']
2026-01-19 15:44:40,873 - DEBUG - >>> None: [b'CLIENT', b'SETINFO', b'LIB-VER', b'7.1.0']
2026-01-19 15:44:40,873 - DEBUG - >>> None: [b'SET', b'fastmcp:perpetual:lock', b'aae9d1eef51f11f08e07906584004c9e', b'NX', b'PX', b'10000']
2026-01-19 15:44:40,874 - DEBUG - >>> None: [b'EVALSHA', b'c3f8721cbb97f72bc19e972846bd7aaf91901658', b'1', b'fastmcp:perpetual:lock', b'aae9d1eef51f11f08e07906584004c9e']
2026-01-19 15:44:40,875 - DEBUG - >>> None: [b'SCRIPT', b'LOAD', b"\n        local token = redis.call('get', KEYS[1])\n        if not token or token ~= ARGV[1] then\n            return 0\n        end\n        redis.call('del', KEYS[1])\n        return 1\n    "]
2026-01-19 15:44:40,876 - DEBUG - >>> None: [b'EVALSHA', b'c3f8721cbb97f72bc19e972846bd7aaf91901658', b'1', b'fastmcp:perpetual:lock', b'aae9d1eef51f11f08e07906584004c9e']
2026-01-19 15:44:40,880 - DEBUG - Getting redeliveries
2026-01-19 15:44:40,881 - DEBUG - >>> None: [b'XAUTOCLAIM', b'fastmcp:stream', b'docket-workers', b'DESKTOP-EP5TI1Q#20692', b'300000', b'0-0', b'COUNT', b'10']
2026-01-19 15:44:40,882 - DEBUG - >>> None: [b'XGROUP', b'CREATE', b'fastmcp:stream', b'docket-workers', b'0-0', b'MKSTREAM']
2026-01-19 15:44:40,882 - DEBUG - Scheduling due tasks
2026-01-19 15:44:40,883 - DEBUG - >>> None: [b'EVALSHA', b'39773dffbc51ce836d528fa7bc63e81067cfaea6', b'2', b'fastmcp:queue', b'fastmcp:stream', b'1768817680.88299', b'fastmcp']
2026-01-19 15:44:40,883 - DEBUG - >>> None: [b'SCRIPT', b'LOAD', b'\n            local total_work = redis.call(\'ZCARD\', KEYS[1])\n            local due_work = 0\n\n            if total_work > 0 then\n                local tasks = redis.call(\'ZRANGEBYSCORE\', KEYS[1], 0, ARGV[1])\n\n                for i, key in ipairs(tasks) do\n                    local hash_key = ARGV[2] .. ":" .. key\n                    local task_data = redis.call(\'HGETALL\', hash_key)\n\n                    if #task_data > 0 then\n                        local task = {}\n                        for j = 1, #task_data, 2 do\n                            task[task_data[j]] = task_data[j+1]\n                        end\n\n                        redis.call(\'XADD\', KEYS[2], \'*\',\n                            \'key\', task[\'key\'],\n                            \'when\', task[\'when\'],\n                            \'function\', task[\'function\'],\n                            \'args\', task[\'args\'],\n                            \'kwargs\', task[\'kwargs\'],\n                            \'attempt\', task[\'attempt\']\n                        )\n                        redis.call(\'DEL\', hash_key)\n\n                        -- Set run state to queued\n                        local run_key = ARGV[2] .. ":runs:" .. task[\'key\']\n                        redis.call(\'HSET\', run_key, \'state\', \'queued\')\n\n                        -- Publish state change event to pub/sub\n                        local channel = ARGV[2] .. ":state:" .. task[\'key\']\n                        local payload = \'{"type":"state","key":"\' .. task[\'key\'] .. \'","state":"queued","when":"\' .. task[\'when\'] .. \'"}\'\n                        redis.call(\'PUBLISH\', channel, payload)\n\n                        due_work = due_work + 1\n                    end\n                end\n            end\n\n            if due_work > 0 then\n                redis.call(\'ZREMRANGEBYSCORE\', KEYS[1], 0, ARGV[1])\n            end\n\n            return {total_work, due_work}\n            ']
2026-01-19 15:44:40,884 - DEBUG - >>> None: [b'EVALSHA', b'39773dffbc51ce836d528fa7bc63e81067cfaea6', b'2', b'fastmcp:queue', b'fastmcp:stream', b'1768817680.88299', b'fastmcp']
2026-01-19 15:44:40,885 - DEBUG - Getting redeliveries
2026-01-19 15:44:40,885 - DEBUG - >>> None: [b'XAUTOCLAIM', b'fastmcp:stream', b'docket-workers', b'DESKTOP-EP5TI1Q#20692', b'300000', b'0-0', b'COUNT', b'10']
2026-01-19 15:44:40,885 - DEBUG - Getting new deliveries
2026-01-19 15:44:40,886 - DEBUG - >>> None: [b'XREADGROUP', b'GROUP', b'docket-workers', b'DESKTOP-EP5TI1Q#20692', b'COUNT', b'10', b'BLOCK', b'0', b'STREAMS', b'fastmcp:stream', b'>']
2026-01-19 15:44:41,138 - DEBUG - Scheduling due tasks
2026-01-19 15:44:41,139 - DEBUG - >>> None: [b'EVALSHA', b'39773dffbc51ce836d528fa7bc63e81067cfaea6', b'2', b'fastmcp:queue', b'fastmcp:stream', b'1768817681.138887', b'fastmcp']
2026-01-19 15:44:41,139 - DEBUG - Getting redeliveries
2026-01-19 15:44:41,140 - DEBUG - >>> None: [b'XAUTOCLAIM', b'fastmcp:stream', b'docket-workers', b'DESKTOP-EP5TI1Q#20692', b'300000', b'0-0', b'COUNT', b'10']
2026-01-19 15:44:41,140 - DEBUG - Getting new deliveries
2026-01-19 15:44:41,140 - DEBUG - >>> None: [b'XREADGROUP', b'GROUP', b'docket-workers', b'DESKTOP-EP5TI1Q#20692', b'COUNT', b'10', b'BLOCK', b'0', b'STREAMS', b'fastmcp:stream', b'>']
2026-01-19 15:44:41,397 - DEBUG - Scheduling due tasks
2026-01-19 15:44:41,398 - DEBUG - >>> None: [b'EVALSHA', b'39773dffbc51ce836d528fa7bc63e81067cfaea6', b'2', b'fastmcp:queue', b'fastmcp:stream', b'1768817681.397897', b'fastmcp']
2026-01-19 15:44:41,398 - DEBUG - Getting redeliveries
2026-01-19 15:44:41,398 - DEBUG - >>> None: [b'XAUTOCLAIM', b'fastmcp:stream', b'docket-workers', b'DESKTOP-EP5TI1Q#20692', b'300000', b'0-0', b'COUNT', b'10']
2026-01-19 15:44:41,398 - DEBUG - Getting new deliveries
2026-01-19 15:44:41,399 - DEBUG - >>> None: [b'XREADGROUP', b'GROUP', b'docket-workers', b'DESKTOP-EP5TI1Q#20692', b'COUNT', b'10', b'BLOCK', b'0', b'STREAMS', b'fastmcp:stream', b'>']
2026-01-19 15:44:41,654 - DEBUG - Scheduling due tasks
2026-01-19 15:44:41,655 - DEBUG - >>> None: [b'EVALSHA', b'39773dffbc51ce836d528fa7bc63e81067cfaea6', b'2', b'fastmcp:queue', b'fastmcp:stream', b'1768817681.655133', b'fastmcp']
2026-01-19 15:44:41,655 - DEBUG - Getting redeliveries
2026-01-19 15:44:41,656 - DEBUG - >>> None: [b'XAUTOCLAIM', b'fastmcp:stream', b'docket-workers', b'DESKTOP-EP5TI1Q#20692', b'300000', b'0-0', b'COUNT', b'10']
2026-01-19 15:44:41,656 - DEBUG - Getting new deliveries
2026-01-19 15:44:41,656 - DEBUG - >>> None: [b'XREADGROUP', b'GROUP', b'docket-workers', b'DESKTOP-EP5TI1Q#20692', b'COUNT', b'10', b'BLOCK', b'0', b'STREAMS', b'fastmcp:stream', b'>']
2026-01-19 15:44:41,912 - DEBUG - Scheduling due tasks
2026-01-19 15:44:41,913 - DEBUG - >>> None: [b'EVALSHA', b'39773dffbc51ce836d528fa7bc63e81067cfaea6', b'2', b'fastmcp:queue', b'fastmcp:stream', b'1768817681.913073', b'fastmcp']
2026-01-19 15:44:41,913 - DEBUG - Getting redeliveries
2026-01-19 15:44:41,914 - DEBUG - >>> None: [b'XAUTOCLAIM', b'fastmcp:stream', b'docket-workers', b'DESKTOP-EP5TI1Q#20692', b'300000', b'0-0', b'COUNT', b'10']
2026-01-19 15:44:41,914 - DEBUG - Getting new deliveries
2026-01-19 15:44:41,914 - DEBUG - >>> None: [b'XREADGROUP', b'GROUP', b'docket-workers', b'DESKTOP-EP5TI1Q#20692', b'COUNT', b'10', b'BLOCK', b'0', b'STREAMS', b'fastmcp:stream', b'>']
2026-01-19 15:44:42,164 - DEBUG - Scheduling due tasks
2026-01-19 15:44:42,165 - DEBUG - >>> None: [b'EVALSHA', b'39773dffbc51ce836d528fa7bc63e81067cfaea6', b'2', b'fastmcp:queue', b'fastmcp:stream', b'1768817682.165374', b'fastmcp']
2026-01-19 15:44:42,166 - DEBUG - Getting redeliveries
2026-01-19 15:44:42,167 - DEBUG - >>> None: [b'XAUTOCLAIM', b'fastmcp:stream', b'docket-workers', b'DESKTOP-EP5TI1Q#20692', b'300000', b'0-0', b'COUNT', b'10']
2026-01-19 15:44:42,167 - DEBUG - Getting new deliveries
2026-01-19 15:44:42,167 - DEBUG - >>> None: [b'XREADGROUP', b'GROUP', b'docket-workers', b'DESKTOP-EP5TI1Q#20692', b'COUNT', b'10', b'BLOCK', b'0', b'STREAMS', b'fastmcp:stream', b'>']
2026-01-19 15:44:42,417 - DEBUG - Scheduling due tasks
2026-01-19 15:44:42,418 - DEBUG - >>> None: [b'EVALSHA', b'39773dffbc51ce836d528fa7bc63e81067cfaea6', b'2', b'fastmcp:queue', b'fastmcp:stream', b'1768817682.418054', b'fastmcp']
2026-01-19 15:44:42,419 - DEBUG - Getting redeliveries
2026-01-19 15:44:42,419 - DEBUG - >>> None: [b'XAUTOCLAIM', b'fastmcp:stream', b'docket-workers', b'DESKTOP-EP5TI1Q#20692', b'300000', b'0-0', b'COUNT', b'10']
2026-01-19 15:44:42,419 - DEBUG - Getting new deliveries
2026-01-19 15:44:42,419 - DEBUG - >>> None: [b'XREADGROUP', b'GROUP', b'docket-workers', b'DESKTOP-EP5TI1Q#20692', b'COUNT', b'10', b'BLOCK', b'0', b'STREAMS', b'fastmcp:stream', b'>']
2026-01-19 15:44:42,671 - DEBUG - Scheduling due tasks
2026-01-19 15:44:42,672 - DEBUG - >>> None: [b'EVALSHA', b'39773dffbc51ce836d528fa7bc63e81067cfaea6', b'2', b'fastmcp:queue', b'fastmcp:stream', b'1768817682.67209', b'fastmcp']
2026-01-19 15:44:42,673 - DEBUG - Getting redeliveries
2026-01-19 15:44:42,673 - DEBUG - >>> None: [b'XAUTOCLAIM', b'fastmcp:stream', b'docket-workers', b'DESKTOP-EP5TI1Q#20692', b'300000', b'0-0', b'COUNT', b'10']
2026-01-19 15:44:42,673 - DEBUG - Getting new deliveries
2026-01-19 15:44:42,673 - DEBUG - >>> None: [b'XREADGROUP', b'GROUP', b'docket-workers', b'DESKTOP-EP5TI1Q#20692', b'COUNT', b'10', b'BLOCK', b'0', b'STREAMS', b'fastmcp:stream', b'>']
2026-01-19 15:44:42,688 - DEBUG - Creating new transport
2026-01-19 15:44:42,688 - INFO - Created new transport with session ID: a1962f14290c4b04956c1741f3a35928
2026-01-19 15:44:42,693 - DEBUG - Closing SSE writer
2026-01-19 15:44:42,693 - DEBUG - chunk: b'event: message\r\ndata: {"jsonrpc":"2.0","id":0,"result":{"protocolVersion":"2025-11-25","capabilities":{"experimental":{},"prompts":{"listChanged":true},"resources":{"subscribe":false,"listChanged":true},"tools":{"listChanged":true}},"serverInfo":{"name":"whatsapp-mcp-server","version":"2.14.3"}}}\r\n\r\n'
2026-01-19 15:44:42,695 - DEBUG - Got event: http.disconnect. Stop streaming.
2026-01-19 15:44:42,702 - DEBUG - Session already exists, handling request directly
2026-01-19 15:44:42,704 - DEBUG - Session already exists, handling request directly
2026-01-19 15:44:42,708 - DEBUG - Session already exists, handling request directly
2026-01-19 15:44:42,710 - INFO - Processing request of type ListToolsRequest
2026-01-19 15:44:42,710 - DEBUG - Dispatching request of type ListToolsRequest
2026-01-19 15:44:42,711 - DEBUG - Response sent
2026-01-19 15:44:42,712 - DEBUG - Closing SSE writer
2026-01-19 15:44:42,712 - DEBUG - chunk: b'event: message\r\ndata: {"jsonrpc":"2.0","id":1,"result":{"tools":[{"name":"authenticate_whatsapp","description":"Register WhatsApp credentials for the current MCP session.\\n\\nThis tool must be called before using any WhatsApp messaging tools.\\nThe credentials are bound to the current session and will be used\\nfor all subsequent WhatsApp API calls.\\n\\nParameters:\\n- phone_number_id: Your WhatsApp Business Phone Number ID\\n- access_token: WhatsApp Cloud API access token\\n- api_version: WhatsApp API version (default: v19.0)","inputSchema":{"properties":{"phone_number_id":{"type":"string"},"access_token":{"type":"string"},"api_version":{"default":"v19.0","type":"string"}},"required":["phone_number_id","access_token"],"type":"object"},"outputSchema":{"properties":{"result":{"type":"string"}},"required":["result"],"type":"object","x-fastmcp-wrap-result":true},"_meta":{"_fastmcp":{"tags":[]}}},{"name":"send_whatsapp_text_message","inputSchema":{"properties":{"to":{"type":"string"},"body":{"type":"string"},"preview_url":{"default":false,"type":"boolean"}},"required":["to","body"],"type":"object"},"outputSchema":{"additionalProperties":true,"type":"object"},"_meta":{"_fastmcp":{"tags":[]}}},{"name":"send_whatsapp_template_message","inputSchema":{"properties":{"to":{"type":"string"},"template_name":{"type":"string"},"language_code":{"default":"en_US","type":"string"},"components":{"anyOf":[{"items":{"additionalProperties":true,"type":"object"},"type":"array"},{"type":"null"}],"default":null}},"required":["to","template_name"],"type":"object"},"outputSchema":{"additionalProperties":true,"type":"object"},"_meta":{"_fastmcp":{"tags":[]}}},{"name":"send_whatsapp_service_options_menu","inputSchema":{"properties":{"to":{"type":"string"},"header_text":{"type":"string"},"body_text":{"type":"string"},"footer_text":{"type":"string"},"button_text":{"type":"string"},"sections":{"items":{"additionalProperties":true,"type":"object"},"type":"array"}},"required":["to","header_text","body_text","footer_text","button_text","sections"],"type":"object"},"outputSchema":{"additionalProperties":true,"type":"object"},"_meta":{"_fastmcp":{"tags":[]}}},{"name":"send_whatsapp_confirmation_buttons","inputSchema":{"properties":{"to":{"type":"string"},"message":{"type":"string"},"footer_text":{"default":"Please confirm","type":"string"}},"required":["to","message"],"type":"object"},"outputSchema":{"additionalProperties":true,"type":"object"},"_meta":{"_fastmcp":{"tags":[]}}},{"name":"send_whatsapp_document","inputSchema":{"properties":{"to":{"type":"string"},"media_id":{"anyOf":[{"type":"string"},{"type":"null"}],"default":null},"link":{"anyOf":[{"type":"string"},{"type":"null"}],"default":null},"filename":{"anyOf":[{"type":"string"},{"type":"null"}],"default":null},"caption":{"anyOf":[{"type":"string"},{"type":"null"}],"default":null}},"required":["to"],"type":"object"},"outputSchema":{"additionalProperties":true,"type":"object"},"_meta":{"_fastmcp":{"tags":[]}}},{"name":"send_whatsapp_image","inputSchema":{"properties":{"to":{"type":"string"},"media_id":{"anyOf":[{"type":"string"},{"type":"null"}],"default":null},"link":{"anyOf":[{"type":"string"},{"type":"null"}],"default":null},"caption":{"anyOf":[{"type":"string"},{"type":"null"}],"default":null}},"required":["to"],"type":"object"},"outputSchema":{"additionalProperties":true,"type":"object"},"_meta":{"_fastmcp":{"tags":[]}}},{"name":"send_whatsapp_flow","inputSchema":{"properties":{"to":{"type":"string"},"flow_id":{"type":"string"},"body_text":{"type":"string"},"cta_text":{"type":"string"},"flow_token":{"type":"string"},"start_screen":{"type":"string"}},"required":["to","flow_id","body_text","cta_text","flow_token","start_screen"],"type":"object"},"outputSchema":{"additionalProperties":true,"type":"object"},"_meta":{"_fastmcp":{"tags":[]}}}]}}\r\n\r\n'
2026-01-19 15:44:42,713 - DEBUG - Got event: http.disconnect. Stop streaming.
2026-01-19 15:44:42,717 - DEBUG - Session already exists, handling request directly
2026-01-19 15:44:42,717 - INFO - Terminating session: a1962f14290c4b04956c1741f3a35928
2026-01-19 15:44:42,717 - DEBUG - Closing standalone SSE writer
2026-01-19 15:44:42,718 - DEBUG - Got event: http.disconnect. Stop streaming.
2026-01-19 15:44:42,894 - DEBUG - >>> None: [b'MULTI']
2026-01-19 15:44:42,894 - DEBUG - >>> None: [b'ZREMRANGEBYSCORE', b'fastmcp:workers', b'0', b'1768817672.893204']
2026-01-19 15:44:42,894 - DEBUG - >>> None: [b'ZADD', b'fastmcp:workers', b'1768817682.893204', b'DESKTOP-EP5TI1Q#20692']
2026-01-19 15:44:42,894 - DEBUG - >>> None: [b'ZREMRANGEBYSCORE', b'fastmcp:task-workers:trace', b'0', b'1768817672.893204']
2026-01-19 15:44:42,895 - DEBUG - >>> None: [b'ZADD', b'fastmcp:task-workers:trace', b'1768817682.893204', b'DESKTOP-EP5TI1Q#20692']
2026-01-19 15:44:42,895 - DEBUG - >>> None: [b'ZREMRANGEBYSCORE', b'fastmcp:task-workers:fail', b'0', b'1768817672.893204']
2026-01-19 15:44:42,895 - DEBUG - >>> None: [b'ZADD', b'fastmcp:task-workers:fail', b'1768817682.893204', b'DESKTOP-EP5TI1Q#20692']
2026-01-19 15:44:42,895 - DEBUG - >>> None: [b'ZREMRANGEBYSCORE', b'fastmcp:task-workers:sleep', b'0', b'1768817672.893204']
2026-01-19 15:44:42,895 - DEBUG - >>> None: [b'ZADD', b'fastmcp:task-workers:sleep', b'1768817682.893204', b'DESKTOP-EP5TI1Q#20692']
2026-01-19 15:44:42,895 - DEBUG - >>> None: [b'SADD', b'fastmcp:worker-tasks:DESKTOP-EP5TI1Q#20692', b'trace', b'fail', b'sleep']
2026-01-19 15:44:42,895 - DEBUG - >>> None: [b'EXPIRE', b'fastmcp:worker-tasks:DESKTOP-EP5TI1Q#20692', b'10']
2026-01-19 15:44:42,895 - DEBUG - >>> None: [b'EXEC']
2026-01-19 15:44:42,897 - DEBUG - >>> None: [b'MULTI']
2026-01-19 15:44:42,897 - DEBUG - >>> None: [b'XLEN', b'fastmcp:stream']
2026-01-19 15:44:42,897 - DEBUG - >>> None: [b'ZCOUNT', b'fastmcp:queue', b'0', b'1768817682.893204']
2026-01-19 15:44:42,897 - DEBUG - >>> None: [b'ZCOUNT', b'fastmcp:queue', b'1768817682.893204', b'+inf']
2026-01-19 15:44:42,897 - DEBUG - >>> None: [b'EXEC']
2026-01-19 15:44:42,925 - DEBUG - Scheduling due tasks
2026-01-19 15:44:42,925 - DEBUG - >>> None: [b'EVALSHA', b'39773dffbc51ce836d528fa7bc63e81067cfaea6', b'2', b'fastmcp:queue', b'fastmcp:stream', b'1768817682.925423', b'fastmcp']
2026-01-19 15:44:42,926 - DEBUG - Getting redeliveries
2026-01-19 15:44:42,927 - DEBUG - >>> None: [b'XAUTOCLAIM', b'fastmcp:stream', b'docket-workers', b'DESKTOP-EP5TI1Q#20692', b'300000', b'0-0', b'COUNT', b'10']
2026-01-19 15:44:42,927 - DEBUG - Getting new deliveries
2026-01-19 15:44:42,927 - DEBUG - >>> None: [b'XREADGROUP', b'GROUP', b'docket-workers', b'DESKTOP-EP5TI1Q#20692', b'COUNT', b'10', b'BLOCK', b'0', b'STREAMS', b'fastmcp:stream', b'>']
2026-01-19 15:44:43,189 - DEBUG - Scheduling due tasks
2026-01-19 15:44:43,194 - DEBUG - >>> None: [b'EVALSHA', b'39773dffbc51ce836d528fa7bc63e81067cfaea6', b'2', b'fastmcp:queue', b'fastmcp:stream', b'1768817683.194396', b'fastmcp']
2026-01-19 15:44:43,195 - DEBUG - Getting redeliveries
2026-01-19 15:44:43,195 - DEBUG - >>> None: [b'XAUTOCLAIM', b'fastmcp:stream', b'docket-workers', b'DESKTOP-EP5TI1Q#20692', b'300000', b'0-0', b'COUNT', b'10']
2026-01-19 15:44:43,195 - DEBUG - Getting new deliveries
2026-01-19 15:44:43,196 - DEBUG - >>> None: [b'XREADGROUP', b'GROUP', b'docket-workers', b'DESKTOP-EP5TI1Q#20692', b'COUNT', b'10', b'BLOCK', b'0', b'STREAMS', b'fastmcp:stream', b'>']
2026-01-19 15:44:43,458 - DEBUG - Scheduling due tasks
2026-01-19 15:44:43,459 - DEBUG - >>> None: [b'EVALSHA', b'39773dffbc51ce836d528fa7bc63e81067cfaea6', b'2', b'fastmcp:queue', b'fastmcp:stream', b'1768817683.458523', b'fastmcp']
2026-01-19 15:44:43,460 - DEBUG - Getting redeliveries
2026-01-19 15:44:43,460 - DEBUG - >>> None: [b'XAUTOCLAIM', b'fastmcp:stream', b'docket-workers', b'DESKTOP-EP5TI1Q#20692', b'300000', b'0-0', b'COUNT', b'10']
2026-01-19 15:44:43,460 - DEBUG - Getting new deliveries
2026-01-19 15:44:43,460 - DEBUG - >>> None: [b'XREADGROUP', b'GROUP', b'docket-workers', b'DESKTOP-EP5TI1Q#20692', b'COUNT', b'10', b'BLOCK', b'0', b'STREAMS', b'fastmcp:stream', b'>']
2026-01-19 15:44:43,715 - DEBUG - Scheduling due tasks
2026-01-19 15:44:43,715 - DEBUG - >>> None: [b'EVALSHA', b'39773dffbc51ce836d528fa7bc63e81067cfaea6', b'2', b'fastmcp:queue', b'fastmcp:stream', b'1768817683.715628', b'fastmcp']
2026-01-19 15:44:43,716 - DEBUG - Getting redeliveries
2026-01-19 15:44:43,717 - DEBUG - >>> None: [b'XAUTOCLAIM', b'fastmcp:stream', b'docket-workers', b'DESKTOP-EP5TI1Q#20692', b'300000', b'0-0', b'COUNT', b'10']
2026-01-19 15:44:43,717 - DEBUG - Getting new deliveries
2026-01-19 15:44:43,717 - DEBUG - >>> None: [b'XREADGROUP', b'GROUP', b'docket-workers', b'DESKTOP-EP5TI1Q#20692', b'COUNT', b'10', b'BLOCK', b'0', b'STREAMS', b'fastmcp:stream', b'>']
2026-01-19 15:44:43,969 - DEBUG - Scheduling due tasks
2026-01-19 15:44:43,969 - DEBUG - >>> None: [b'EVALSHA', b'39773dffbc51ce836d528fa7bc63e81067cfaea6', b'2', b'fastmcp:queue', b'fastmcp:stream', b'1768817683.969566', b'fastmcp']
2026-01-19 15:44:43,970 - DEBUG - Getting redeliveries
2026-01-19 15:44:43,970 - DEBUG - >>> None: [b'XAUTOCLAIM', b'fastmcp:stream', b'docket-workers', b'DESKTOP-EP5TI1Q#20692', b'300000', b'0-0', b'COUNT', b'10']
2026-01-19 15:44:43,970 - DEBUG - Getting new deliveries
2026-01-19 15:44:43,970 - DEBUG - >>> None: [b'XREADGROUP', b'GROUP', b'docket-workers', b'DESKTOP-EP5TI1Q#20692', b'COUNT', b'10', b'BLOCK', b'0', b'STREAMS', b'fastmcp:stream', b'>']
2026-01-19 15:44:44,232 - DEBUG - Scheduling due tasks
2026-01-19 15:44:44,233 - DEBUG - >>> None: [b'EVALSHA', b'39773dffbc51ce836d528fa7bc63e81067cfaea6', b'2', b'fastmcp:queue', b'fastmcp:stream', b'1768817684.232897', b'fastmcp']
2026-01-19 15:44:44,233 - DEBUG - Getting redeliveries
2026-01-19 15:44:44,233 - DEBUG - >>> None: [b'XAUTOCLAIM', b'fastmcp:stream', b'docket-workers', b'DESKTOP-EP5TI1Q#20692', b'300000', b'0-0', b'COUNT', b'10']
2026-01-19 15:44:44,233 - DEBUG - Getting new deliveries
2026-01-19 15:44:44,233 - DEBUG - >>> None: [b'XREADGROUP', b'GROUP', b'docket-workers', b'DESKTOP-EP5TI1Q#20692', b'COUNT', b'10', b'BLOCK', b'0', b'STREAMS', b'fastmcp:stream', b'>']
2026-01-19 15:44:44,498 - DEBUG - Scheduling due tasks
2026-01-19 15:44:44,499 - DEBUG - >>> None: [b'EVALSHA', b'39773dffbc51ce836d528fa7bc63e81067cfaea6', b'2', b'fastmcp:queue', b'fastmcp:stream', b'1768817684.499132', b'fastmcp']
2026-01-19 15:44:44,499 - DEBUG - Getting redeliveries
2026-01-19 15:44:44,499 - DEBUG - >>> None: [b'XAUTOCLAIM', b'fastmcp:stream', b'docket-workers', b'DESKTOP-EP5TI1Q#20692', b'300000', b'0-0', b'COUNT', b'10']
2026-01-19 15:44:44,500 - DEBUG - Getting new deliveries
2026-01-19 15:44:44,500 - DEBUG - >>> None: [b'XREADGROUP', b'GROUP', b'docket-workers', b'DESKTOP-EP5TI1Q#20692', b'COUNT', b'10', b'BLOCK', b'0', b'STREAMS', b'fastmcp:stream', b'>']
2026-01-19 15:44:44,756 - DEBUG - Scheduling due tasks
2026-01-19 15:44:44,757 - DEBUG - >>> None: [b'EVALSHA', b'39773dffbc51ce836d528fa7bc63e81067cfaea6', b'2', b'fastmcp:queue', b'fastmcp:stream', b'1768817684.756813', b'fastmcp']
2026-01-19 15:44:44,757 - DEBUG - Getting redeliveries
2026-01-19 15:44:44,758 - DEBUG - >>> None: [b'XAUTOCLAIM', b'fastmcp:stream', b'docket-workers', b'DESKTOP-EP5TI1Q#20692', b'300000', b'0-0', b'COUNT', b'10']
2026-01-19 15:44:44,758 - DEBUG - Getting new deliveries
2026-01-19 15:44:44,758 - DEBUG - >>> None: [b'XREADGROUP', b'GROUP', b'docket-workers', b'DESKTOP-EP5TI1Q#20692', b'COUNT', b'10', b'BLOCK', b'0', b'STREAMS', b'fastmcp:stream', b'>']
2026-01-19 15:44:44,928 - DEBUG - >>> None: [b'MULTI']
2026-01-19 15:44:44,928 - DEBUG - >>> None: [b'ZREMRANGEBYSCORE', b'fastmcp:workers', b'0', b'1768817674.927669']
2026-01-19 15:44:44,928 - DEBUG - >>> None: [b'ZADD', b'fastmcp:workers', b'1768817684.927669', b'DESKTOP-EP5TI1Q#20692']
2026-01-19 15:44:44,928 - DEBUG - >>> None: [b'ZREMRANGEBYSCORE', b'fastmcp:task-workers:trace', b'0', b'1768817674.927669']
2026-01-19 15:44:44,928 - DEBUG - >>> None: [b'ZADD', b'fastmcp:task-workers:trace', b'1768817684.927669', b'DESKTOP-EP5TI1Q#20692']
2026-01-19 15:44:44,928 - DEBUG - >>> None: [b'ZREMRANGEBYSCORE', b'fastmcp:task-workers:fail', b'0', b'1768817674.927669']
2026-01-19 15:44:44,928 - DEBUG - >>> None: [b'ZADD', b'fastmcp:task-workers:fail', b'1768817684.927669', b'DESKTOP-EP5TI1Q#20692']
2026-01-19 15:44:44,928 - DEBUG - >>> None: [b'ZREMRANGEBYSCORE', b'fastmcp:task-workers:sleep', b'0', b'1768817674.927669']
2026-01-19 15:44:44,928 - DEBUG - >>> None: [b'ZADD', b'fastmcp:task-workers:sleep', b'1768817684.927669', b'DESKTOP-EP5TI1Q#20692']
2026-01-19 15:44:44,928 - DEBUG - >>> None: [b'SADD', b'fastmcp:worker-tasks:DESKTOP-EP5TI1Q#20692', b'trace', b'fail', b'sleep']
2026-01-19 15:44:44,928 - DEBUG - >>> None: [b'EXPIRE', b'fastmcp:worker-tasks:DESKTOP-EP5TI1Q#20692', b'10']
2026-01-19 15:44:44,928 - DEBUG - >>> None: [b'EXEC']
2026-01-19 15:44:44,929 - DEBUG - >>> None: [b'MULTI']
2026-01-19 15:44:44,929 - DEBUG - >>> None: [b'XLEN', b'fastmcp:stream']
2026-01-19 15:44:44,929 - DEBUG - >>> None: [b'ZCOUNT', b'fastmcp:queue', b'0', b'1768817684.927669']
2026-01-19 15:44:44,929 - DEBUG - >>> None: [b'ZCOUNT', b'fastmcp:queue', b'1768817684.927669', b'+inf']
2026-01-19 15:44:44,929 - DEBUG - >>> None: [b'EXEC']
2026-01-19 15:44:45,021 - DEBUG - Scheduling due tasks
2026-01-19 15:44:45,022 - DEBUG - >>> None: [b'EVALSHA', b'39773dffbc51ce836d528fa7bc63e81067cfaea6', b'2', b'fastmcp:queue', b'fastmcp:stream', b'1768817685.021894', b'fastmcp']
2026-01-19 15:44:45,022 - DEBUG - Getting redeliveries
2026-01-19 15:44:45,023 - DEBUG - >>> None: [b'XAUTOCLAIM', b'fastmcp:stream', b'docket-workers', b'DESKTOP-EP5TI1Q#20692', b'300000', b'0-0', b'COUNT', b'10']
2026-01-19 15:44:45,023 - DEBUG - Getting new deliveries
2026-01-19 15:44:45,023 - DEBUG - >>> None: [b'XREADGROUP', b'GROUP', b'docket-workers', b'DESKTOP-EP5TI1Q#20692', b'COUNT', b'10', b'BLOCK', b'0', b'STREAMS', b'fastmcp:stream', b'>']
2026-01-19 15:44:45,276 - DEBUG - Scheduling due tasks
2026-01-19 15:44:45,276 - DEBUG - >>> None: [b'EVALSHA', b'39773dffbc51ce836d528fa7bc63e81067cfaea6', b'2', b'fastmcp:queue', b'fastmcp:stream', b'1768817685.27629', b'fastmcp']
2026-01-19 15:44:45,277 - DEBUG - Getting redeliveries
2026-01-19 15:44:45,277 - DEBUG - >>> None: [b'XAUTOCLAIM', b'fastmcp:stream', b'docket-workers', b'DESKTOP-EP5TI1Q#20692', b'300000', b'0-0', b'COUNT', b'10']
2026-01-19 15:44:45,277 - DEBUG - Getting new deliveries
2026-01-19 15:44:45,277 - DEBUG - >>> None: [b'XREADGROUP', b'GROUP', b'docket-workers', b'DESKTOP-EP5TI1Q#20692', b'COUNT', b'10', b'BLOCK', b'0', b'STREAMS', b'fastmcp:stream', b'>']
2026-01-19 15:44:45,539 - DEBUG - Scheduling due tasks
2026-01-19 15:44:45,539 - DEBUG - >>> None: [b'EVALSHA', b'39773dffbc51ce836d528fa7bc63e81067cfaea6', b'2', b'fastmcp:queue', b'fastmcp:stream', b'1768817685.539313', b'fastmcp']
2026-01-19 15:44:45,539 - DEBUG - Getting redeliveries
2026-01-19 15:44:45,540 - DEBUG - >>> None: [b'XAUTOCLAIM', b'fastmcp:stream', b'docket-workers', b'DESKTOP-EP5TI1Q#20692', b'300000', b'0-0', b'COUNT', b'10']
2026-01-19 15:44:45,540 - DEBUG - Getting new deliveries
2026-01-19 15:44:45,540 - DEBUG - >>> None: [b'XREADGROUP', b'GROUP', b'docket-workers', b'DESKTOP-EP5TI1Q#20692', b'COUNT', b'10', b'BLOCK', b'0', b'STREAMS', b'fastmcp:stream', b'>']
2026-01-19 15:44:45,792 - DEBUG - Scheduling due tasks
2026-01-19 15:44:45,793 - DEBUG - >>> None: [b'EVALSHA', b'39773dffbc51ce836d528fa7bc63e81067cfaea6', b'2', b'fastmcp:queue', b'fastmcp:stream', b'1768817685.792969', b'fastmcp']
2026-01-19 15:44:45,794 - DEBUG - Getting redeliveries
2026-01-19 15:44:45,794 - DEBUG - >>> None: [b'XAUTOCLAIM', b'fastmcp:stream', b'docket-workers', b'DESKTOP-EP5TI1Q#20692', b'300000', b'0-0', b'COUNT', b'10']
2026-01-19 15:44:45,794 - DEBUG - Getting new deliveries
2026-01-19 15:44:45,794 - DEBUG - >>> None: [b'XREADGROUP', b'GROUP', b'docket-workers', b'DESKTOP-EP5TI1Q#20692', b'COUNT', b'10', b'BLOCK', b'0', b'STREAMS', b'fastmcp:stream', b'>']
2026-01-19 15:44:46,053 - DEBUG - Scheduling due tasks
2026-01-19 15:44:46,053 - DEBUG - >>> None: [b'EVALSHA', b'39773dffbc51ce836d528fa7bc63e81067cfaea6', b'2', b'fastmcp:queue', b'fastmcp:stream', b'1768817686.053193', b'fastmcp']
2026-01-19 15:44:46,053 - DEBUG - Getting redeliveries
2026-01-19 15:44:46,053 - DEBUG - >>> None: [b'XAUTOCLAIM', b'fastmcp:stream', b'docket-workers', b'DESKTOP-EP5TI1Q#20692', b'300000', b'0-0', b'COUNT', b'10']
2026-01-19 15:44:46,054 - DEBUG - Getting new deliveries
2026-01-19 15:44:46,054 - DEBUG - >>> None: [b'XREADGROUP', b'GROUP', b'docket-workers', b'DESKTOP-EP5TI1Q#20692', b'COUNT', b'10', b'BLOCK', b'0', b'STREAMS', b'fastmcp:stream', b'>']
2026-01-19 15:44:46,140 - DEBUG - Creating new transport
2026-01-19 15:44:46,140 - INFO - Created new transport with session ID: 9526f73913aa4888bb90d0ff6b83c1e9
2026-01-19 15:44:46,143 - DEBUG - Closing SSE writer
2026-01-19 15:44:46,143 - DEBUG - chunk: b'event: message\r\ndata: {"jsonrpc":"2.0","id":0,"result":{"protocolVersion":"2025-11-25","capabilities":{"experimental":{},"prompts":{"listChanged":true},"resources":{"subscribe":false,"listChanged":true},"tools":{"listChanged":true}},"serverInfo":{"name":"whatsapp-mcp-server","version":"2.14.3"}}}\r\n\r\n'
2026-01-19 15:44:46,144 - DEBUG - Got event: http.disconnect. Stop streaming.
2026-01-19 15:44:46,147 - DEBUG - Session already exists, handling request directly
2026-01-19 15:44:46,148 - DEBUG - Session already exists, handling request directly
2026-01-19 15:44:46,151 - DEBUG - Session already exists, handling request directly
2026-01-19 15:44:46,153 - INFO - Processing request of type CallToolRequest
2026-01-19 15:44:46,153 - DEBUG - Dispatching request of type CallToolRequest
2026-01-19 15:44:46,153 - DEBUG - get_whatsapp_client - session_id: default
2026-01-19 15:44:46,153 - DEBUG - get_whatsapp_client - creds found: False
2026-01-19 15:44:46,190 - DEBUG - Response sent
2026-01-19 15:44:46,190 - DEBUG - Closing SSE writer
2026-01-19 15:44:46,191 - DEBUG - chunk: b'event: message\r\ndata: {"jsonrpc":"2.0","id":1,"result":{"content":[{"type":"text","text":"Error calling tool \'send_whatsapp_text_message\': WhatsApp credentials missing"}],"isError":true}}\r\n\r\n'
2026-01-19 15:44:46,191 - DEBUG - Got event: http.disconnect. Stop streaming.
2026-01-19 15:44:46,195 - DEBUG - Session already exists, handling request directly
2026-01-19 15:44:46,195 - INFO - Terminating session: 9526f73913aa4888bb90d0ff6b83c1e9
2026-01-19 15:44:46,196 - DEBUG - Closing standalone SSE writer
2026-01-19 15:44:46,197 - DEBUG - Got event: http.disconnect. Stop streaming.
2026-01-19 15:44:46,318 - DEBUG - Scheduling due tasks
2026-01-19 15:44:46,318 - DEBUG - >>> None: [b'EVALSHA', b'39773dffbc51ce836d528fa7bc63e81067cfaea6', b'2', b'fastmcp:queue', b'fastmcp:stream', b'1768817686.318709', b'fastmcp']
2026-01-19 15:44:46,319 - DEBUG - Getting redeliveries
2026-01-19 15:44:46,320 - DEBUG - >>> None: [b'XAUTOCLAIM', b'fastmcp:stream', b'docket-workers', b'DESKTOP-EP5TI1Q#20692', b'300000', b'0-0', b'COUNT', b'10']
2026-01-19 15:44:46,320 - DEBUG - Getting new deliveries
2026-01-19 15:44:46,320 - DEBUG - >>> None: [b'XREADGROUP', b'GROUP', b'docket-workers', b'DESKTOP-EP5TI1Q#20692', b'COUNT', b'10', b'BLOCK', b'0', b'STREAMS', b'fastmcp:stream', b'>']
2026-01-19 15:44:46,576 - DEBUG - Scheduling due tasks
2026-01-19 15:44:46,577 - DEBUG - >>> None: [b'EVALSHA', b'39773dffbc51ce836d528fa7bc63e81067cfaea6', b'2', b'fastmcp:queue', b'fastmcp:stream', b'1768817686.576671', b'fastmcp']
2026-01-19 15:44:46,578 - DEBUG - Getting redeliveries
2026-01-19 15:44:46,578 - DEBUG - >>> None: [b'XAUTOCLAIM', b'fastmcp:stream', b'docket-workers', b'DESKTOP-EP5TI1Q#20692', b'300000', b'0-0', b'COUNT', b'10']
2026-01-19 15:44:46,579 - DEBUG - Getting new deliveries
2026-01-19 15:44:46,579 - DEBUG - >>> None: [b'XREADGROUP', b'GROUP', b'docket-workers', b'DESKTOP-EP5TI1Q#20692', b'COUNT', b'10', b'BLOCK', b'0', b'STREAMS', b'fastmcp:stream', b'>']
2026-01-19 15:44:46,830 - DEBUG - Scheduling due tasks
2026-01-19 15:44:46,830 - DEBUG - >>> None: [b'EVALSHA', b'39773dffbc51ce836d528fa7bc63e81067cfaea6', b'2', b'fastmcp:queue', b'fastmcp:stream', b'1768817686.830817', b'fastmcp']
2026-01-19 15:44:46,831 - DEBUG - Getting redeliveries
2026-01-19 15:44:46,831 - DEBUG - >>> None: [b'XAUTOCLAIM', b'fastmcp:stream', b'docket-workers', b'DESKTOP-EP5TI1Q#20692', b'300000', b'0-0', b'COUNT', b'10']
2026-01-19 15:44:46,832 - DEBUG - Getting new deliveries
2026-01-19 15:44:46,832 - DEBUG - >>> None: [b'XREADGROUP', b'GROUP', b'docket-workers', b'DESKTOP-EP5TI1Q#20692', b'COUNT', b'10', b'BLOCK', b'0', b'STREAMS', b'fastmcp:stream', b'>']
2026-01-19 15:44:46,932 - DEBUG - >>> None: [b'MULTI']
2026-01-19 15:44:46,933 - DEBUG - >>> None: [b'ZREMRANGEBYSCORE', b'fastmcp:workers', b'0', b'1768817676.932161']
2026-01-19 15:44:46,933 - DEBUG - >>> None: [b'ZADD', b'fastmcp:workers', b'1768817686.932161', b'DESKTOP-EP5TI1Q#20692']
2026-01-19 15:44:46,933 - DEBUG - >>> None: [b'ZREMRANGEBYSCORE', b'fastmcp:task-workers:trace', b'0', b'1768817676.932161']
2026-01-19 15:44:46,933 - DEBUG - >>> None: [b'ZADD', b'fastmcp:task-workers:trace', b'1768817686.932161', b'DESKTOP-EP5TI1Q#20692']
2026-01-19 15:44:46,933 - DEBUG - >>> None: [b'ZREMRANGEBYSCORE', b'fastmcp:task-workers:fail', b'0', b'1768817676.932161']
2026-01-19 15:44:46,933 - DEBUG - >>> None: [b'ZADD', b'fastmcp:task-workers:fail', b'1768817686.932161', b'DESKTOP-EP5TI1Q#20692']
2026-01-19 15:44:46,933 - DEBUG - >>> None: [b'ZREMRANGEBYSCORE', b'fastmcp:task-workers:sleep', b'0', b'1768817676.932161']
2026-01-19 15:44:46,933 - DEBUG - >>> None: [b'ZADD', b'fastmcp:task-workers:sleep', b'1768817686.932161', b'DESKTOP-EP5TI1Q#20692']
2026-01-19 15:44:46,934 - DEBUG - >>> None: [b'SADD', b'fastmcp:worker-tasks:DESKTOP-EP5TI1Q#20692', b'trace', b'fail', b'sleep']
2026-01-19 15:44:46,934 - DEBUG - >>> None: [b'EXPIRE', b'fastmcp:worker-tasks:DESKTOP-EP5TI1Q#20692', b'10']
2026-01-19 15:44:46,934 - DEBUG - >>> None: [b'EXEC']
2026-01-19 15:44:46,935 - DEBUG - >>> None: [b'MULTI']
2026-01-19 15:44:46,935 - DEBUG - >>> None: [b'XLEN', b'fastmcp:stream']
2026-01-19 15:44:46,935 - DEBUG - >>> None: [b'ZCOUNT', b'fastmcp:queue', b'0', b'1768817686.932161']
2026-01-19 15:44:46,935 - DEBUG - >>> None: [b'ZCOUNT', b'fastmcp:queue', b'1768817686.932161', b'+inf']
2026-01-19 15:44:46,935 - DEBUG - >>> None: [b'EXEC']
2026-01-19 15:44:47,093 - DEBUG - Scheduling due tasks
2026-01-19 15:44:47,098 - DEBUG - >>> None: [b'EVALSHA', b'39773dffbc51ce836d528fa7bc63e81067cfaea6', b'2', b'fastmcp:queue', b'fastmcp:stream', b'1768817687.09757', b'fastmcp']
2026-01-19 15:44:47,099 - DEBUG - Getting redeliveries
2026-01-19 15:44:47,100 - DEBUG - >>> None: [b'XAUTOCLAIM', b'fastmcp:stream', b'docket-workers', b'DESKTOP-EP5TI1Q#20692', b'300000', b'0-0', b'COUNT', b'10']
2026-01-19 15:44:47,100 - DEBUG - Getting new deliveries
2026-01-19 15:44:47,100 - DEBUG - >>> None: [b'XREADGROUP', b'GROUP', b'docket-workers', b'DESKTOP-EP5TI1Q#20692', b'COUNT', b'10', b'BLOCK', b'0', b'STREAMS', b'fastmcp:stream', b'>']
2026-01-19 15:44:47,361 - DEBUG - Scheduling due tasks
2026-01-19 15:44:47,361 - DEBUG - >>> None: [b'EVALSHA', b'39773dffbc51ce836d528fa7bc63e81067cfaea6', b'2', b'fastmcp:queue', b'fastmcp:stream', b'1768817687.361413', b'fastmcp']
2026-01-19 15:44:47,362 - DEBUG - Getting redeliveries
2026-01-19 15:44:47,362 - DEBUG - >>> None: [b'XAUTOCLAIM', b'fastmcp:stream', b'docket-workers', b'DESKTOP-EP5TI1Q#20692', b'300000', b'0-0', b'COUNT', b'10']
2026-01-19 15:44:47,363 - DEBUG - Getting new deliveries
2026-01-19 15:44:47,363 - DEBUG - >>> None: [b'XREADGROUP', b'GROUP', b'docket-workers', b'DESKTOP-EP5TI1Q#20692', b'COUNT', b'10', b'BLOCK', b'0', b'STREAMS', b'fastmcp:stream', b'>']
2026-01-19 15:44:47,625 - DEBUG - Scheduling due tasks
2026-01-19 15:44:47,625 - DEBUG - >>> None: [b'EVALSHA', b'39773dffbc51ce836d528fa7bc63e81067cfaea6', b'2', b'fastmcp:queue', b'fastmcp:stream', b'1768817687.625687', b'fastmcp']
2026-01-19 15:44:47,626 - DEBUG - Getting redeliveries
2026-01-19 15:44:47,627 - DEBUG - >>> None: [b'XAUTOCLAIM', b'fastmcp:stream', b'docket-workers', b'DESKTOP-EP5TI1Q#20692', b'300000', b'0-0', b'COUNT', b'10']
2026-01-19 15:44:47,627 - DEBUG - Getting new deliveries
2026-01-19 15:44:47,627 - DEBUG - >>> None: [b'XREADGROUP', b'GROUP', b'docket-workers', b'DESKTOP-EP5TI1Q#20692', b'COUNT', b'10', b'BLOCK', b'0', b'STREAMS', b'fastmcp:stream', b'>']
2026-01-19 15:44:47,887 - DEBUG - Scheduling due tasks
2026-01-19 15:44:47,887 - DEBUG - >>> None: [b'EVALSHA', b'39773dffbc51ce836d528fa7bc63e81067cfaea6', b'2', b'fastmcp:queue', b'fastmcp:stream', b'1768817687.887618', b'fastmcp']
2026-01-19 15:44:47,888 - DEBUG - Getting redeliveries
2026-01-19 15:44:47,888 - DEBUG - >>> None: [b'XAUTOCLAIM', b'fastmcp:stream', b'docket-workers', b'DESKTOP-EP5TI1Q#20692', b'300000', b'0-0', b'COUNT', b'10']
2026-01-19 15:44:47,889 - DEBUG - Getting new deliveries
2026-01-19 15:44:47,889 - DEBUG - >>> None: [b'XREADGROUP', b'GROUP', b'docket-workers', b'DESKTOP-EP5TI1Q#20692', b'COUNT', b'10', b'BLOCK', b'0', b'STREAMS', b'fastmcp:stream', b'>']
2026-01-19 15:44:48,142 - DEBUG - Scheduling due tasks
2026-01-19 15:44:48,142 - DEBUG - >>> None: [b'EVALSHA', b'39773dffbc51ce836d528fa7bc63e81067cfaea6', b'2', b'fastmcp:queue', b'fastmcp:stream', b'1768817688.142608', b'fastmcp']
2026-01-19 15:44:48,143 - DEBUG - Getting redeliveries
2026-01-19 15:44:48,143 - DEBUG - >>> None: [b'XAUTOCLAIM', b'fastmcp:stream', b'docket-workers', b'DESKTOP-EP5TI1Q#20692', b'300000', b'0-0', b'COUNT', b'10']
2026-01-19 15:44:48,143 - DEBUG - Getting new deliveries
2026-01-19 15:44:48,144 - DEBUG - >>> None: [b'XREADGROUP', b'GROUP', b'docket-workers', b'DESKTOP-EP5TI1Q#20692', b'COUNT', b'10', b'BLOCK', b'0', b'STREAMS', b'fastmcp:stream', b'>']
2026-01-19 15:44:48,408 - DEBUG - Scheduling due tasks
2026-01-19 15:44:48,409 - DEBUG - >>> None: [b'EVALSHA', b'39773dffbc51ce836d528fa7bc63e81067cfaea6', b'2', b'fastmcp:queue', b'fastmcp:stream', b'1768817688.408946', b'fastmcp']
2026-01-19 15:44:48,409 - DEBUG - Getting redeliveries
2026-01-19 15:44:48,410 - DEBUG - >>> None: [b'XAUTOCLAIM', b'fastmcp:stream', b'docket-workers', b'DESKTOP-EP5TI1Q#20692', b'300000', b'0-0', b'COUNT', b'10']
2026-01-19 15:44:48,410 - DEBUG - Getting new deliveries
2026-01-19 15:44:48,410 - DEBUG - >>> None: [b'XREADGROUP', b'GROUP', b'docket-workers', b'DESKTOP-EP5TI1Q#20692', b'COUNT', b'10', b'BLOCK', b'0', b'STREAMS', b'fastmcp:stream', b'>']
2026-01-19 15:44:48,660 - DEBUG - Scheduling due tasks
2026-01-19 15:44:48,660 - DEBUG - >>> None: [b'EVALSHA', b'39773dffbc51ce836d528fa7bc63e81067cfaea6', b'2', b'fastmcp:queue', b'fastmcp:stream', b'1768817688.660528', b'fastmcp']
2026-01-19 15:44:48,661 - DEBUG - Getting redeliveries
2026-01-19 15:44:48,662 - DEBUG - >>> None: [b'XAUTOCLAIM', b'fastmcp:stream', b'docket-workers', b'DESKTOP-EP5TI1Q#20692', b'300000', b'0-0', b'COUNT', b'10']
2026-01-19 15:44:48,662 - DEBUG - Getting new deliveries
2026-01-19 15:44:48,662 - DEBUG - >>> None: [b'XREADGROUP', b'GROUP', b'docket-workers', b'DESKTOP-EP5TI1Q#20692', b'COUNT', b'10', b'BLOCK', b'0', b'STREAMS', b'fastmcp:stream', b'>']
2026-01-19 15:44:48,924 - DEBUG - Scheduling due tasks
2026-01-19 15:44:48,924 - DEBUG - >>> None: [b'EVALSHA', b'39773dffbc51ce836d528fa7bc63e81067cfaea6', b'2', b'fastmcp:queue', b'fastmcp:stream', b'1768817688.924768', b'fastmcp']
2026-01-19 15:44:48,925 - DEBUG - Getting redeliveries
2026-01-19 15:44:48,925 - DEBUG - >>> None: [b'XAUTOCLAIM', b'fastmcp:stream', b'docket-workers', b'DESKTOP-EP5TI1Q#20692', b'300000', b'0-0', b'COUNT', b'10']
2026-01-19 15:44:48,926 - DEBUG - Getting new deliveries
2026-01-19 15:44:48,926 - DEBUG - >>> None: [b'XREADGROUP', b'GROUP', b'docket-workers', b'DESKTOP-EP5TI1Q#20692', b'COUNT', b'10', b'BLOCK', b'0', b'STREAMS', b'fastmcp:stream', b'>']
2026-01-19 15:44:48,940 - DEBUG - >>> None: [b'MULTI']
2026-01-19 15:44:48,941 - DEBUG - >>> None: [b'ZREMRANGEBYSCORE', b'fastmcp:workers', b'0', b'1768817678.93996']
2026-01-19 15:44:48,941 - DEBUG - >>> None: [b'ZADD', b'fastmcp:workers', b'1768817688.93996', b'DESKTOP-EP5TI1Q#20692']
2026-01-19 15:44:48,941 - DEBUG - >>> None: [b'ZREMRANGEBYSCORE', b'fastmcp:task-workers:trace', b'0', b'1768817678.93996']
2026-01-19 15:44:48,941 - DEBUG - >>> None: [b'ZADD', b'fastmcp:task-workers:trace', b'1768817688.93996', b'DESKTOP-EP5TI1Q#20692']
2026-01-19 15:44:48,941 - DEBUG - >>> None: [b'ZREMRANGEBYSCORE', b'fastmcp:task-workers:fail', b'0', b'1768817678.93996']
2026-01-19 15:44:48,941 - DEBUG - >>> None: [b'ZADD', b'fastmcp:task-workers:fail', b'1768817688.93996', b'DESKTOP-EP5TI1Q#20692']
2026-01-19 15:44:48,941 - DEBUG - >>> None: [b'ZREMRANGEBYSCORE', b'fastmcp:task-workers:sleep', b'0', b'1768817678.93996']
2026-01-19 15:44:48,941 - DEBUG - >>> None: [b'ZADD', b'fastmcp:task-workers:sleep', b'1768817688.93996', b'DESKTOP-EP5TI1Q#20692']
2026-01-19 15:44:48,941 - DEBUG - >>> None: [b'SADD', b'fastmcp:worker-tasks:DESKTOP-EP5TI1Q#20692', b'trace', b'fail', b'sleep']
2026-01-19 15:44:48,942 - DEBUG - >>> None: [b'EXPIRE', b'fastmcp:worker-tasks:DESKTOP-EP5TI1Q#20692', b'10']
2026-01-19 15:44:48,942 - DEBUG - >>> None: [b'EXEC']
2026-01-19 15:44:48,944 - DEBUG - >>> None: [b'MULTI']
2026-01-19 15:44:48,944 - DEBUG - >>> None: [b'XLEN', b'fastmcp:stream']
2026-01-19 15:44:48,944 - DEBUG - >>> None: [b'ZCOUNT', b'fastmcp:queue', b'0', b'1768817688.93996']
2026-01-19 15:44:48,944 - DEBUG - >>> None: [b'ZCOUNT', b'fastmcp:queue', b'1768817688.93996', b'+inf']
2026-01-19 15:44:48,944 - DEBUG - >>> None: [b'EXEC']
2026-01-19 15:44:49,190 - DEBUG - Scheduling due tasks
2026-01-19 15:44:49,191 - DEBUG - >>> None: [b'EVALSHA', b'39773dffbc51ce836d528fa7bc63e81067cfaea6', b'2', b'fastmcp:queue', b'fastmcp:stream', b'1768817689.19102', b'fastmcp']
2026-01-19 15:44:49,191 - DEBUG - Getting redeliveries
2026-01-19 15:44:49,191 - DEBUG - >>> None: [b'XAUTOCLAIM', b'fastmcp:stream', b'docket-workers', b'DESKTOP-EP5TI1Q#20692', b'300000', b'0-0', b'COUNT', b'10']
2026-01-19 15:44:49,191 - DEBUG - Getting new deliveries
2026-01-19 15:44:49,192 - DEBUG - >>> None: [b'XREADGROUP', b'GROUP', b'docket-workers', b'DESKTOP-EP5TI1Q#20692', b'COUNT', b'10', b'BLOCK', b'0', b'STREAMS', b'fastmcp:stream', b'>']
2026-01-19 15:44:49,444 - DEBUG - Scheduling due tasks
2026-01-19 15:44:49,444 - DEBUG - >>> None: [b'EVALSHA', b'39773dffbc51ce836d528fa7bc63e81067cfaea6', b'2', b'fastmcp:queue', b'fastmcp:stream', b'1768817689.444656', b'fastmcp']
2026-01-19 15:44:49,445 - DEBUG - Getting redeliveries
2026-01-19 15:44:49,445 - DEBUG - >>> None: [b'XAUTOCLAIM', b'fastmcp:stream', b'docket-workers', b'DESKTOP-EP5TI1Q#20692', b'300000', b'0-0', b'COUNT', b'10']
2026-01-19 15:44:49,445 - DEBUG - Getting new deliveries
2026-01-19 15:44:49,445 - DEBUG - >>> None: [b'XREADGROUP', b'GROUP', b'docket-workers', b'DESKTOP-EP5TI1Q#20692', b'COUNT', b'10', b'BLOCK', b'0', b'STREAMS', b'fastmcp:stream', b'>']
2026-01-19 15:44:49,702 - DEBUG - Scheduling due tasks
2026-01-19 15:44:49,702 - DEBUG - >>> None: [b'EVALSHA', b'39773dffbc51ce836d528fa7bc63e81067cfaea6', b'2', b'fastmcp:queue', b'fastmcp:stream', b'1768817689.702481', b'fastmcp']
2026-01-19 15:44:49,703 - DEBUG - Getting redeliveries
2026-01-19 15:44:49,704 - DEBUG - >>> None: [b'XAUTOCLAIM', b'fastmcp:stream', b'docket-workers', b'DESKTOP-EP5TI1Q#20692', b'300000', b'0-0', b'COUNT', b'10']
2026-01-19 15:44:49,704 - DEBUG - Getting new deliveries
2026-01-19 15:44:49,704 - DEBUG - >>> None: [b'XREADGROUP', b'GROUP', b'docket-workers', b'DESKTOP-EP5TI1Q#20692', b'COUNT', b'10', b'BLOCK', b'0', b'STREAMS', b'fastmcp:stream', b'>']
2026-01-19 15:44:49,962 - DEBUG - Scheduling due tasks
2026-01-19 15:44:49,962 - DEBUG - >>> None: [b'EVALSHA', b'39773dffbc51ce836d528fa7bc63e81067cfaea6', b'2', b'fastmcp:queue', b'fastmcp:stream', b'1768817689.962557', b'fastmcp']
2026-01-19 15:44:49,963 - DEBUG - Getting redeliveries
2026-01-19 15:44:49,963 - DEBUG - >>> None: [b'XAUTOCLAIM', b'fastmcp:stream', b'docket-workers', b'DESKTOP-EP5TI1Q#20692', b'300000', b'0-0', b'COUNT', b'10']
2026-01-19 15:44:49,963 - DEBUG - Getting new deliveries
2026-01-19 15:44:49,963 - DEBUG - >>> None: [b'XREADGROUP', b'GROUP', b'docket-workers', b'DESKTOP-EP5TI1Q#20692', b'COUNT', b'10', b'BLOCK', b'0', b'STREAMS', b'fastmcp:stream', b'>']
2026-01-19 15:44:50,226 - DEBUG - Scheduling due tasks
2026-01-19 15:44:50,227 - DEBUG - >>> None: [b'EVALSHA', b'39773dffbc51ce836d528fa7bc63e81067cfaea6', b'2', b'fastmcp:queue', b'fastmcp:stream', b'1768817690.227179', b'fastmcp']
2026-01-19 15:44:50,229 - DEBUG - Getting redeliveries
2026-01-19 15:44:50,229 - DEBUG - >>> None: [b'XAUTOCLAIM', b'fastmcp:stream', b'docket-workers', b'DESKTOP-EP5TI1Q#20692', b'300000', b'0-0', b'COUNT', b'10']
2026-01-19 15:44:50,229 - DEBUG - Getting new deliveries
2026-01-19 15:44:50,229 - DEBUG - >>> None: [b'XREADGROUP', b'GROUP', b'docket-workers', b'DESKTOP-EP5TI1Q#20692', b'COUNT', b'10', b'BLOCK', b'0', b'STREAMS', b'fastmcp:stream', b'>']
2026-01-19 15:44:50,484 - DEBUG - Scheduling due tasks
2026-01-19 15:44:50,484 - DEBUG - >>> None: [b'EVALSHA', b'39773dffbc51ce836d528fa7bc63e81067cfaea6', b'2', b'fastmcp:queue', b'fastmcp:stream', b'1768817690.484342', b'fastmcp']
2026-01-19 15:44:50,485 - DEBUG - Getting redeliveries
2026-01-19 15:44:50,485 - DEBUG - >>> None: [b'XAUTOCLAIM', b'fastmcp:stream', b'docket-workers', b'DESKTOP-EP5TI1Q#20692', b'300000', b'0-0', b'COUNT', b'10']
2026-01-19 15:44:50,485 - DEBUG - Getting new deliveries
2026-01-19 15:44:50,486 - DEBUG - >>> None: [b'XREADGROUP', b'GROUP', b'docket-workers', b'DESKTOP-EP5TI1Q#20692', b'COUNT', b'10', b'BLOCK', b'0', b'STREAMS', b'fastmcp:stream', b'>']
2026-01-19 15:44:50,736 - DEBUG - Scheduling due tasks
2026-01-19 15:44:50,737 - DEBUG - >>> None: [b'EVALSHA', b'39773dffbc51ce836d528fa7bc63e81067cfaea6', b'2', b'fastmcp:queue', b'fastmcp:stream', b'1768817690.736722', b'fastmcp']
2026-01-19 15:44:50,738 - DEBUG - Getting redeliveries
2026-01-19 15:44:50,738 - DEBUG - >>> None: [b'XAUTOCLAIM', b'fastmcp:stream', b'docket-workers', b'DESKTOP-EP5TI1Q#20692', b'300000', b'0-0', b'COUNT', b'10']
2026-01-19 15:44:50,738 - DEBUG - Getting new deliveries
2026-01-19 15:44:50,739 - DEBUG - >>> None: [b'XREADGROUP', b'GROUP', b'docket-workers', b'DESKTOP-EP5TI1Q#20692', b'COUNT', b'10', b'BLOCK', b'0', b'STREAMS', b'fastmcp:stream', b'>']
2026-01-19 15:44:50,954 - DEBUG - >>> None: [b'MULTI']
2026-01-19 15:44:50,954 - DEBUG - >>> None: [b'ZREMRANGEBYSCORE', b'fastmcp:workers', b'0', b'1768817680.953272']
2026-01-19 15:44:50,954 - DEBUG - >>> None: [b'ZADD', b'fastmcp:workers', b'1768817690.953272', b'DESKTOP-EP5TI1Q#20692']
2026-01-19 15:44:50,954 - DEBUG - >>> None: [b'ZREMRANGEBYSCORE', b'fastmcp:task-workers:trace', b'0', b'1768817680.953272']
2026-01-19 15:44:50,955 - DEBUG - >>> None: [b'ZADD', b'fastmcp:task-workers:trace', b'1768817690.953272', b'DESKTOP-EP5TI1Q#20692']
2026-01-19 15:44:50,955 - DEBUG - >>> None: [b'ZREMRANGEBYSCORE', b'fastmcp:task-workers:fail', b'0', b'1768817680.953272']
2026-01-19 15:44:50,955 - DEBUG - >>> None: [b'ZADD', b'fastmcp:task-workers:fail', b'1768817690.953272', b'DESKTOP-EP5TI1Q#20692']
2026-01-19 15:44:50,955 - DEBUG - >>> None: [b'ZREMRANGEBYSCORE', b'fastmcp:task-workers:sleep', b'0', b'1768817680.953272']
2026-01-19 15:44:50,955 - DEBUG - >>> None: [b'ZADD', b'fastmcp:task-workers:sleep', b'1768817690.953272', b'DESKTOP-EP5TI1Q#20692']
2026-01-19 15:44:50,956 - DEBUG - >>> None: [b'SADD', b'fastmcp:worker-tasks:DESKTOP-EP5TI1Q#20692', b'trace', b'fail', b'sleep']
2026-01-19 15:44:50,956 - DEBUG - >>> None: [b'EXPIRE', b'fastmcp:worker-tasks:DESKTOP-EP5TI1Q#20692', b'10']
2026-01-19 15:44:50,956 - DEBUG - >>> None: [b'EXEC']
2026-01-19 15:44:50,957 - DEBUG - >>> None: [b'MULTI']
2026-01-19 15:44:50,958 - DEBUG - >>> None: [b'XLEN', b'fastmcp:stream']
2026-01-19 15:44:50,958 - DEBUG - >>> None: [b'ZCOUNT', b'fastmcp:queue', b'0', b'1768817690.953272']
2026-01-19 15:44:50,958 - DEBUG - >>> None: [b'ZCOUNT', b'fastmcp:queue', b'1768817690.953272', b'+inf']
2026-01-19 15:44:50,958 - DEBUG - >>> None: [b'EXEC']
2026-01-19 15:44:51,001 - DEBUG - Scheduling due tasks
2026-01-19 15:44:51,001 - DEBUG - >>> None: [b'EVALSHA', b'39773dffbc51ce836d528fa7bc63e81067cfaea6', b'2', b'fastmcp:queue', b'fastmcp:stream', b'1768817691.001769', b'fastmcp']
2026-01-19 15:44:51,002 - DEBUG - Getting redeliveries
2026-01-19 15:44:51,002 - DEBUG - >>> None: [b'XAUTOCLAIM', b'fastmcp:stream', b'docket-workers', b'DESKTOP-EP5TI1Q#20692', b'300000', b'0-0', b'COUNT', b'10']
2026-01-19 15:44:51,002 - DEBUG - Getting new deliveries
2026-01-19 15:44:51,002 - DEBUG - >>> None: [b'XREADGROUP', b'GROUP', b'docket-workers', b'DESKTOP-EP5TI1Q#20692', b'COUNT', b'10', b'BLOCK', b'0', b'STREAMS', b'fastmcp:stream', b'>']
2026-01-19 15:44:51,259 - DEBUG - Scheduling due tasks
2026-01-19 15:44:51,259 - DEBUG - >>> None: [b'EVALSHA', b'39773dffbc51ce836d528fa7bc63e81067cfaea6', b'2', b'fastmcp:queue', b'fastmcp:stream', b'1768817691.25936', b'fastmcp']
2026-01-19 15:44:51,260 - DEBUG - Getting redeliveries
2026-01-19 15:44:51,260 - DEBUG - >>> None: [b'XAUTOCLAIM', b'fastmcp:stream', b'docket-workers', b'DESKTOP-EP5TI1Q#20692', b'300000', b'0-0', b'COUNT', b'10']
2026-01-19 15:44:51,260 - DEBUG - Getting new deliveries
2026-01-19 15:44:51,260 - DEBUG - >>> None: [b'XREADGROUP', b'GROUP', b'docket-workers', b'DESKTOP-EP5TI1Q#20692', b'COUNT', b'10', b'BLOCK', b'0', b'STREAMS', b'fastmcp:stream', b'>']
2026-01-19 15:44:51,519 - DEBUG - Scheduling due tasks
2026-01-19 15:44:51,519 - DEBUG - >>> None: [b'EVALSHA', b'39773dffbc51ce836d528fa7bc63e81067cfaea6', b'2', b'fastmcp:queue', b'fastmcp:stream', b'1768817691.519474', b'fastmcp']
2026-01-19 15:44:51,520 - DEBUG - Getting redeliveries
2026-01-19 15:44:51,520 - DEBUG - >>> None: [b'XAUTOCLAIM', b'fastmcp:stream', b'docket-workers', b'DESKTOP-EP5TI1Q#20692', b'300000', b'0-0', b'COUNT', b'10']
2026-01-19 15:44:51,520 - DEBUG - Getting new deliveries
2026-01-19 15:44:51,521 - DEBUG - >>> None: [b'XREADGROUP', b'GROUP', b'docket-workers', b'DESKTOP-EP5TI1Q#20692', b'COUNT', b'10', b'BLOCK', b'0', b'STREAMS', b'fastmcp:stream', b'>']
2026-01-19 15:44:51,781 - DEBUG - Scheduling due tasks
2026-01-19 15:44:51,782 - DEBUG - >>> None: [b'EVALSHA', b'39773dffbc51ce836d528fa7bc63e81067cfaea6', b'2', b'fastmcp:queue', b'fastmcp:stream', b'1768817691.78191', b'fastmcp']
2026-01-19 15:44:51,782 - DEBUG - Getting redeliveries
2026-01-19 15:44:51,783 - DEBUG - >>> None: [b'XAUTOCLAIM', b'fastmcp:stream', b'docket-workers', b'DESKTOP-EP5TI1Q#20692', b'300000', b'0-0', b'COUNT', b'10']
2026-01-19 15:44:51,783 - DEBUG - Getting new deliveries
2026-01-19 15:44:51,783 - DEBUG - >>> None: [b'XREADGROUP', b'GROUP', b'docket-workers', b'DESKTOP-EP5TI1Q#20692', b'COUNT', b'10', b'BLOCK', b'0', b'STREAMS', b'fastmcp:stream', b'>']
2026-01-19 15:44:52,038 - DEBUG - Scheduling due tasks
2026-01-19 15:44:52,039 - DEBUG - >>> None: [b'EVALSHA', b'39773dffbc51ce836d528fa7bc63e81067cfaea6', b'2', b'fastmcp:queue', b'fastmcp:stream', b'1768817692.039376', b'fastmcp']
2026-01-19 15:44:52,041 - DEBUG - Getting redeliveries
2026-01-19 15:44:52,042 - DEBUG - >>> None: [b'XAUTOCLAIM', b'fastmcp:stream', b'docket-workers', b'DESKTOP-EP5TI1Q#20692', b'300000', b'0-0', b'COUNT', b'10']
2026-01-19 15:44:52,042 - DEBUG - Getting new deliveries
2026-01-19 15:44:52,043 - DEBUG - >>> None: [b'XREADGROUP', b'GROUP', b'docket-workers', b'DESKTOP-EP5TI1Q#20692', b'COUNT', b'10', b'BLOCK', b'0', b'STREAMS', b'fastmcp:stream', b'>']
2026-01-19 15:44:52,293 - DEBUG - Scheduling due tasks
2026-01-19 15:44:52,293 - DEBUG - >>> None: [b'EVALSHA', b'39773dffbc51ce836d528fa7bc63e81067cfaea6', b'2', b'fastmcp:queue', b'fastmcp:stream', b'1768817692.293817', b'fastmcp']
2026-01-19 15:44:52,295 - DEBUG - Getting redeliveries
2026-01-19 15:44:52,295 - DEBUG - >>> None: [b'XAUTOCLAIM', b'fastmcp:stream', b'docket-workers', b'DESKTOP-EP5TI1Q#20692', b'300000', b'0-0', b'COUNT', b'10']
2026-01-19 15:44:52,295 - DEBUG - Getting new deliveries
2026-01-19 15:44:52,295 - DEBUG - >>> None: [b'XREADGROUP', b'GROUP', b'docket-workers', b'DESKTOP-EP5TI1Q#20692', b'COUNT', b'10', b'BLOCK', b'0', b'STREAMS', b'fastmcp:stream', b'>']
2026-01-19 15:44:52,547 - DEBUG - Scheduling due tasks
2026-01-19 15:44:52,548 - DEBUG - >>> None: [b'EVALSHA', b'39773dffbc51ce836d528fa7bc63e81067cfaea6', b'2', b'fastmcp:queue', b'fastmcp:stream', b'1768817692.547779', b'fastmcp']
2026-01-19 15:44:52,548 - DEBUG - Getting redeliveries
2026-01-19 15:44:52,548 - DEBUG - >>> None: [b'XAUTOCLAIM', b'fastmcp:stream', b'docket-workers', b'DESKTOP-EP5TI1Q#20692', b'300000', b'0-0', b'COUNT', b'10']
2026-01-19 15:44:52,549 - DEBUG - Getting new deliveries
2026-01-19 15:44:52,549 - DEBUG - >>> None: [b'XREADGROUP', b'GROUP', b'docket-workers', b'DESKTOP-EP5TI1Q#20692', b'COUNT', b'10', b'BLOCK', b'0', b'STREAMS', b'fastmcp:stream', b'>']
2026-01-19 15:44:52,809 - DEBUG - Scheduling due tasks
2026-01-19 15:44:52,809 - DEBUG - >>> None: [b'EVALSHA', b'39773dffbc51ce836d528fa7bc63e81067cfaea6', b'2', b'fastmcp:queue', b'fastmcp:stream', b'1768817692.809441', b'fastmcp']
2026-01-19 15:44:52,810 - DEBUG - Getting redeliveries
2026-01-19 15:44:52,810 - DEBUG - >>> None: [b'XAUTOCLAIM', b'fastmcp:stream', b'docket-workers', b'DESKTOP-EP5TI1Q#20692', b'300000', b'0-0', b'COUNT', b'10']
2026-01-19 15:44:52,810 - DEBUG - Getting new deliveries
2026-01-19 15:44:52,811 - DEBUG - >>> None: [b'XREADGROUP', b'GROUP', b'docket-workers', b'DESKTOP-EP5TI1Q#20692', b'COUNT', b'10', b'BLOCK', b'0', b'STREAMS', b'fastmcp:stream', b'>']
2026-01-19 15:44:52,968 - DEBUG - >>> None: [b'MULTI']
2026-01-19 15:44:52,968 - DEBUG - >>> None: [b'ZREMRANGEBYSCORE', b'fastmcp:workers', b'0', b'1768817682.968011']
2026-01-19 15:44:52,968 - DEBUG - >>> None: [b'ZADD', b'fastmcp:workers', b'1768817692.968011', b'DESKTOP-EP5TI1Q#20692']
2026-01-19 15:44:52,968 - DEBUG - >>> None: [b'ZREMRANGEBYSCORE', b'fastmcp:task-workers:trace', b'0', b'1768817682.968011']
2026-01-19 15:44:52,968 - DEBUG - >>> None: [b'ZADD', b'fastmcp:task-workers:trace', b'1768817692.968011', b'DESKTOP-EP5TI1Q#20692']
2026-01-19 15:44:52,969 - DEBUG - >>> None: [b'ZREMRANGEBYSCORE', b'fastmcp:task-workers:fail', b'0', b'1768817682.968011']
2026-01-19 15:44:52,969 - DEBUG - >>> None: [b'ZADD', b'fastmcp:task-workers:fail', b'1768817692.968011', b'DESKTOP-EP5TI1Q#20692']
2026-01-19 15:44:52,969 - DEBUG - >>> None: [b'ZREMRANGEBYSCORE', b'fastmcp:task-workers:sleep', b'0', b'1768817682.968011']
2026-01-19 15:44:52,969 - DEBUG - >>> None: [b'ZADD', b'fastmcp:task-workers:sleep', b'1768817692.968011', b'DESKTOP-EP5TI1Q#20692']
2026-01-19 15:44:52,969 - DEBUG - >>> None: [b'SADD', b'fastmcp:worker-tasks:DESKTOP-EP5TI1Q#20692', b'trace', b'fail', b'sleep']
2026-01-19 15:44:52,969 - DEBUG - >>> None: [b'EXPIRE', b'fastmcp:worker-tasks:DESKTOP-EP5TI1Q#20692', b'10']
2026-01-19 15:44:52,969 - DEBUG - >>> None: [b'EXEC']
2026-01-19 15:44:52,969 - DEBUG - >>> None: [b'MULTI']
2026-01-19 15:44:52,969 - DEBUG - >>> None: [b'XLEN', b'fastmcp:stream']
2026-01-19 15:44:52,970 - DEBUG - >>> None: [b'ZCOUNT', b'fastmcp:queue', b'0', b'1768817692.968011']
2026-01-19 15:44:52,970 - DEBUG - >>> None: [b'ZCOUNT', b'fastmcp:queue', b'1768817692.968011', b'+inf']
2026-01-19 15:44:52,970 - DEBUG - >>> None: [b'EXEC']
2026-01-19 15:44:53,068 - DEBUG - Scheduling due tasks
2026-01-19 15:44:53,068 - DEBUG - >>> None: [b'EVALSHA', b'39773dffbc51ce836d528fa7bc63e81067cfaea6', b'2', b'fastmcp:queue', b'fastmcp:stream', b'1768817693.068397', b'fastmcp']
2026-01-19 15:44:53,069 - DEBUG - Getting redeliveries
2026-01-19 15:44:53,069 - DEBUG - >>> None: [b'XAUTOCLAIM', b'fastmcp:stream', b'docket-workers', b'DESKTOP-EP5TI1Q#20692', b'300000', b'0-0', b'COUNT', b'10']
2026-01-19 15:44:53,069 - DEBUG - Getting new deliveries
2026-01-19 15:44:53,069 - DEBUG - >>> None: [b'XREADGROUP', b'GROUP', b'docket-workers', b'DESKTOP-EP5TI1Q#20692', b'COUNT', b'10', b'BLOCK', b'0', b'STREAMS', b'fastmcp:stream', b'>']
2026-01-19 15:44:53,325 - DEBUG - Scheduling due tasks
2026-01-19 15:44:53,325 - DEBUG - >>> None: [b'EVALSHA', b'39773dffbc51ce836d528fa7bc63e81067cfaea6', b'2', b'fastmcp:queue', b'fastmcp:stream', b'1768817693.325582', b'fastmcp']
2026-01-19 15:44:53,326 - DEBUG - Getting redeliveries
2026-01-19 15:44:53,326 - DEBUG - >>> None: [b'XAUTOCLAIM', b'fastmcp:stream', b'docket-workers', b'DESKTOP-EP5TI1Q#20692', b'300000', b'0-0', b'COUNT', b'10']
2026-01-19 15:44:53,327 - DEBUG - Getting new deliveries
2026-01-19 15:44:53,328 - DEBUG - >>> None: [b'XREADGROUP', b'GROUP', b'docket-workers', b'DESKTOP-EP5TI1Q#20692', b'COUNT', b'10', b'BLOCK', b'0', b'STREAMS', b'fastmcp:stream', b'>']
2026-01-19 15:44:53,591 - DEBUG - Scheduling due tasks
2026-01-19 15:44:53,591 - DEBUG - >>> None: [b'EVALSHA', b'39773dffbc51ce836d528fa7bc63e81067cfaea6', b'2', b'fastmcp:queue', b'fastmcp:stream', b'1768817693.59122', b'fastmcp']
2026-01-19 15:44:53,591 - DEBUG - Getting redeliveries
2026-01-19 15:44:53,591 - DEBUG - >>> None: [b'XAUTOCLAIM', b'fastmcp:stream', b'docket-workers', b'DESKTOP-EP5TI1Q#20692', b'300000', b'0-0', b'COUNT', b'10']
2026-01-19 15:44:53,591 - DEBUG - Getting new deliveries
2026-01-19 15:44:53,592 - DEBUG - >>> None: [b'XREADGROUP', b'GROUP', b'docket-workers', b'DESKTOP-EP5TI1Q#20692', b'COUNT', b'10', b'BLOCK', b'0', b'STREAMS', b'fastmcp:stream', b'>']
2026-01-19 15:44:53,843 - DEBUG - Scheduling due tasks
2026-01-19 15:44:53,843 - DEBUG - >>> None: [b'EVALSHA', b'39773dffbc51ce836d528fa7bc63e81067cfaea6', b'2', b'fastmcp:queue', b'fastmcp:stream', b'1768817693.843317', b'fastmcp']
2026-01-19 15:44:53,844 - DEBUG - Getting redeliveries
2026-01-19 15:44:53,844 - DEBUG - >>> None: [b'XAUTOCLAIM', b'fastmcp:stream', b'docket-workers', b'DESKTOP-EP5TI1Q#20692', b'300000', b'0-0', b'COUNT', b'10']
2026-01-19 15:44:53,844 - DEBUG - Getting new deliveries
2026-01-19 15:44:53,844 - DEBUG - >>> None: [b'XREADGROUP', b'GROUP', b'docket-workers', b'DESKTOP-EP5TI1Q#20692', b'COUNT', b'10', b'BLOCK', b'0', b'STREAMS', b'fastmcp:stream', b'>']
2026-01-19 15:44:54,105 - DEBUG - Scheduling due tasks
2026-01-19 15:44:54,106 - DEBUG - >>> None: [b'EVALSHA', b'39773dffbc51ce836d528fa7bc63e81067cfaea6', b'2', b'fastmcp:queue', b'fastmcp:stream', b'1768817694.105899', b'fastmcp']
2026-01-19 15:44:54,106 - DEBUG - Getting redeliveries
2026-01-19 15:44:54,106 - DEBUG - >>> None: [b'XAUTOCLAIM', b'fastmcp:stream', b'docket-workers', b'DESKTOP-EP5TI1Q#20692', b'300000', b'0-0', b'COUNT', b'10']
2026-01-19 15:44:54,107 - DEBUG - Getting new deliveries
2026-01-19 15:44:54,107 - DEBUG - >>> None: [b'XREADGROUP', b'GROUP', b'docket-workers', b'DESKTOP-EP5TI1Q#20692', b'COUNT', b'10', b'BLOCK', b'0', b'STREAMS', b'fastmcp:stream', b'>']
2026-01-19 15:44:54,361 - DEBUG - Scheduling due tasks
2026-01-19 15:44:54,362 - DEBUG - >>> None: [b'EVALSHA', b'39773dffbc51ce836d528fa7bc63e81067cfaea6', b'2', b'fastmcp:queue', b'fastmcp:stream', b'1768817694.361974', b'fastmcp']
2026-01-19 15:44:54,363 - DEBUG - Getting redeliveries
2026-01-19 15:44:54,363 - DEBUG - >>> None: [b'XAUTOCLAIM', b'fastmcp:stream', b'docket-workers', b'DESKTOP-EP5TI1Q#20692', b'300000', b'0-0', b'COUNT', b'10']
2026-01-19 15:44:54,363 - DEBUG - Getting new deliveries
2026-01-19 15:44:54,363 - DEBUG - >>> None: [b'XREADGROUP', b'GROUP', b'docket-workers', b'DESKTOP-EP5TI1Q#20692', b'COUNT', b'10', b'BLOCK', b'0', b'STREAMS', b'fastmcp:stream', b'>']
2026-01-19 15:44:54,618 - DEBUG - Scheduling due tasks
2026-01-19 15:44:54,618 - DEBUG - >>> None: [b'EVALSHA', b'39773dffbc51ce836d528fa7bc63e81067cfaea6', b'2', b'fastmcp:queue', b'fastmcp:stream', b'1768817694.61885', b'fastmcp']
2026-01-19 15:44:54,619 - DEBUG - Getting redeliveries
2026-01-19 15:44:54,619 - DEBUG - >>> None: [b'XAUTOCLAIM', b'fastmcp:stream', b'docket-workers', b'DESKTOP-EP5TI1Q#20692', b'300000', b'0-0', b'COUNT', b'10']
2026-01-19 15:44:54,619 - DEBUG - Getting new deliveries
2026-01-19 15:44:54,619 - DEBUG - >>> None: [b'XREADGROUP', b'GROUP', b'docket-workers', b'DESKTOP-EP5TI1Q#20692', b'COUNT', b'10', b'BLOCK', b'0', b'STREAMS', b'fastmcp:stream', b'>']
2026-01-19 15:44:54,870 - DEBUG - Scheduling due tasks
2026-01-19 15:44:54,871 - DEBUG - >>> None: [b'EVALSHA', b'39773dffbc51ce836d528fa7bc63e81067cfaea6', b'2', b'fastmcp:queue', b'fastmcp:stream', b'1768817694.871029', b'fastmcp']
2026-01-19 15:44:54,871 - DEBUG - Getting redeliveries
2026-01-19 15:44:54,871 - DEBUG - >>> None: [b'XAUTOCLAIM', b'fastmcp:stream', b'docket-workers', b'DESKTOP-EP5TI1Q#20692', b'300000', b'0-0', b'COUNT', b'10']
2026-01-19 15:44:54,871 - DEBUG - Getting new deliveries
2026-01-19 15:44:54,871 - DEBUG - >>> None: [b'XREADGROUP', b'GROUP', b'docket-workers', b'DESKTOP-EP5TI1Q#20692', b'COUNT', b'10', b'BLOCK', b'0', b'STREAMS', b'fastmcp:stream', b'>']
2026-01-19 15:44:54,983 - DEBUG - >>> None: [b'MULTI']
2026-01-19 15:44:54,983 - DEBUG - >>> None: [b'ZREMRANGEBYSCORE', b'fastmcp:workers', b'0', b'1768817684.982042']
2026-01-19 15:44:54,984 - DEBUG - >>> None: [b'ZADD', b'fastmcp:workers', b'1768817694.982042', b'DESKTOP-EP5TI1Q#20692']
2026-01-19 15:44:54,984 - DEBUG - >>> None: [b'ZREMRANGEBYSCORE', b'fastmcp:task-workers:trace', b'0', b'1768817684.982042']
2026-01-19 15:44:54,984 - DEBUG - >>> None: [b'ZADD', b'fastmcp:task-workers:trace', b'1768817694.982042', b'DESKTOP-EP5TI1Q#20692']
2026-01-19 15:44:54,984 - DEBUG - >>> None: [b'ZREMRANGEBYSCORE', b'fastmcp:task-workers:fail', b'0', b'1768817684.982042']
2026-01-19 15:44:54,984 - DEBUG - >>> None: [b'ZADD', b'fastmcp:task-workers:fail', b'1768817694.982042', b'DESKTOP-EP5TI1Q#20692']
2026-01-19 15:44:54,985 - DEBUG - >>> None: [b'ZREMRANGEBYSCORE', b'fastmcp:task-workers:sleep', b'0', b'1768817684.982042']
2026-01-19 15:44:54,985 - DEBUG - >>> None: [b'ZADD', b'fastmcp:task-workers:sleep', b'1768817694.982042', b'DESKTOP-EP5TI1Q#20692']
2026-01-19 15:44:54,985 - DEBUG - >>> None: [b'SADD', b'fastmcp:worker-tasks:DESKTOP-EP5TI1Q#20692', b'trace', b'fail', b'sleep']
2026-01-19 15:44:54,985 - DEBUG - >>> None: [b'EXPIRE', b'fastmcp:worker-tasks:DESKTOP-EP5TI1Q#20692', b'10']
2026-01-19 15:44:54,985 - DEBUG - >>> None: [b'EXEC']
2026-01-19 15:44:54,986 - DEBUG - >>> None: [b'MULTI']
2026-01-19 15:44:54,986 - DEBUG - >>> None: [b'XLEN', b'fastmcp:stream']
2026-01-19 15:44:54,986 - DEBUG - >>> None: [b'ZCOUNT', b'fastmcp:queue', b'0', b'1768817694.982042']
2026-01-19 15:44:54,987 - DEBUG - >>> None: [b'ZCOUNT', b'fastmcp:queue', b'1768817694.982042', b'+inf']
2026-01-19 15:44:54,987 - DEBUG - >>> None: [b'EXEC']
2026-01-19 15:44:55,124 - DEBUG - Scheduling due tasks
2026-01-19 15:44:55,124 - DEBUG - >>> None: [b'EVALSHA', b'39773dffbc51ce836d528fa7bc63e81067cfaea6', b'2', b'fastmcp:queue', b'fastmcp:stream', b'1768817695.124521', b'fastmcp']
2026-01-19 15:44:55,125 - DEBUG - Getting redeliveries
2026-01-19 15:44:55,125 - DEBUG - >>> None: [b'XAUTOCLAIM', b'fastmcp:stream', b'docket-workers', b'DESKTOP-EP5TI1Q#20692', b'300000', b'0-0', b'COUNT', b'10']
2026-01-19 15:44:55,125 - DEBUG - Getting new deliveries
2026-01-19 15:44:55,125 - DEBUG - >>> None: [b'XREADGROUP', b'GROUP', b'docket-workers', b'DESKTOP-EP5TI1Q#20692', b'COUNT', b'10', b'BLOCK', b'0', b'STREAMS', b'fastmcp:stream', b'>']
2026-01-19 15:44:55,387 - DEBUG - Scheduling due tasks
2026-01-19 15:44:55,388 - DEBUG - >>> None: [b'EVALSHA', b'39773dffbc51ce836d528fa7bc63e81067cfaea6', b'2', b'fastmcp:queue', b'fastmcp:stream', b'1768817695.388098', b'fastmcp']
2026-01-19 15:44:55,388 - DEBUG - Getting redeliveries
2026-01-19 15:44:55,388 - DEBUG - >>> None: [b'XAUTOCLAIM', b'fastmcp:stream', b'docket-workers', b'DESKTOP-EP5TI1Q#20692', b'300000', b'0-0', b'COUNT', b'10']
2026-01-19 15:44:55,389 - DEBUG - Getting new deliveries
2026-01-19 15:44:55,389 - DEBUG - >>> None: [b'XREADGROUP', b'GROUP', b'docket-workers', b'DESKTOP-EP5TI1Q#20692', b'COUNT', b'10', b'BLOCK', b'0', b'STREAMS', b'fastmcp:stream', b'>']
2026-01-19 15:44:55,652 - DEBUG - Scheduling due tasks
2026-01-19 15:44:55,653 - DEBUG - >>> None: [b'EVALSHA', b'39773dffbc51ce836d528fa7bc63e81067cfaea6', b'2', b'fastmcp:queue', b'fastmcp:stream', b'1768817695.652974', b'fastmcp']
2026-01-19 15:44:55,654 - DEBUG - Getting redeliveries
2026-01-19 15:44:55,654 - DEBUG - >>> None: [b'XAUTOCLAIM', b'fastmcp:stream', b'docket-workers', b'DESKTOP-EP5TI1Q#20692', b'300000', b'0-0', b'COUNT', b'10']
2026-01-19 15:44:55,654 - DEBUG - Getting new deliveries
2026-01-19 15:44:55,655 - DEBUG - >>> None: [b'XREADGROUP', b'GROUP', b'docket-workers', b'DESKTOP-EP5TI1Q#20692', b'COUNT', b'10', b'BLOCK', b'0', b'STREAMS', b'fastmcp:stream', b'>']
2026-01-19 15:44:55,905 - DEBUG - Scheduling due tasks
2026-01-19 15:44:55,906 - DEBUG - >>> None: [b'EVALSHA', b'39773dffbc51ce836d528fa7bc63e81067cfaea6', b'2', b'fastmcp:queue', b'fastmcp:stream', b'1768817695.905968', b'fastmcp']
2026-01-19 15:44:55,906 - DEBUG - Getting redeliveries
2026-01-19 15:44:55,907 - DEBUG - >>> None: [b'XAUTOCLAIM', b'fastmcp:stream', b'docket-workers', b'DESKTOP-EP5TI1Q#20692', b'300000', b'0-0', b'COUNT', b'10']
2026-01-19 15:44:55,907 - DEBUG - Getting new deliveries
2026-01-19 15:44:55,907 - DEBUG - >>> None: [b'XREADGROUP', b'GROUP', b'docket-workers', b'DESKTOP-EP5TI1Q#20692', b'COUNT', b'10', b'BLOCK', b'0', b'STREAMS', b'fastmcp:stream', b'>']
2026-01-19 15:44:56,157 - DEBUG - Scheduling due tasks
2026-01-19 15:44:56,157 - DEBUG - >>> None: [b'EVALSHA', b'39773dffbc51ce836d528fa7bc63e81067cfaea6', b'2', b'fastmcp:queue', b'fastmcp:stream', b'1768817696.15772', b'fastmcp']
2026-01-19 15:44:56,158 - DEBUG - Getting redeliveries
2026-01-19 15:44:56,158 - DEBUG - >>> None: [b'XAUTOCLAIM', b'fastmcp:stream', b'docket-workers', b'DESKTOP-EP5TI1Q#20692', b'300000', b'0-0', b'COUNT', b'10']
2026-01-19 15:44:56,158 - DEBUG - Getting new deliveries
2026-01-19 15:44:56,158 - DEBUG - >>> None: [b'XREADGROUP', b'GROUP', b'docket-workers', b'DESKTOP-EP5TI1Q#20692', b'COUNT', b'10', b'BLOCK', b'0', b'STREAMS', b'fastmcp:stream', b'>']
2026-01-19 15:44:56,411 - DEBUG - Scheduling due tasks
2026-01-19 15:44:56,412 - DEBUG - >>> None: [b'EVALSHA', b'39773dffbc51ce836d528fa7bc63e81067cfaea6', b'2', b'fastmcp:queue', b'fastmcp:stream', b'1768817696.412172', b'fastmcp']
2026-01-19 15:44:56,413 - DEBUG - Getting redeliveries
2026-01-19 15:44:56,414 - DEBUG - >>> None: [b'XAUTOCLAIM', b'fastmcp:stream', b'docket-workers', b'DESKTOP-EP5TI1Q#20692', b'300000', b'0-0', b'COUNT', b'10']
2026-01-19 15:44:56,414 - DEBUG - Getting new deliveries
2026-01-19 15:44:56,414 - DEBUG - >>> None: [b'XREADGROUP', b'GROUP', b'docket-workers', b'DESKTOP-EP5TI1Q#20692', b'COUNT', b'10', b'BLOCK', b'0', b'STREAMS', b'fastmcp:stream', b'>']
2026-01-19 15:44:56,679 - DEBUG - Scheduling due tasks
2026-01-19 15:44:56,679 - DEBUG - >>> None: [b'EVALSHA', b'39773dffbc51ce836d528fa7bc63e81067cfaea6', b'2', b'fastmcp:queue', b'fastmcp:stream', b'1768817696.679406', b'fastmcp']
2026-01-19 15:44:56,680 - DEBUG - Getting redeliveries
2026-01-19 15:44:56,680 - DEBUG - >>> None: [b'XAUTOCLAIM', b'fastmcp:stream', b'docket-workers', b'DESKTOP-EP5TI1Q#20692', b'300000', b'0-0', b'COUNT', b'10']
2026-01-19 15:44:56,680 - DEBUG - Getting new deliveries
2026-01-19 15:44:56,681 - DEBUG - >>> None: [b'XREADGROUP', b'GROUP', b'docket-workers', b'DESKTOP-EP5TI1Q#20692', b'COUNT', b'10', b'BLOCK', b'0', b'STREAMS', b'fastmcp:stream', b'>']
2026-01-19 15:44:56,931 - DEBUG - Scheduling due tasks
2026-01-19 15:44:56,932 - DEBUG - >>> None: [b'EVALSHA', b'39773dffbc51ce836d528fa7bc63e81067cfaea6', b'2', b'fastmcp:queue', b'fastmcp:stream', b'1768817696.93213', b'fastmcp']
2026-01-19 15:44:56,932 - DEBUG - Getting redeliveries
2026-01-19 15:44:56,933 - DEBUG - >>> None: [b'XAUTOCLAIM', b'fastmcp:stream', b'docket-workers', b'DESKTOP-EP5TI1Q#20692', b'300000', b'0-0', b'COUNT', b'10']
2026-01-19 15:44:56,933 - DEBUG - Getting new deliveries
2026-01-19 15:44:56,933 - DEBUG - >>> None: [b'XREADGROUP', b'GROUP', b'docket-workers', b'DESKTOP-EP5TI1Q#20692', b'COUNT', b'10', b'BLOCK', b'0', b'STREAMS', b'fastmcp:stream', b'>']
2026-01-19 15:44:56,998 - DEBUG - >>> None: [b'MULTI']
2026-01-19 15:44:56,998 - DEBUG - >>> None: [b'ZREMRANGEBYSCORE', b'fastmcp:workers', b'0', b'1768817686.997709']
2026-01-19 15:44:56,998 - DEBUG - >>> None: [b'ZADD', b'fastmcp:workers', b'1768817696.997709', b'DESKTOP-EP5TI1Q#20692']
2026-01-19 15:44:56,998 - DEBUG - >>> None: [b'ZREMRANGEBYSCORE', b'fastmcp:task-workers:trace', b'0', b'1768817686.997709']
2026-01-19 15:44:56,998 - DEBUG - >>> None: [b'ZADD', b'fastmcp:task-workers:trace', b'1768817696.997709', b'DESKTOP-EP5TI1Q#20692']
2026-01-19 15:44:56,999 - DEBUG - >>> None: [b'ZREMRANGEBYSCORE', b'fastmcp:task-workers:fail', b'0', b'1768817686.997709']
2026-01-19 15:44:56,999 - DEBUG - >>> None: [b'ZADD', b'fastmcp:task-workers:fail', b'1768817696.997709', b'DESKTOP-EP5TI1Q#20692']
2026-01-19 15:44:56,999 - DEBUG - >>> None: [b'ZREMRANGEBYSCORE', b'fastmcp:task-workers:sleep', b'0', b'1768817686.997709']
2026-01-19 15:44:56,999 - DEBUG - >>> None: [b'ZADD', b'fastmcp:task-workers:sleep', b'1768817696.997709', b'DESKTOP-EP5TI1Q#20692']
2026-01-19 15:44:56,999 - DEBUG - >>> None: [b'SADD', b'fastmcp:worker-tasks:DESKTOP-EP5TI1Q#20692', b'trace', b'fail', b'sleep']
2026-01-19 15:44:56,999 - DEBUG - >>> None: [b'EXPIRE', b'fastmcp:worker-tasks:DESKTOP-EP5TI1Q#20692', b'10']
2026-01-19 15:44:56,999 - DEBUG - >>> None: [b'EXEC']
2026-01-19 15:44:57,000 - DEBUG - >>> None: [b'MULTI']
2026-01-19 15:44:57,001 - DEBUG - >>> None: [b'XLEN', b'fastmcp:stream']
2026-01-19 15:44:57,001 - DEBUG - >>> None: [b'ZCOUNT', b'fastmcp:queue', b'0', b'1768817696.997709']
2026-01-19 15:44:57,001 - DEBUG - >>> None: [b'ZCOUNT', b'fastmcp:queue', b'1768817696.997709', b'+inf']
2026-01-19 15:44:57,001 - DEBUG - >>> None: [b'EXEC']
2026-01-19 15:44:57,188 - DEBUG - Scheduling due tasks
2026-01-19 15:44:57,188 - DEBUG - >>> None: [b'EVALSHA', b'39773dffbc51ce836d528fa7bc63e81067cfaea6', b'2', b'fastmcp:queue', b'fastmcp:stream', b'1768817697.188546', b'fastmcp']
2026-01-19 15:44:57,189 - DEBUG - Getting redeliveries
2026-01-19 15:44:57,189 - DEBUG - >>> None: [b'XAUTOCLAIM', b'fastmcp:stream', b'docket-workers', b'DESKTOP-EP5TI1Q#20692', b'300000', b'0-0', b'COUNT', b'10']
2026-01-19 15:44:57,189 - DEBUG - Getting new deliveries
2026-01-19 15:44:57,189 - DEBUG - >>> None: [b'XREADGROUP', b'GROUP', b'docket-workers', b'DESKTOP-EP5TI1Q#20692', b'COUNT', b'10', b'BLOCK', b'0', b'STREAMS', b'fastmcp:stream', b'>']
2026-01-19 15:44:57,444 - DEBUG - Scheduling due tasks
2026-01-19 15:44:57,444 - DEBUG - >>> None: [b'EVALSHA', b'39773dffbc51ce836d528fa7bc63e81067cfaea6', b'2', b'fastmcp:queue', b'fastmcp:stream', b'1768817697.444321', b'fastmcp']
2026-01-19 15:44:57,445 - DEBUG - Getting redeliveries
2026-01-19 15:44:57,445 - DEBUG - >>> None: [b'XAUTOCLAIM', b'fastmcp:stream', b'docket-workers', b'DESKTOP-EP5TI1Q#20692', b'300000', b'0-0', b'COUNT', b'10']
2026-01-19 15:44:57,446 - DEBUG - Getting new deliveries
2026-01-19 15:44:57,446 - DEBUG - >>> None: [b'XREADGROUP', b'GROUP', b'docket-workers', b'DESKTOP-EP5TI1Q#20692', b'COUNT', b'10', b'BLOCK', b'0', b'STREAMS', b'fastmcp:stream', b'>']
2026-01-19 15:44:57,707 - DEBUG - Scheduling due tasks
2026-01-19 15:44:57,707 - DEBUG - >>> None: [b'EVALSHA', b'39773dffbc51ce836d528fa7bc63e81067cfaea6', b'2', b'fastmcp:queue', b'fastmcp:stream', b'1768817697.707453', b'fastmcp']
2026-01-19 15:44:57,708 - DEBUG - Getting redeliveries
2026-01-19 15:44:57,708 - DEBUG - >>> None: [b'XAUTOCLAIM', b'fastmcp:stream', b'docket-workers', b'DESKTOP-EP5TI1Q#20692', b'300000', b'0-0', b'COUNT', b'10']
2026-01-19 15:44:57,708 - DEBUG - Getting new deliveries
2026-01-19 15:44:57,708 - DEBUG - >>> None: [b'XREADGROUP', b'GROUP', b'docket-workers', b'DESKTOP-EP5TI1Q#20692', b'COUNT', b'10', b'BLOCK', b'0', b'STREAMS', b'fastmcp:stream', b'>']
2026-01-19 15:44:57,960 - DEBUG - Scheduling due tasks
2026-01-19 15:44:57,960 - DEBUG - >>> None: [b'EVALSHA', b'39773dffbc51ce836d528fa7bc63e81067cfaea6', b'2', b'fastmcp:queue', b'fastmcp:stream', b'1768817697.960414', b'fastmcp']
2026-01-19 15:44:57,961 - DEBUG - Getting redeliveries
2026-01-19 15:44:57,961 - DEBUG - >>> None: [b'XAUTOCLAIM', b'fastmcp:stream', b'docket-workers', b'DESKTOP-EP5TI1Q#20692', b'300000', b'0-0', b'COUNT', b'10']
2026-01-19 15:44:57,961 - DEBUG - Getting new deliveries
2026-01-19 15:44:57,962 - DEBUG - >>> None: [b'XREADGROUP', b'GROUP', b'docket-workers', b'DESKTOP-EP5TI1Q#20692', b'COUNT', b'10', b'BLOCK', b'0', b'STREAMS', b'fastmcp:stream', b'>']
2026-01-19 15:44:58,215 - DEBUG - Scheduling due tasks
2026-01-19 15:44:58,215 - DEBUG - >>> None: [b'EVALSHA', b'39773dffbc51ce836d528fa7bc63e81067cfaea6', b'2', b'fastmcp:queue', b'fastmcp:stream', b'1768817698.215609', b'fastmcp']
2026-01-19 15:44:58,216 - DEBUG - Getting redeliveries
2026-01-19 15:44:58,216 - DEBUG - >>> None: [b'XAUTOCLAIM', b'fastmcp:stream', b'docket-workers', b'DESKTOP-EP5TI1Q#20692', b'300000', b'0-0', b'COUNT', b'10']
2026-01-19 15:44:58,216 - DEBUG - Getting new deliveries
2026-01-19 15:44:58,217 - DEBUG - >>> None: [b'XREADGROUP', b'GROUP', b'docket-workers', b'DESKTOP-EP5TI1Q#20692', b'COUNT', b'10', b'BLOCK', b'0', b'STREAMS', b'fastmcp:stream', b'>']
2026-01-19 15:44:58,477 - DEBUG - Scheduling due tasks
2026-01-19 15:44:58,477 - DEBUG - >>> None: [b'EVALSHA', b'39773dffbc51ce836d528fa7bc63e81067cfaea6', b'2', b'fastmcp:queue', b'fastmcp:stream', b'1768817698.477766', b'fastmcp']
2026-01-19 15:44:58,478 - DEBUG - Getting redeliveries
2026-01-19 15:44:58,478 - DEBUG - >>> None: [b'XAUTOCLAIM', b'fastmcp:stream', b'docket-workers', b'DESKTOP-EP5TI1Q#20692', b'300000', b'0-0', b'COUNT', b'10']
2026-01-19 15:44:58,479 - DEBUG - Getting new deliveries
2026-01-19 15:44:58,479 - DEBUG - >>> None: [b'XREADGROUP', b'GROUP', b'docket-workers', b'DESKTOP-EP5TI1Q#20692', b'COUNT', b'10', b'BLOCK', b'0', b'STREAMS', b'fastmcp:stream', b'>']
2026-01-19 15:44:58,740 - DEBUG - Scheduling due tasks
2026-01-19 15:44:58,742 - DEBUG - >>> None: [b'EVALSHA', b'39773dffbc51ce836d528fa7bc63e81067cfaea6', b'2', b'fastmcp:queue', b'fastmcp:stream', b'1768817698.741621', b'fastmcp']
2026-01-19 15:44:58,744 - DEBUG - Getting redeliveries
2026-01-19 15:44:58,745 - DEBUG - >>> None: [b'XAUTOCLAIM', b'fastmcp:stream', b'docket-workers', b'DESKTOP-EP5TI1Q#20692', b'300000', b'0-0', b'COUNT', b'10']
2026-01-19 15:44:58,745 - DEBUG - Getting new deliveries
2026-01-19 15:44:58,745 - DEBUG - >>> None: [b'XREADGROUP', b'GROUP', b'docket-workers', b'DESKTOP-EP5TI1Q#20692', b'COUNT', b'10', b'BLOCK', b'0', b'STREAMS', b'fastmcp:stream', b'>']
2026-01-19 15:44:58,997 - DEBUG - Scheduling due tasks
2026-01-19 15:44:58,997 - DEBUG - >>> None: [b'EVALSHA', b'39773dffbc51ce836d528fa7bc63e81067cfaea6', b'2', b'fastmcp:queue', b'fastmcp:stream', b'1768817698.997594', b'fastmcp']
2026-01-19 15:44:58,998 - DEBUG - Getting redeliveries
2026-01-19 15:44:58,999 - DEBUG - >>> None: [b'XAUTOCLAIM', b'fastmcp:stream', b'docket-workers', b'DESKTOP-EP5TI1Q#20692', b'300000', b'0-0', b'COUNT', b'10']
2026-01-19 15:44:58,999 - DEBUG - Getting new deliveries
2026-01-19 15:44:58,999 - DEBUG - >>> None: [b'XREADGROUP', b'GROUP', b'docket-workers', b'DESKTOP-EP5TI1Q#20692', b'COUNT', b'10', b'BLOCK', b'0', b'STREAMS', b'fastmcp:stream', b'>']
2026-01-19 15:44:59,013 - DEBUG - >>> None: [b'MULTI']
2026-01-19 15:44:59,014 - DEBUG - >>> None: [b'ZREMRANGEBYSCORE', b'fastmcp:workers', b'0', b'1768817689.012679']
2026-01-19 15:44:59,014 - DEBUG - >>> None: [b'ZADD', b'fastmcp:workers', b'1768817699.012679', b'DESKTOP-EP5TI1Q#20692']
2026-01-19 15:44:59,014 - DEBUG - >>> None: [b'ZREMRANGEBYSCORE', b'fastmcp:task-workers:trace', b'0', b'1768817689.012679']
2026-01-19 15:44:59,014 - DEBUG - >>> None: [b'ZADD', b'fastmcp:task-workers:trace', b'1768817699.012679', b'DESKTOP-EP5TI1Q#20692']
2026-01-19 15:44:59,014 - DEBUG - >>> None: [b'ZREMRANGEBYSCORE', b'fastmcp:task-workers:fail', b'0', b'1768817689.012679']
2026-01-19 15:44:59,015 - DEBUG - >>> None: [b'ZADD', b'fastmcp:task-workers:fail', b'1768817699.012679', b'DESKTOP-EP5TI1Q#20692']
2026-01-19 15:44:59,015 - DEBUG - >>> None: [b'ZREMRANGEBYSCORE', b'fastmcp:task-workers:sleep', b'0', b'1768817689.012679']
2026-01-19 15:44:59,015 - DEBUG - >>> None: [b'ZADD', b'fastmcp:task-workers:sleep', b'1768817699.012679', b'DESKTOP-EP5TI1Q#20692']
2026-01-19 15:44:59,015 - DEBUG - >>> None: [b'SADD', b'fastmcp:worker-tasks:DESKTOP-EP5TI1Q#20692', b'trace', b'fail', b'sleep']
2026-01-19 15:44:59,015 - DEBUG - >>> None: [b'EXPIRE', b'fastmcp:worker-tasks:DESKTOP-EP5TI1Q#20692', b'10']
2026-01-19 15:44:59,015 - DEBUG - >>> None: [b'EXEC']
2026-01-19 15:44:59,017 - DEBUG - >>> None: [b'MULTI']
2026-01-19 15:44:59,017 - DEBUG - >>> None: [b'XLEN', b'fastmcp:stream']
2026-01-19 15:44:59,017 - DEBUG - >>> None: [b'ZCOUNT', b'fastmcp:queue', b'0', b'1768817699.012679']
2026-01-19 15:44:59,017 - DEBUG - >>> None: [b'ZCOUNT', b'fastmcp:queue', b'1768817699.012679', b'+inf']
2026-01-19 15:44:59,018 - DEBUG - >>> None: [b'EXEC']
2026-01-19 15:44:59,252 - DEBUG - Scheduling due tasks
2026-01-19 15:44:59,253 - DEBUG - >>> None: [b'EVALSHA', b'39773dffbc51ce836d528fa7bc63e81067cfaea6', b'2', b'fastmcp:queue', b'fastmcp:stream', b'1768817699.253214', b'fastmcp']
2026-01-19 15:44:59,254 - DEBUG - Getting redeliveries
2026-01-19 15:44:59,254 - DEBUG - >>> None: [b'XAUTOCLAIM', b'fastmcp:stream', b'docket-workers', b'DESKTOP-EP5TI1Q#20692', b'300000', b'0-0', b'COUNT', b'10']
2026-01-19 15:44:59,255 - DEBUG - Getting new deliveries
2026-01-19 15:44:59,255 - DEBUG - >>> None: [b'XREADGROUP', b'GROUP', b'docket-workers', b'DESKTOP-EP5TI1Q#20692', b'COUNT', b'10', b'BLOCK', b'0', b'STREAMS', b'fastmcp:stream', b'>']
2026-01-19 15:44:59,510 - DEBUG - Scheduling due tasks
2026-01-19 15:44:59,549 - DEBUG - >>> None: [b'EVALSHA', b'39773dffbc51ce836d528fa7bc63e81067cfaea6', b'2', b'fastmcp:queue', b'fastmcp:stream', b'1768817699.549208', b'fastmcp']
2026-01-19 15:44:59,550 - DEBUG - Getting redeliveries
2026-01-19 15:44:59,551 - DEBUG - >>> None: [b'XAUTOCLAIM', b'fastmcp:stream', b'docket-workers', b'DESKTOP-EP5TI1Q#20692', b'300000', b'0-0', b'COUNT', b'10']
2026-01-19 15:44:59,551 - DEBUG - Getting new deliveries
2026-01-19 15:44:59,551 - DEBUG - >>> None: [b'XREADGROUP', b'GROUP', b'docket-workers', b'DESKTOP-EP5TI1Q#20692', b'COUNT', b'10', b'BLOCK', b'0', b'STREAMS', b'fastmcp:stream', b'>']
2026-01-19 15:44:59,807 - DEBUG - Scheduling due tasks
2026-01-19 15:44:59,807 - DEBUG - >>> None: [b'EVALSHA', b'39773dffbc51ce836d528fa7bc63e81067cfaea6', b'2', b'fastmcp:queue', b'fastmcp:stream', b'1768817699.807505', b'fastmcp']
2026-01-19 15:44:59,808 - DEBUG - Getting redeliveries
2026-01-19 15:44:59,808 - DEBUG - >>> None: [b'XAUTOCLAIM', b'fastmcp:stream', b'docket-workers', b'DESKTOP-EP5TI1Q#20692', b'300000', b'0-0', b'COUNT', b'10']
2026-01-19 15:44:59,808 - DEBUG - Getting new deliveries
2026-01-19 15:44:59,808 - DEBUG - >>> None: [b'XREADGROUP', b'GROUP', b'docket-workers', b'DESKTOP-EP5TI1Q#20692', b'COUNT', b'10', b'BLOCK', b'0', b'STREAMS', b'fastmcp:stream', b'>']
2026-01-19 15:45:00,072 - DEBUG - Scheduling due tasks
2026-01-19 15:45:00,073 - DEBUG - >>> None: [b'EVALSHA', b'39773dffbc51ce836d528fa7bc63e81067cfaea6', b'2', b'fastmcp:queue', b'fastmcp:stream', b'1768817700.073003', b'fastmcp']
2026-01-19 15:45:00,073 - DEBUG - Getting redeliveries
2026-01-19 15:45:00,073 - DEBUG - >>> None: [b'XAUTOCLAIM', b'fastmcp:stream', b'docket-workers', b'DESKTOP-EP5TI1Q#20692', b'300000', b'0-0', b'COUNT', b'10']
2026-01-19 15:45:00,074 - DEBUG - Getting new deliveries
2026-01-19 15:45:00,074 - DEBUG - >>> None: [b'XREADGROUP', b'GROUP', b'docket-workers', b'DESKTOP-EP5TI1Q#20692', b'COUNT', b'10', b'BLOCK', b'0', b'STREAMS', b'fastmcp:stream', b'>']
2026-01-19 15:45:00,327 - DEBUG - Scheduling due tasks
2026-01-19 15:45:00,327 - DEBUG - >>> None: [b'EVALSHA', b'39773dffbc51ce836d528fa7bc63e81067cfaea6', b'2', b'fastmcp:queue', b'fastmcp:stream', b'1768817700.327538', b'fastmcp']
2026-01-19 15:45:00,328 - DEBUG - Getting redeliveries
2026-01-19 15:45:00,329 - DEBUG - >>> None: [b'XAUTOCLAIM', b'fastmcp:stream', b'docket-workers', b'DESKTOP-EP5TI1Q#20692', b'300000', b'0-0', b'COUNT', b'10']
2026-01-19 15:45:00,330 - DEBUG - Getting new deliveries
2026-01-19 15:45:00,330 - DEBUG - >>> None: [b'XREADGROUP', b'GROUP', b'docket-workers', b'DESKTOP-EP5TI1Q#20692', b'COUNT', b'10', b'BLOCK', b'0', b'STREAMS', b'fastmcp:stream', b'>']
2026-01-19 15:45:00,579 - DEBUG - Scheduling due tasks
2026-01-19 15:45:00,580 - DEBUG - >>> None: [b'EVALSHA', b'39773dffbc51ce836d528fa7bc63e81067cfaea6', b'2', b'fastmcp:queue', b'fastmcp:stream', b'1768817700.579923', b'fastmcp']
2026-01-19 15:45:00,591 - DEBUG - Getting redeliveries
2026-01-19 15:45:00,591 - DEBUG - >>> None: [b'XAUTOCLAIM', b'fastmcp:stream', b'docket-workers', b'DESKTOP-EP5TI1Q#20692', b'300000', b'0-0', b'COUNT', b'10']
2026-01-19 15:45:00,591 - DEBUG - Getting new deliveries
2026-01-19 15:45:00,592 - DEBUG - >>> None: [b'XREADGROUP', b'GROUP', b'docket-workers', b'DESKTOP-EP5TI1Q#20692', b'COUNT', b'10', b'BLOCK', b'0', b'STREAMS', b'fastmcp:stream', b'>']
2026-01-19 15:45:00,843 - DEBUG - Scheduling due tasks
2026-01-19 15:45:00,844 - DEBUG - >>> None: [b'EVALSHA', b'39773dffbc51ce836d528fa7bc63e81067cfaea6', b'2', b'fastmcp:queue', b'fastmcp:stream', b'1768817700.844051', b'fastmcp']
2026-01-19 15:45:00,845 - DEBUG - Getting redeliveries
2026-01-19 15:45:00,845 - DEBUG - >>> None: [b'XAUTOCLAIM', b'fastmcp:stream', b'docket-workers', b'DESKTOP-EP5TI1Q#20692', b'300000', b'0-0', b'COUNT', b'10']
2026-01-19 15:45:00,846 - DEBUG - Getting new deliveries
2026-01-19 15:45:00,846 - DEBUG - >>> None: [b'XREADGROUP', b'GROUP', b'docket-workers', b'DESKTOP-EP5TI1Q#20692', b'COUNT', b'10', b'BLOCK', b'0', b'STREAMS', b'fastmcp:stream', b'>']
2026-01-19 15:45:01,028 - DEBUG - >>> None: [b'MULTI']
2026-01-19 15:45:01,029 - DEBUG - >>> None: [b'ZREMRANGEBYSCORE', b'fastmcp:workers', b'0', b'1768817691.027892']
2026-01-19 15:45:01,029 - DEBUG - >>> None: [b'ZADD', b'fastmcp:workers', b'1768817701.027892', b'DESKTOP-EP5TI1Q#20692']
2026-01-19 15:45:01,029 - DEBUG - >>> None: [b'ZREMRANGEBYSCORE', b'fastmcp:task-workers:trace', b'0', b'1768817691.027892']
2026-01-19 15:45:01,029 - DEBUG - >>> None: [b'ZADD', b'fastmcp:task-workers:trace', b'1768817701.027892', b'DESKTOP-EP5TI1Q#20692']
2026-01-19 15:45:01,029 - DEBUG - >>> None: [b'ZREMRANGEBYSCORE', b'fastmcp:task-workers:fail', b'0', b'1768817691.027892']
2026-01-19 15:45:01,029 - DEBUG - >>> None: [b'ZADD', b'fastmcp:task-workers:fail', b'1768817701.027892', b'DESKTOP-EP5TI1Q#20692']
2026-01-19 15:45:01,029 - DEBUG - >>> None: [b'ZREMRANGEBYSCORE', b'fastmcp:task-workers:sleep', b'0', b'1768817691.027892']
2026-01-19 15:45:01,029 - DEBUG - >>> None: [b'ZADD', b'fastmcp:task-workers:sleep', b'1768817701.027892', b'DESKTOP-EP5TI1Q#20692']
2026-01-19 15:45:01,029 - DEBUG - >>> None: [b'SADD', b'fastmcp:worker-tasks:DESKTOP-EP5TI1Q#20692', b'trace', b'fail', b'sleep']
2026-01-19 15:45:01,030 - DEBUG - >>> None: [b'EXPIRE', b'fastmcp:worker-tasks:DESKTOP-EP5TI1Q#20692', b'10']
2026-01-19 15:45:01,030 - DEBUG - >>> None: [b'EXEC']
2026-01-19 15:45:01,031 - DEBUG - >>> None: [b'MULTI']
2026-01-19 15:45:01,031 - DEBUG - >>> None: [b'XLEN', b'fastmcp:stream']
2026-01-19 15:45:01,031 - DEBUG - >>> None: [b'ZCOUNT', b'fastmcp:queue', b'0', b'1768817701.027892']
2026-01-19 15:45:01,031 - DEBUG - >>> None: [b'ZCOUNT', b'fastmcp:queue', b'1768817701.027892', b'+inf']
2026-01-19 15:45:01,031 - DEBUG - >>> None: [b'EXEC']
2026-01-19 15:45:01,108 - DEBUG - Scheduling due tasks
2026-01-19 15:45:01,109 - DEBUG - >>> None: [b'EVALSHA', b'39773dffbc51ce836d528fa7bc63e81067cfaea6', b'2', b'fastmcp:queue', b'fastmcp:stream', b'1768817701.109072', b'fastmcp']
2026-01-19 15:45:01,109 - DEBUG - Getting redeliveries
2026-01-19 15:45:01,110 - DEBUG - >>> None: [b'XAUTOCLAIM', b'fastmcp:stream', b'docket-workers', b'DESKTOP-EP5TI1Q#20692', b'300000', b'0-0', b'COUNT', b'10']
2026-01-19 15:45:01,110 - DEBUG - Getting new deliveries
2026-01-19 15:45:01,110 - DEBUG - >>> None: [b'XREADGROUP', b'GROUP', b'docket-workers', b'DESKTOP-EP5TI1Q#20692', b'COUNT', b'10', b'BLOCK', b'0', b'STREAMS', b'fastmcp:stream', b'>']
2026-01-19 15:45:01,372 - DEBUG - Scheduling due tasks
2026-01-19 15:45:01,372 - DEBUG - >>> None: [b'EVALSHA', b'39773dffbc51ce836d528fa7bc63e81067cfaea6', b'2', b'fastmcp:queue', b'fastmcp:stream', b'1768817701.372611', b'fastmcp']
2026-01-19 15:45:01,373 - DEBUG - Getting redeliveries
2026-01-19 15:45:01,373 - DEBUG - >>> None: [b'XAUTOCLAIM', b'fastmcp:stream', b'docket-workers', b'DESKTOP-EP5TI1Q#20692', b'300000', b'0-0', b'COUNT', b'10']
2026-01-19 15:45:01,373 - DEBUG - Getting new deliveries
2026-01-19 15:45:01,373 - DEBUG - >>> None: [b'XREADGROUP', b'GROUP', b'docket-workers', b'DESKTOP-EP5TI1Q#20692', b'COUNT', b'10', b'BLOCK', b'0', b'STREAMS', b'fastmcp:stream', b'>']
2026-01-19 15:45:01,627 - DEBUG - Scheduling due tasks
2026-01-19 15:45:01,627 - DEBUG - >>> None: [b'EVALSHA', b'39773dffbc51ce836d528fa7bc63e81067cfaea6', b'2', b'fastmcp:queue', b'fastmcp:stream', b'1768817701.627281', b'fastmcp']
2026-01-19 15:45:01,628 - DEBUG - Getting redeliveries
2026-01-19 15:45:01,628 - DEBUG - >>> None: [b'XAUTOCLAIM', b'fastmcp:stream', b'docket-workers', b'DESKTOP-EP5TI1Q#20692', b'300000', b'0-0', b'COUNT', b'10']
2026-01-19 15:45:01,628 - DEBUG - Getting new deliveries
2026-01-19 15:45:01,628 - DEBUG - >>> None: [b'XREADGROUP', b'GROUP', b'docket-workers', b'DESKTOP-EP5TI1Q#20692', b'COUNT', b'10', b'BLOCK', b'0', b'STREAMS', b'fastmcp:stream', b'>']
2026-01-19 15:45:01,889 - DEBUG - Scheduling due tasks
2026-01-19 15:45:01,889 - DEBUG - >>> None: [b'EVALSHA', b'39773dffbc51ce836d528fa7bc63e81067cfaea6', b'2', b'fastmcp:queue', b'fastmcp:stream', b'1768817701.889717', b'fastmcp']
2026-01-19 15:45:01,890 - DEBUG - Getting redeliveries
2026-01-19 15:45:01,890 - DEBUG - >>> None: [b'XAUTOCLAIM', b'fastmcp:stream', b'docket-workers', b'DESKTOP-EP5TI1Q#20692', b'300000', b'0-0', b'COUNT', b'10']
2026-01-19 15:45:01,890 - DEBUG - Getting new deliveries
2026-01-19 15:45:01,890 - DEBUG - >>> None: [b'XREADGROUP', b'GROUP', b'docket-workers', b'DESKTOP-EP5TI1Q#20692', b'COUNT', b'10', b'BLOCK', b'0', b'STREAMS', b'fastmcp:stream', b'>']
2026-01-19 15:45:02,142 - DEBUG - Scheduling due tasks
2026-01-19 15:45:02,143 - DEBUG - >>> None: [b'EVALSHA', b'39773dffbc51ce836d528fa7bc63e81067cfaea6', b'2', b'fastmcp:queue', b'fastmcp:stream', b'1768817702.143034', b'fastmcp']
2026-01-19 15:45:02,144 - DEBUG - Getting redeliveries
2026-01-19 15:45:02,145 - DEBUG - >>> None: [b'XAUTOCLAIM', b'fastmcp:stream', b'docket-workers', b'DESKTOP-EP5TI1Q#20692', b'300000', b'0-0', b'COUNT', b'10']
2026-01-19 15:45:02,145 - DEBUG - Getting new deliveries
2026-01-19 15:45:02,146 - DEBUG - >>> None: [b'XREADGROUP', b'GROUP', b'docket-workers', b'DESKTOP-EP5TI1Q#20692', b'COUNT', b'10', b'BLOCK', b'0', b'STREAMS', b'fastmcp:stream', b'>']
2026-01-19 15:45:02,402 - DEBUG - Scheduling due tasks
2026-01-19 15:45:02,402 - DEBUG - >>> None: [b'EVALSHA', b'39773dffbc51ce836d528fa7bc63e81067cfaea6', b'2', b'fastmcp:queue', b'fastmcp:stream', b'1768817702.402591', b'fastmcp']
2026-01-19 15:45:02,403 - DEBUG - Getting redeliveries
2026-01-19 15:45:02,403 - DEBUG - >>> None: [b'XAUTOCLAIM', b'fastmcp:stream', b'docket-workers', b'DESKTOP-EP5TI1Q#20692', b'300000', b'0-0', b'COUNT', b'10']
2026-01-19 15:45:02,403 - DEBUG - Getting new deliveries
2026-01-19 15:45:02,403 - DEBUG - >>> None: [b'XREADGROUP', b'GROUP', b'docket-workers', b'DESKTOP-EP5TI1Q#20692', b'COUNT', b'10', b'BLOCK', b'0', b'STREAMS', b'fastmcp:stream', b'>']
2026-01-19 15:45:02,655 - DEBUG - Scheduling due tasks
2026-01-19 15:45:02,656 - DEBUG - >>> None: [b'EVALSHA', b'39773dffbc51ce836d528fa7bc63e81067cfaea6', b'2', b'fastmcp:queue', b'fastmcp:stream', b'1768817702.655996', b'fastmcp']
2026-01-19 15:45:02,657 - DEBUG - Getting redeliveries
2026-01-19 15:45:02,658 - DEBUG - >>> None: [b'XAUTOCLAIM', b'fastmcp:stream', b'docket-workers', b'DESKTOP-EP5TI1Q#20692', b'300000', b'0-0', b'COUNT', b'10']
2026-01-19 15:45:02,658 - DEBUG - Getting new deliveries
2026-01-19 15:45:02,658 - DEBUG - >>> None: [b'XREADGROUP', b'GROUP', b'docket-workers', b'DESKTOP-EP5TI1Q#20692', b'COUNT', b'10', b'BLOCK', b'0', b'STREAMS', b'fastmcp:stream', b'>']
2026-01-19 15:45:02,910 - DEBUG - Scheduling due tasks
2026-01-19 15:45:02,911 - DEBUG - >>> None: [b'EVALSHA', b'39773dffbc51ce836d528fa7bc63e81067cfaea6', b'2', b'fastmcp:queue', b'fastmcp:stream', b'1768817702.910659', b'fastmcp']
2026-01-19 15:45:02,911 - DEBUG - Getting redeliveries
2026-01-19 15:45:02,911 - DEBUG - >>> None: [b'XAUTOCLAIM', b'fastmcp:stream', b'docket-workers', b'DESKTOP-EP5TI1Q#20692', b'300000', b'0-0', b'COUNT', b'10']
2026-01-19 15:45:02,912 - DEBUG - Getting new deliveries
2026-01-19 15:45:02,912 - DEBUG - >>> None: [b'XREADGROUP', b'GROUP', b'docket-workers', b'DESKTOP-EP5TI1Q#20692', b'COUNT', b'10', b'BLOCK', b'0', b'STREAMS', b'fastmcp:stream', b'>']
2026-01-19 15:45:03,036 - DEBUG - >>> None: [b'MULTI']
2026-01-19 15:45:03,036 - DEBUG - >>> None: [b'ZREMRANGEBYSCORE', b'fastmcp:workers', b'0', b'1768817693.035768']
2026-01-19 15:45:03,036 - DEBUG - >>> None: [b'ZADD', b'fastmcp:workers', b'1768817703.035768', b'DESKTOP-EP5TI1Q#20692']
2026-01-19 15:45:03,036 - DEBUG - >>> None: [b'ZREMRANGEBYSCORE', b'fastmcp:task-workers:trace', b'0', b'1768817693.035768']
2026-01-19 15:45:03,036 - DEBUG - >>> None: [b'ZADD', b'fastmcp:task-workers:trace', b'1768817703.035768', b'DESKTOP-EP5TI1Q#20692']
2026-01-19 15:45:03,036 - DEBUG - >>> None: [b'ZREMRANGEBYSCORE', b'fastmcp:task-workers:fail', b'0', b'1768817693.035768']
2026-01-19 15:45:03,036 - DEBUG - >>> None: [b'ZADD', b'fastmcp:task-workers:fail', b'1768817703.035768', b'DESKTOP-EP5TI1Q#20692']
2026-01-19 15:45:03,036 - DEBUG - >>> None: [b'ZREMRANGEBYSCORE', b'fastmcp:task-workers:sleep', b'0', b'1768817693.035768']
2026-01-19 15:45:03,036 - DEBUG - >>> None: [b'ZADD', b'fastmcp:task-workers:sleep', b'1768817703.035768', b'DESKTOP-EP5TI1Q#20692']
2026-01-19 15:45:03,036 - DEBUG - >>> None: [b'SADD', b'fastmcp:worker-tasks:DESKTOP-EP5TI1Q#20692', b'trace', b'fail', b'sleep']
2026-01-19 15:45:03,036 - DEBUG - >>> None: [b'EXPIRE', b'fastmcp:worker-tasks:DESKTOP-EP5TI1Q#20692', b'10']
2026-01-19 15:45:03,037 - DEBUG - >>> None: [b'EXEC']
2026-01-19 15:45:03,037 - DEBUG - >>> None: [b'MULTI']
2026-01-19 15:45:03,037 - DEBUG - >>> None: [b'XLEN', b'fastmcp:stream']
2026-01-19 15:45:03,037 - DEBUG - >>> None: [b'ZCOUNT', b'fastmcp:queue', b'0', b'1768817703.035768']
2026-01-19 15:45:03,037 - DEBUG - >>> None: [b'ZCOUNT', b'fastmcp:queue', b'1768817703.035768', b'+inf']
2026-01-19 15:45:03,037 - DEBUG - >>> None: [b'EXEC']
2026-01-19 15:45:03,168 - DEBUG - Scheduling due tasks
2026-01-19 15:45:03,169 - DEBUG - >>> None: [b'EVALSHA', b'39773dffbc51ce836d528fa7bc63e81067cfaea6', b'2', b'fastmcp:queue', b'fastmcp:stream', b'1768817703.169168', b'fastmcp']
2026-01-19 15:45:03,169 - DEBUG - Getting redeliveries
2026-01-19 15:45:03,170 - DEBUG - >>> None: [b'XAUTOCLAIM', b'fastmcp:stream', b'docket-workers', b'DESKTOP-EP5TI1Q#20692', b'300000', b'0-0', b'COUNT', b'10']
2026-01-19 15:45:03,170 - DEBUG - Getting new deliveries
2026-01-19 15:45:03,170 - DEBUG - >>> None: [b'XREADGROUP', b'GROUP', b'docket-workers', b'DESKTOP-EP5TI1Q#20692', b'COUNT', b'10', b'BLOCK', b'0', b'STREAMS', b'fastmcp:stream', b'>']
2026-01-19 15:45:03,428 - DEBUG - Scheduling due tasks
2026-01-19 15:45:03,429 - DEBUG - >>> None: [b'EVALSHA', b'39773dffbc51ce836d528fa7bc63e81067cfaea6', b'2', b'fastmcp:queue', b'fastmcp:stream', b'1768817703.428782', b'fastmcp']
2026-01-19 15:45:03,429 - DEBUG - Getting redeliveries
2026-01-19 15:45:03,430 - DEBUG - >>> None: [b'XAUTOCLAIM', b'fastmcp:stream', b'docket-workers', b'DESKTOP-EP5TI1Q#20692', b'300000', b'0-0', b'COUNT', b'10']
2026-01-19 15:45:03,430 - DEBUG - Getting new deliveries
2026-01-19 15:45:03,430 - DEBUG - >>> None: [b'XREADGROUP', b'GROUP', b'docket-workers', b'DESKTOP-EP5TI1Q#20692', b'COUNT', b'10', b'BLOCK', b'0', b'STREAMS', b'fastmcp:stream', b'>']
2026-01-19 15:45:03,688 - DEBUG - Scheduling due tasks
2026-01-19 15:45:03,688 - DEBUG - >>> None: [b'EVALSHA', b'39773dffbc51ce836d528fa7bc63e81067cfaea6', b'2', b'fastmcp:queue', b'fastmcp:stream', b'1768817703.688637', b'fastmcp']
2026-01-19 15:45:03,689 - DEBUG - Getting redeliveries
2026-01-19 15:45:03,689 - DEBUG - >>> None: [b'XAUTOCLAIM', b'fastmcp:stream', b'docket-workers', b'DESKTOP-EP5TI1Q#20692', b'300000', b'0-0', b'COUNT', b'10']
2026-01-19 15:45:03,689 - DEBUG - Getting new deliveries
2026-01-19 15:45:03,689 - DEBUG - >>> None: [b'XREADGROUP', b'GROUP', b'docket-workers', b'DESKTOP-EP5TI1Q#20692', b'COUNT', b'10', b'BLOCK', b'0', b'STREAMS', b'fastmcp:stream', b'>']
2026-01-19 15:45:03,953 - DEBUG - Scheduling due tasks
2026-01-19 15:45:03,953 - DEBUG - >>> None: [b'EVALSHA', b'39773dffbc51ce836d528fa7bc63e81067cfaea6', b'2', b'fastmcp:queue', b'fastmcp:stream', b'1768817703.95374', b'fastmcp']
2026-01-19 15:45:03,954 - DEBUG - Getting redeliveries
2026-01-19 15:45:03,955 - DEBUG - >>> None: [b'XAUTOCLAIM', b'fastmcp:stream', b'docket-workers', b'DESKTOP-EP5TI1Q#20692', b'300000', b'0-0', b'COUNT', b'10']
2026-01-19 15:45:03,955 - DEBUG - Getting new deliveries
2026-01-19 15:45:03,955 - DEBUG - >>> None: [b'XREADGROUP', b'GROUP', b'docket-workers', b'DESKTOP-EP5TI1Q#20692', b'COUNT', b'10', b'BLOCK', b'0', b'STREAMS', b'fastmcp:stream', b'>']
2026-01-19 15:45:04,208 - DEBUG - Scheduling due tasks
2026-01-19 15:45:04,209 - DEBUG - >>> None: [b'EVALSHA', b'39773dffbc51ce836d528fa7bc63e81067cfaea6', b'2', b'fastmcp:queue', b'fastmcp:stream', b'1768817704.209338', b'fastmcp']
2026-01-19 15:45:04,211 - DEBUG - Getting redeliveries
2026-01-19 15:45:04,211 - DEBUG - >>> None: [b'XAUTOCLAIM', b'fastmcp:stream', b'docket-workers', b'DESKTOP-EP5TI1Q#20692', b'300000', b'0-0', b'COUNT', b'10']
2026-01-19 15:45:04,212 - DEBUG - Getting new deliveries
2026-01-19 15:45:04,213 - DEBUG - >>> None: [b'XREADGROUP', b'GROUP', b'docket-workers', b'DESKTOP-EP5TI1Q#20692', b'COUNT', b'10', b'BLOCK', b'0', b'STREAMS', b'fastmcp:stream', b'>']
2026-01-19 15:45:04,466 - DEBUG - Scheduling due tasks
2026-01-19 15:45:04,467 - DEBUG - >>> None: [b'EVALSHA', b'39773dffbc51ce836d528fa7bc63e81067cfaea6', b'2', b'fastmcp:queue', b'fastmcp:stream', b'1768817704.467251', b'fastmcp']
2026-01-19 15:45:04,469 - DEBUG - Getting redeliveries
2026-01-19 15:45:04,469 - DEBUG - >>> None: [b'XAUTOCLAIM', b'fastmcp:stream', b'docket-workers', b'DESKTOP-EP5TI1Q#20692', b'300000', b'0-0', b'COUNT', b'10']
2026-01-19 15:45:04,470 - DEBUG - Getting new deliveries
2026-01-19 15:45:04,470 - DEBUG - >>> None: [b'XREADGROUP', b'GROUP', b'docket-workers', b'DESKTOP-EP5TI1Q#20692', b'COUNT', b'10', b'BLOCK', b'0', b'STREAMS', b'fastmcp:stream', b'>']
2026-01-19 15:45:04,725 - DEBUG - Scheduling due tasks
2026-01-19 15:45:04,730 - DEBUG - >>> None: [b'EVALSHA', b'39773dffbc51ce836d528fa7bc63e81067cfaea6', b'2', b'fastmcp:queue', b'fastmcp:stream', b'1768817704.729698', b'fastmcp']
2026-01-19 15:45:04,732 - DEBUG - Getting redeliveries
2026-01-19 15:45:04,732 - DEBUG - >>> None: [b'XAUTOCLAIM', b'fastmcp:stream', b'docket-workers', b'DESKTOP-EP5TI1Q#20692', b'300000', b'0-0', b'COUNT', b'10']
2026-01-19 15:45:04,733 - DEBUG - Getting new deliveries
2026-01-19 15:45:04,735 - DEBUG - >>> None: [b'XREADGROUP', b'GROUP', b'docket-workers', b'DESKTOP-EP5TI1Q#20692', b'COUNT', b'10', b'BLOCK', b'0', b'STREAMS', b'fastmcp:stream', b'>']
2026-01-19 15:45:04,993 - DEBUG - Scheduling due tasks
2026-01-19 15:45:04,997 - DEBUG - >>> None: [b'EVALSHA', b'39773dffbc51ce836d528fa7bc63e81067cfaea6', b'2', b'fastmcp:queue', b'fastmcp:stream', b'1768817704.9971', b'fastmcp']
2026-01-19 15:45:04,997 - DEBUG - Getting redeliveries
2026-01-19 15:45:04,998 - DEBUG - >>> None: [b'XAUTOCLAIM', b'fastmcp:stream', b'docket-workers', b'DESKTOP-EP5TI1Q#20692', b'300000', b'0-0', b'COUNT', b'10']
2026-01-19 15:45:04,998 - DEBUG - Getting new deliveries
2026-01-19 15:45:04,998 - DEBUG - >>> None: [b'XREADGROUP', b'GROUP', b'docket-workers', b'DESKTOP-EP5TI1Q#20692', b'COUNT', b'10', b'BLOCK', b'0', b'STREAMS', b'fastmcp:stream', b'>']
2026-01-19 15:45:05,045 - DEBUG - >>> None: [b'MULTI']
2026-01-19 15:45:05,045 - DEBUG - >>> None: [b'ZREMRANGEBYSCORE', b'fastmcp:workers', b'0', b'1768817695.044239']
2026-01-19 15:45:05,045 - DEBUG - >>> None: [b'ZADD', b'fastmcp:workers', b'1768817705.044239', b'DESKTOP-EP5TI1Q#20692']
2026-01-19 15:45:05,046 - DEBUG - >>> None: [b'ZREMRANGEBYSCORE', b'fastmcp:task-workers:trace', b'0', b'1768817695.044239']
2026-01-19 15:45:05,046 - DEBUG - >>> None: [b'ZADD', b'fastmcp:task-workers:trace', b'1768817705.044239', b'DESKTOP-EP5TI1Q#20692']
2026-01-19 15:45:05,046 - DEBUG - >>> None: [b'ZREMRANGEBYSCORE', b'fastmcp:task-workers:fail', b'0', b'1768817695.044239']
2026-01-19 15:45:05,046 - DEBUG - >>> None: [b'ZADD', b'fastmcp:task-workers:fail', b'1768817705.044239', b'DESKTOP-EP5TI1Q#20692']
2026-01-19 15:45:05,046 - DEBUG - >>> None: [b'ZREMRANGEBYSCORE', b'fastmcp:task-workers:sleep', b'0', b'1768817695.044239']
2026-01-19 15:45:05,047 - DEBUG - >>> None: [b'ZADD', b'fastmcp:task-workers:sleep', b'1768817705.044239', b'DESKTOP-EP5TI1Q#20692']
2026-01-19 15:45:05,047 - DEBUG - >>> None: [b'SADD', b'fastmcp:worker-tasks:DESKTOP-EP5TI1Q#20692', b'trace', b'fail', b'sleep']
2026-01-19 15:45:05,047 - DEBUG - >>> None: [b'EXPIRE', b'fastmcp:worker-tasks:DESKTOP-EP5TI1Q#20692', b'10']
2026-01-19 15:45:05,047 - DEBUG - >>> None: [b'EXEC']
2026-01-19 15:45:05,048 - DEBUG - >>> None: [b'MULTI']
2026-01-19 15:45:05,048 - DEBUG - >>> None: [b'XLEN', b'fastmcp:stream']
2026-01-19 15:45:05,048 - DEBUG - >>> None: [b'ZCOUNT', b'fastmcp:queue', b'0', b'1768817705.044239']
2026-01-19 15:45:05,048 - DEBUG - >>> None: [b'ZCOUNT', b'fastmcp:queue', b'1768817705.044239', b'+inf']
2026-01-19 15:45:05,048 - DEBUG - >>> None: [b'EXEC']
2026-01-19 15:45:05,254 - DEBUG - Scheduling due tasks
2026-01-19 15:45:05,254 - DEBUG - >>> None: [b'EVALSHA', b'39773dffbc51ce836d528fa7bc63e81067cfaea6', b'2', b'fastmcp:queue', b'fastmcp:stream', b'1768817705.254483', b'fastmcp']
2026-01-19 15:45:05,255 - DEBUG - Getting redeliveries
2026-01-19 15:45:05,255 - DEBUG - >>> None: [b'XAUTOCLAIM', b'fastmcp:stream', b'docket-workers', b'DESKTOP-EP5TI1Q#20692', b'300000', b'0-0', b'COUNT', b'10']
2026-01-19 15:45:05,255 - DEBUG - Getting new deliveries
2026-01-19 15:45:05,255 - DEBUG - >>> None: [b'XREADGROUP', b'GROUP', b'docket-workers', b'DESKTOP-EP5TI1Q#20692', b'COUNT', b'10', b'BLOCK', b'0', b'STREAMS', b'fastmcp:stream', b'>']
2026-01-19 15:45:05,506 - DEBUG - Scheduling due tasks
2026-01-19 15:45:05,506 - DEBUG - >>> None: [b'EVALSHA', b'39773dffbc51ce836d528fa7bc63e81067cfaea6', b'2', b'fastmcp:queue', b'fastmcp:stream', b'1768817705.506695', b'fastmcp']
2026-01-19 15:45:05,507 - DEBUG - Getting redeliveries
2026-01-19 15:45:05,507 - DEBUG - >>> None: [b'XAUTOCLAIM', b'fastmcp:stream', b'docket-workers', b'DESKTOP-EP5TI1Q#20692', b'300000', b'0-0', b'COUNT', b'10']
2026-01-19 15:45:05,507 - DEBUG - Getting new deliveries
2026-01-19 15:45:05,507 - DEBUG - >>> None: [b'XREADGROUP', b'GROUP', b'docket-workers', b'DESKTOP-EP5TI1Q#20692', b'COUNT', b'10', b'BLOCK', b'0', b'STREAMS', b'fastmcp:stream', b'>']
2026-01-19 15:45:05,765 - DEBUG - Scheduling due tasks
2026-01-19 15:45:05,766 - DEBUG - >>> None: [b'EVALSHA', b'39773dffbc51ce836d528fa7bc63e81067cfaea6', b'2', b'fastmcp:queue', b'fastmcp:stream', b'1768817705.76631', b'fastmcp']
2026-01-19 15:45:05,767 - DEBUG - Getting redeliveries
2026-01-19 15:45:05,767 - DEBUG - >>> None: [b'XAUTOCLAIM', b'fastmcp:stream', b'docket-workers', b'DESKTOP-EP5TI1Q#20692', b'300000', b'0-0', b'COUNT', b'10']
2026-01-19 15:45:05,768 - DEBUG - Getting new deliveries
2026-01-19 15:45:05,768 - DEBUG - >>> None: [b'XREADGROUP', b'GROUP', b'docket-workers', b'DESKTOP-EP5TI1Q#20692', b'COUNT', b'10', b'BLOCK', b'0', b'STREAMS', b'fastmcp:stream', b'>']
2026-01-19 15:45:06,019 - DEBUG - Scheduling due tasks
2026-01-19 15:45:06,020 - DEBUG - >>> None: [b'EVALSHA', b'39773dffbc51ce836d528fa7bc63e81067cfaea6', b'2', b'fastmcp:queue', b'fastmcp:stream', b'1768817706.020178', b'fastmcp']
2026-01-19 15:45:06,021 - DEBUG - Getting redeliveries
2026-01-19 15:45:06,021 - DEBUG - >>> None: [b'XAUTOCLAIM', b'fastmcp:stream', b'docket-workers', b'DESKTOP-EP5TI1Q#20692', b'300000', b'0-0', b'COUNT', b'10']
2026-01-19 15:45:06,022 - DEBUG - Getting new deliveries
2026-01-19 15:45:06,022 - DEBUG - >>> None: [b'XREADGROUP', b'GROUP', b'docket-workers', b'DESKTOP-EP5TI1Q#20692', b'COUNT', b'10', b'BLOCK', b'0', b'STREAMS', b'fastmcp:stream', b'>']
2026-01-19 15:45:06,282 - DEBUG - Scheduling due tasks
2026-01-19 15:45:06,283 - DEBUG - >>> None: [b'EVALSHA', b'39773dffbc51ce836d528fa7bc63e81067cfaea6', b'2', b'fastmcp:queue', b'fastmcp:stream', b'1768817706.28301', b'fastmcp']
2026-01-19 15:45:06,284 - DEBUG - Getting redeliveries
2026-01-19 15:45:06,284 - DEBUG - >>> None: [b'XAUTOCLAIM', b'fastmcp:stream', b'docket-workers', b'DESKTOP-EP5TI1Q#20692', b'300000', b'0-0', b'COUNT', b'10']
2026-01-19 15:45:06,284 - DEBUG - Getting new deliveries
2026-01-19 15:45:06,285 - DEBUG - >>> None: [b'XREADGROUP', b'GROUP', b'docket-workers', b'DESKTOP-EP5TI1Q#20692', b'COUNT', b'10', b'BLOCK', b'0', b'STREAMS', b'fastmcp:stream', b'>']
2026-01-19 15:45:06,545 - DEBUG - Scheduling due tasks
2026-01-19 15:45:06,546 - DEBUG - >>> None: [b'EVALSHA', b'39773dffbc51ce836d528fa7bc63e81067cfaea6', b'2', b'fastmcp:queue', b'fastmcp:stream', b'1768817706.545875', b'fastmcp']
2026-01-19 15:45:06,546 - DEBUG - Getting redeliveries
2026-01-19 15:45:06,546 - DEBUG - >>> None: [b'XAUTOCLAIM', b'fastmcp:stream', b'docket-workers', b'DESKTOP-EP5TI1Q#20692', b'300000', b'0-0', b'COUNT', b'10']
2026-01-19 15:45:06,547 - DEBUG - Getting new deliveries
2026-01-19 15:45:06,547 - DEBUG - >>> None: [b'XREADGROUP', b'GROUP', b'docket-workers', b'DESKTOP-EP5TI1Q#20692', b'COUNT', b'10', b'BLOCK', b'0', b'STREAMS', b'fastmcp:stream', b'>']
2026-01-19 15:45:06,803 - DEBUG - Scheduling due tasks
2026-01-19 15:45:06,804 - DEBUG - >>> None: [b'EVALSHA', b'39773dffbc51ce836d528fa7bc63e81067cfaea6', b'2', b'fastmcp:queue', b'fastmcp:stream', b'1768817706.804228', b'fastmcp']
2026-01-19 15:45:06,805 - DEBUG - Getting redeliveries
2026-01-19 15:45:06,805 - DEBUG - >>> None: [b'XAUTOCLAIM', b'fastmcp:stream', b'docket-workers', b'DESKTOP-EP5TI1Q#20692', b'300000', b'0-0', b'COUNT', b'10']
2026-01-19 15:45:06,805 - DEBUG - Getting new deliveries
2026-01-19 15:45:06,805 - DEBUG - >>> None: [b'XREADGROUP', b'GROUP', b'docket-workers', b'DESKTOP-EP5TI1Q#20692', b'COUNT', b'10', b'BLOCK', b'0', b'STREAMS', b'fastmcp:stream', b'>']
2026-01-19 15:45:07,061 - DEBUG - >>> None: [b'MULTI']
2026-01-19 15:45:07,061 - DEBUG - >>> None: [b'ZREMRANGEBYSCORE', b'fastmcp:workers', b'0', b'1768817697.060746']
2026-01-19 15:45:07,061 - DEBUG - >>> None: [b'ZADD', b'fastmcp:workers', b'1768817707.060746', b'DESKTOP-EP5TI1Q#20692']
2026-01-19 15:45:07,061 - DEBUG - >>> None: [b'ZREMRANGEBYSCORE', b'fastmcp:task-workers:trace', b'0', b'1768817697.060746']
2026-01-19 15:45:07,062 - DEBUG - >>> None: [b'ZADD', b'fastmcp:task-workers:trace', b'1768817707.060746', b'DESKTOP-EP5TI1Q#20692']
2026-01-19 15:45:07,062 - DEBUG - >>> None: [b'ZREMRANGEBYSCORE', b'fastmcp:task-workers:fail', b'0', b'1768817697.060746']
2026-01-19 15:45:07,062 - DEBUG - >>> None: [b'ZADD', b'fastmcp:task-workers:fail', b'1768817707.060746', b'DESKTOP-EP5TI1Q#20692']
2026-01-19 15:45:07,062 - DEBUG - >>> None: [b'ZREMRANGEBYSCORE', b'fastmcp:task-workers:sleep', b'0', b'1768817697.060746']
2026-01-19 15:45:07,062 - DEBUG - >>> None: [b'ZADD', b'fastmcp:task-workers:sleep', b'1768817707.060746', b'DESKTOP-EP5TI1Q#20692']
2026-01-19 15:45:07,062 - DEBUG - >>> None: [b'SADD', b'fastmcp:worker-tasks:DESKTOP-EP5TI1Q#20692', b'trace', b'fail', b'sleep']
2026-01-19 15:45:07,062 - DEBUG - >>> None: [b'EXPIRE', b'fastmcp:worker-tasks:DESKTOP-EP5TI1Q#20692', b'10']
2026-01-19 15:45:07,062 - DEBUG - >>> None: [b'EXEC']
2026-01-19 15:45:07,063 - DEBUG - >>> None: [b'MULTI']
2026-01-19 15:45:07,064 - DEBUG - >>> None: [b'XLEN', b'fastmcp:stream']
2026-01-19 15:45:07,064 - DEBUG - >>> None: [b'ZCOUNT', b'fastmcp:queue', b'0', b'1768817707.060746']
2026-01-19 15:45:07,064 - DEBUG - >>> None: [b'ZCOUNT', b'fastmcp:queue', b'1768817707.060746', b'+inf']
2026-01-19 15:45:07,064 - DEBUG - >>> None: [b'EXEC']
2026-01-19 15:45:07,064 - DEBUG - Scheduling due tasks
2026-01-19 15:45:07,065 - DEBUG - >>> None: [b'EVALSHA', b'39773dffbc51ce836d528fa7bc63e81067cfaea6', b'2', b'fastmcp:queue', b'fastmcp:stream', b'1768817707.064881', b'fastmcp']
2026-01-19 15:45:07,065 - DEBUG - Getting redeliveries
2026-01-19 15:45:07,065 - DEBUG - >>> None: [b'XAUTOCLAIM', b'fastmcp:stream', b'docket-workers', b'DESKTOP-EP5TI1Q#20692', b'300000', b'0-0', b'COUNT', b'10']
2026-01-19 15:45:07,066 - DEBUG - Getting new deliveries
2026-01-19 15:45:07,066 - DEBUG - >>> None: [b'XREADGROUP', b'GROUP', b'docket-workers', b'DESKTOP-EP5TI1Q#20692', b'COUNT', b'10', b'BLOCK', b'0', b'STREAMS', b'fastmcp:stream', b'>']
2026-01-19 15:45:07,319 - DEBUG - Scheduling due tasks
2026-01-19 15:45:07,320 - DEBUG - >>> None: [b'EVALSHA', b'39773dffbc51ce836d528fa7bc63e81067cfaea6', b'2', b'fastmcp:queue', b'fastmcp:stream', b'1768817707.320355', b'fastmcp']
2026-01-19 15:45:07,321 - DEBUG - Getting redeliveries
2026-01-19 15:45:07,321 - DEBUG - >>> None: [b'XAUTOCLAIM', b'fastmcp:stream', b'docket-workers', b'DESKTOP-EP5TI1Q#20692', b'300000', b'0-0', b'COUNT', b'10']
2026-01-19 15:45:07,322 - DEBUG - Getting new deliveries
2026-01-19 15:45:07,322 - DEBUG - >>> None: [b'XREADGROUP', b'GROUP', b'docket-workers', b'DESKTOP-EP5TI1Q#20692', b'COUNT', b'10', b'BLOCK', b'0', b'STREAMS', b'fastmcp:stream', b'>']
2026-01-19 15:45:07,577 - DEBUG - Scheduling due tasks
2026-01-19 15:45:07,578 - DEBUG - >>> None: [b'EVALSHA', b'39773dffbc51ce836d528fa7bc63e81067cfaea6', b'2', b'fastmcp:queue', b'fastmcp:stream', b'1768817707.577986', b'fastmcp']
2026-01-19 15:45:07,579 - DEBUG - Getting redeliveries
2026-01-19 15:45:07,579 - DEBUG - >>> None: [b'XAUTOCLAIM', b'fastmcp:stream', b'docket-workers', b'DESKTOP-EP5TI1Q#20692', b'300000', b'0-0', b'COUNT', b'10']
2026-01-19 15:45:07,579 - DEBUG - Getting new deliveries
2026-01-19 15:45:07,579 - DEBUG - >>> None: [b'XREADGROUP', b'GROUP', b'docket-workers', b'DESKTOP-EP5TI1Q#20692', b'COUNT', b'10', b'BLOCK', b'0', b'STREAMS', b'fastmcp:stream', b'>']
2026-01-19 15:45:07,832 - DEBUG - Scheduling due tasks
2026-01-19 15:45:07,833 - DEBUG - >>> None: [b'EVALSHA', b'39773dffbc51ce836d528fa7bc63e81067cfaea6', b'2', b'fastmcp:queue', b'fastmcp:stream', b'1768817707.832944', b'fastmcp']
2026-01-19 15:45:07,833 - DEBUG - Getting redeliveries
2026-01-19 15:45:07,833 - DEBUG - >>> None: [b'XAUTOCLAIM', b'fastmcp:stream', b'docket-workers', b'DESKTOP-EP5TI1Q#20692', b'300000', b'0-0', b'COUNT', b'10']
2026-01-19 15:45:07,834 - DEBUG - Getting new deliveries
2026-01-19 15:45:07,834 - DEBUG - >>> None: [b'XREADGROUP', b'GROUP', b'docket-workers', b'DESKTOP-EP5TI1Q#20692', b'COUNT', b'10', b'BLOCK', b'0', b'STREAMS', b'fastmcp:stream', b'>']
2026-01-19 15:45:08,092 - DEBUG - Scheduling due tasks
2026-01-19 15:45:08,093 - DEBUG - >>> None: [b'EVALSHA', b'39773dffbc51ce836d528fa7bc63e81067cfaea6', b'2', b'fastmcp:queue', b'fastmcp:stream', b'1768817708.092932', b'fastmcp']
2026-01-19 15:45:08,093 - DEBUG - Getting redeliveries
2026-01-19 15:45:08,094 - DEBUG - >>> None: [b'XAUTOCLAIM', b'fastmcp:stream', b'docket-workers', b'DESKTOP-EP5TI1Q#20692', b'300000', b'0-0', b'COUNT', b'10']
2026-01-19 15:45:08,095 - DEBUG - Getting new deliveries
2026-01-19 15:45:08,095 - DEBUG - >>> None: [b'XREADGROUP', b'GROUP', b'docket-workers', b'DESKTOP-EP5TI1Q#20692', b'COUNT', b'10', b'BLOCK', b'0', b'STREAMS', b'fastmcp:stream', b'>']
2026-01-19 15:45:08,344 - DEBUG - Scheduling due tasks
2026-01-19 15:45:08,345 - DEBUG - >>> None: [b'EVALSHA', b'39773dffbc51ce836d528fa7bc63e81067cfaea6', b'2', b'fastmcp:queue', b'fastmcp:stream', b'1768817708.344726', b'fastmcp']
2026-01-19 15:45:08,346 - DEBUG - Getting redeliveries
2026-01-19 15:45:08,347 - DEBUG - >>> None: [b'XAUTOCLAIM', b'fastmcp:stream', b'docket-workers', b'DESKTOP-EP5TI1Q#20692', b'300000', b'0-0', b'COUNT', b'10']
2026-01-19 15:45:08,347 - DEBUG - Getting new deliveries
2026-01-19 15:45:08,347 - DEBUG - >>> None: [b'XREADGROUP', b'GROUP', b'docket-workers', b'DESKTOP-EP5TI1Q#20692', b'COUNT', b'10', b'BLOCK', b'0', b'STREAMS', b'fastmcp:stream', b'>']
2026-01-19 15:45:08,597 - DEBUG - Scheduling due tasks
2026-01-19 15:45:08,597 - DEBUG - >>> None: [b'EVALSHA', b'39773dffbc51ce836d528fa7bc63e81067cfaea6', b'2', b'fastmcp:queue', b'fastmcp:stream', b'1768817708.597714', b'fastmcp']
2026-01-19 15:45:08,598 - DEBUG - Getting redeliveries
2026-01-19 15:45:08,598 - DEBUG - >>> None: [b'XAUTOCLAIM', b'fastmcp:stream', b'docket-workers', b'DESKTOP-EP5TI1Q#20692', b'300000', b'0-0', b'COUNT', b'10']
2026-01-19 15:45:08,599 - DEBUG - Getting new deliveries
2026-01-19 15:45:08,599 - DEBUG - >>> None: [b'XREADGROUP', b'GROUP', b'docket-workers', b'DESKTOP-EP5TI1Q#20692', b'COUNT', b'10', b'BLOCK', b'0', b'STREAMS', b'fastmcp:stream', b'>']
2026-01-19 15:45:08,861 - DEBUG - Scheduling due tasks
2026-01-19 15:45:08,861 - DEBUG - >>> None: [b'EVALSHA', b'39773dffbc51ce836d528fa7bc63e81067cfaea6', b'2', b'fastmcp:queue', b'fastmcp:stream', b'1768817708.861457', b'fastmcp']
2026-01-19 15:45:08,862 - DEBUG - Getting redeliveries
2026-01-19 15:45:08,863 - DEBUG - >>> None: [b'XAUTOCLAIM', b'fastmcp:stream', b'docket-workers', b'DESKTOP-EP5TI1Q#20692', b'300000', b'0-0', b'COUNT', b'10']
2026-01-19 15:45:08,863 - DEBUG - Getting new deliveries
2026-01-19 15:45:08,863 - DEBUG - >>> None: [b'XREADGROUP', b'GROUP', b'docket-workers', b'DESKTOP-EP5TI1Q#20692', b'COUNT', b'10', b'BLOCK', b'0', b'STREAMS', b'fastmcp:stream', b'>']
2026-01-19 15:45:09,077 - DEBUG - >>> None: [b'MULTI']
2026-01-19 15:45:09,088 - DEBUG - >>> None: [b'ZREMRANGEBYSCORE', b'fastmcp:workers', b'0', b'1768817699.076541']
2026-01-19 15:45:09,088 - DEBUG - >>> None: [b'ZADD', b'fastmcp:workers', b'1768817709.076541', b'DESKTOP-EP5TI1Q#20692']
2026-01-19 15:45:09,088 - DEBUG - >>> None: [b'ZREMRANGEBYSCORE', b'fastmcp:task-workers:trace', b'0', b'1768817699.076541']
2026-01-19 15:45:09,088 - DEBUG - >>> None: [b'ZADD', b'fastmcp:task-workers:trace', b'1768817709.076541', b'DESKTOP-EP5TI1Q#20692']
2026-01-19 15:45:09,089 - DEBUG - >>> None: [b'ZREMRANGEBYSCORE', b'fastmcp:task-workers:fail', b'0', b'1768817699.076541']
2026-01-19 15:45:09,089 - DEBUG - >>> None: [b'ZADD', b'fastmcp:task-workers:fail', b'1768817709.076541', b'DESKTOP-EP5TI1Q#20692']
2026-01-19 15:45:09,089 - DEBUG - >>> None: [b'ZREMRANGEBYSCORE', b'fastmcp:task-workers:sleep', b'0', b'1768817699.076541']
2026-01-19 15:45:09,089 - DEBUG - >>> None: [b'ZADD', b'fastmcp:task-workers:sleep', b'1768817709.076541', b'DESKTOP-EP5TI1Q#20692']
2026-01-19 15:45:09,089 - DEBUG - >>> None: [b'SADD', b'fastmcp:worker-tasks:DESKTOP-EP5TI1Q#20692', b'trace', b'fail', b'sleep']
2026-01-19 15:45:09,089 - DEBUG - >>> None: [b'EXPIRE', b'fastmcp:worker-tasks:DESKTOP-EP5TI1Q#20692', b'10']
2026-01-19 15:45:09,089 - DEBUG - >>> None: [b'EXEC']
2026-01-19 15:45:09,089 - DEBUG - >>> None: [b'MULTI']
2026-01-19 15:45:09,090 - DEBUG - >>> None: [b'XLEN', b'fastmcp:stream']
2026-01-19 15:45:09,090 - DEBUG - >>> None: [b'ZCOUNT', b'fastmcp:queue', b'0', b'1768817709.076541']
2026-01-19 15:45:09,090 - DEBUG - >>> None: [b'ZCOUNT', b'fastmcp:queue', b'1768817709.076541', b'+inf']
2026-01-19 15:45:09,090 - DEBUG - >>> None: [b'EXEC']
2026-01-19 15:45:09,119 - DEBUG - Scheduling due tasks
2026-01-19 15:45:09,119 - DEBUG - >>> None: [b'EVALSHA', b'39773dffbc51ce836d528fa7bc63e81067cfaea6', b'2', b'fastmcp:queue', b'fastmcp:stream', b'1768817709.119247', b'fastmcp']
2026-01-19 15:45:09,120 - DEBUG - Getting redeliveries
2026-01-19 15:45:09,120 - DEBUG - >>> None: [b'XAUTOCLAIM', b'fastmcp:stream', b'docket-workers', b'DESKTOP-EP5TI1Q#20692', b'300000', b'0-0', b'COUNT', b'10']
2026-01-19 15:45:09,120 - DEBUG - Getting new deliveries
2026-01-19 15:45:09,121 - DEBUG - >>> None: [b'XREADGROUP', b'GROUP', b'docket-workers', b'DESKTOP-EP5TI1Q#20692', b'COUNT', b'10', b'BLOCK', b'0', b'STREAMS', b'fastmcp:stream', b'>']
2026-01-19 15:45:09,370 - DEBUG - Scheduling due tasks
2026-01-19 15:45:09,370 - DEBUG - >>> None: [b'EVALSHA', b'39773dffbc51ce836d528fa7bc63e81067cfaea6', b'2', b'fastmcp:queue', b'fastmcp:stream', b'1768817709.37075', b'fastmcp']
2026-01-19 15:45:09,385 - DEBUG - Getting redeliveries
2026-01-19 15:45:09,386 - DEBUG - >>> None: [b'XAUTOCLAIM', b'fastmcp:stream', b'docket-workers', b'DESKTOP-EP5TI1Q#20692', b'300000', b'0-0', b'COUNT', b'10']
2026-01-19 15:45:09,386 - DEBUG - Getting new deliveries
2026-01-19 15:45:09,386 - DEBUG - >>> None: [b'XREADGROUP', b'GROUP', b'docket-workers', b'DESKTOP-EP5TI1Q#20692', b'COUNT', b'10', b'BLOCK', b'0', b'STREAMS', b'fastmcp:stream', b'>']
2026-01-19 15:45:09,626 - DEBUG - Scheduling due tasks
2026-01-19 15:45:09,626 - DEBUG - >>> None: [b'EVALSHA', b'39773dffbc51ce836d528fa7bc63e81067cfaea6', b'2', b'fastmcp:queue', b'fastmcp:stream', b'1768817709.626639', b'fastmcp']
2026-01-19 15:45:09,642 - DEBUG - Getting redeliveries
2026-01-19 15:45:09,643 - DEBUG - >>> None: [b'XAUTOCLAIM', b'fastmcp:stream', b'docket-workers', b'DESKTOP-EP5TI1Q#20692', b'300000', b'0-0', b'COUNT', b'10']
2026-01-19 15:45:09,643 - DEBUG - Getting new deliveries
2026-01-19 15:45:09,643 - DEBUG - >>> None: [b'XREADGROUP', b'GROUP', b'docket-workers', b'DESKTOP-EP5TI1Q#20692', b'COUNT', b'10', b'BLOCK', b'0', b'STREAMS', b'fastmcp:stream', b'>']
2026-01-19 15:45:09,888 - DEBUG - Scheduling due tasks
2026-01-19 15:45:09,889 - DEBUG - >>> None: [b'EVALSHA', b'39773dffbc51ce836d528fa7bc63e81067cfaea6', b'2', b'fastmcp:queue', b'fastmcp:stream', b'1768817709.88886', b'fastmcp']
2026-01-19 15:45:09,904 - DEBUG - Getting redeliveries
2026-01-19 15:45:09,905 - DEBUG - >>> None: [b'XAUTOCLAIM', b'fastmcp:stream', b'docket-workers', b'DESKTOP-EP5TI1Q#20692', b'300000', b'0-0', b'COUNT', b'10']
2026-01-19 15:45:09,906 - DEBUG - Getting new deliveries
2026-01-19 15:45:09,906 - DEBUG - >>> None: [b'XREADGROUP', b'GROUP', b'docket-workers', b'DESKTOP-EP5TI1Q#20692', b'COUNT', b'10', b'BLOCK', b'0', b'STREAMS', b'fastmcp:stream', b'>']
2026-01-19 15:45:10,146 - DEBUG - Scheduling due tasks
2026-01-19 15:45:10,147 - DEBUG - >>> None: [b'EVALSHA', b'39773dffbc51ce836d528fa7bc63e81067cfaea6', b'2', b'fastmcp:queue', b'fastmcp:stream', b'1768817710.147114', b'fastmcp']
2026-01-19 15:45:10,163 - DEBUG - Getting redeliveries
2026-01-19 15:45:10,164 - DEBUG - >>> None: [b'XAUTOCLAIM', b'fastmcp:stream', b'docket-workers', b'DESKTOP-EP5TI1Q#20692', b'300000', b'0-0', b'COUNT', b'10']
2026-01-19 15:45:10,164 - DEBUG - Getting new deliveries
2026-01-19 15:45:10,164 - DEBUG - >>> None: [b'XREADGROUP', b'GROUP', b'docket-workers', b'DESKTOP-EP5TI1Q#20692', b'COUNT', b'10', b'BLOCK', b'0', b'STREAMS', b'fastmcp:stream', b'>']
2026-01-19 15:45:10,401 - DEBUG - Scheduling due tasks
2026-01-19 15:45:10,402 - DEBUG - >>> None: [b'EVALSHA', b'39773dffbc51ce836d528fa7bc63e81067cfaea6', b'2', b'fastmcp:queue', b'fastmcp:stream', b'1768817710.401843', b'fastmcp']
2026-01-19 15:45:10,417 - DEBUG - Getting redeliveries
2026-01-19 15:45:10,453 - DEBUG - >>> None: [b'XAUTOCLAIM', b'fastmcp:stream', b'docket-workers', b'DESKTOP-EP5TI1Q#20692', b'300000', b'0-0', b'COUNT', b'10']
2026-01-19 15:45:10,454 - DEBUG - Getting new deliveries
2026-01-19 15:45:10,454 - DEBUG - >>> None: [b'XREADGROUP', b'GROUP', b'docket-workers', b'DESKTOP-EP5TI1Q#20692', b'COUNT', b'10', b'BLOCK', b'0', b'STREAMS', b'fastmcp:stream', b'>']
2026-01-19 15:45:10,655 - DEBUG - Scheduling due tasks
2026-01-19 15:45:10,655 - DEBUG - >>> None: [b'EVALSHA', b'39773dffbc51ce836d528fa7bc63e81067cfaea6', b'2', b'fastmcp:queue', b'fastmcp:stream', b'1768817710.655469', b'fastmcp']
2026-01-19 15:45:10,709 - DEBUG - Getting redeliveries
2026-01-19 15:45:10,709 - DEBUG - >>> None: [b'XAUTOCLAIM', b'fastmcp:stream', b'docket-workers', b'DESKTOP-EP5TI1Q#20692', b'300000', b'0-0', b'COUNT', b'10']
2026-01-19 15:45:10,710 - DEBUG - Getting new deliveries
2026-01-19 15:45:10,710 - DEBUG - >>> None: [b'XREADGROUP', b'GROUP', b'docket-workers', b'DESKTOP-EP5TI1Q#20692', b'COUNT', b'10', b'BLOCK', b'0', b'STREAMS', b'fastmcp:stream', b'>']
2026-01-19 15:45:10,912 - DEBUG - Scheduling due tasks
2026-01-19 15:45:10,913 - DEBUG - >>> None: [b'EVALSHA', b'39773dffbc51ce836d528fa7bc63e81067cfaea6', b'2', b'fastmcp:queue', b'fastmcp:stream', b'1768817710.912986', b'fastmcp']
2026-01-19 15:45:10,972 - DEBUG - Getting redeliveries
2026-01-19 15:45:10,973 - DEBUG - >>> None: [b'XAUTOCLAIM', b'fastmcp:stream', b'docket-workers', b'DESKTOP-EP5TI1Q#20692', b'300000', b'0-0', b'COUNT', b'10']
2026-01-19 15:45:10,973 - DEBUG - Getting new deliveries
2026-01-19 15:45:10,974 - DEBUG - >>> None: [b'XREADGROUP', b'GROUP', b'docket-workers', b'DESKTOP-EP5TI1Q#20692', b'COUNT', b'10', b'BLOCK', b'0', b'STREAMS', b'fastmcp:stream', b'>']
2026-01-19 15:45:11,095 - DEBUG - >>> None: [b'MULTI']
2026-01-19 15:45:11,096 - DEBUG - >>> None: [b'ZREMRANGEBYSCORE', b'fastmcp:workers', b'0', b'1768817701.09478']
2026-01-19 15:45:11,096 - DEBUG - >>> None: [b'ZADD', b'fastmcp:workers', b'1768817711.09478', b'DESKTOP-EP5TI1Q#20692']
2026-01-19 15:45:11,096 - DEBUG - >>> None: [b'ZREMRANGEBYSCORE', b'fastmcp:task-workers:trace', b'0', b'1768817701.09478']
2026-01-19 15:45:11,096 - DEBUG - >>> None: [b'ZADD', b'fastmcp:task-workers:trace', b'1768817711.09478', b'DESKTOP-EP5TI1Q#20692']
2026-01-19 15:45:11,097 - DEBUG - >>> None: [b'ZREMRANGEBYSCORE', b'fastmcp:task-workers:fail', b'0', b'1768817701.09478']
2026-01-19 15:45:11,097 - DEBUG - >>> None: [b'ZADD', b'fastmcp:task-workers:fail', b'1768817711.09478', b'DESKTOP-EP5TI1Q#20692']
2026-01-19 15:45:11,097 - DEBUG - >>> None: [b'ZREMRANGEBYSCORE', b'fastmcp:task-workers:sleep', b'0', b'1768817701.09478']
2026-01-19 15:45:11,098 - DEBUG - >>> None: [b'ZADD', b'fastmcp:task-workers:sleep', b'1768817711.09478', b'DESKTOP-EP5TI1Q#20692']
2026-01-19 15:45:11,098 - DEBUG - >>> None: [b'SADD', b'fastmcp:worker-tasks:DESKTOP-EP5TI1Q#20692', b'trace', b'fail', b'sleep']
2026-01-19 15:45:11,098 - DEBUG - >>> None: [b'EXPIRE', b'fastmcp:worker-tasks:DESKTOP-EP5TI1Q#20692', b'10']
2026-01-19 15:45:11,098 - DEBUG - >>> None: [b'EXEC']
2026-01-19 15:45:11,099 - DEBUG - >>> None: [b'MULTI']
2026-01-19 15:45:11,099 - DEBUG - >>> None: [b'XLEN', b'fastmcp:stream']
2026-01-19 15:45:11,099 - DEBUG - >>> None: [b'ZCOUNT', b'fastmcp:queue', b'0', b'1768817711.09478']
2026-01-19 15:45:11,100 - DEBUG - >>> None: [b'ZCOUNT', b'fastmcp:queue', b'1768817711.09478', b'+inf']
2026-01-19 15:45:11,100 - DEBUG - >>> None: [b'EXEC']
2026-01-19 15:45:11,177 - DEBUG - Scheduling due tasks
2026-01-19 15:45:11,178 - DEBUG - >>> None: [b'EVALSHA', b'39773dffbc51ce836d528fa7bc63e81067cfaea6', b'2', b'fastmcp:queue', b'fastmcp:stream', b'1768817711.177889', b'fastmcp']
2026-01-19 15:45:11,227 - DEBUG - Getting redeliveries
2026-01-19 15:45:11,228 - DEBUG - >>> None: [b'XAUTOCLAIM', b'fastmcp:stream', b'docket-workers', b'DESKTOP-EP5TI1Q#20692', b'300000', b'0-0', b'COUNT', b'10']
2026-01-19 15:45:11,228 - DEBUG - Getting new deliveries
2026-01-19 15:45:11,228 - DEBUG - >>> None: [b'XREADGROUP', b'GROUP', b'docket-workers', b'DESKTOP-EP5TI1Q#20692', b'COUNT', b'10', b'BLOCK', b'0', b'STREAMS', b'fastmcp:stream', b'>']
2026-01-19 15:45:11,434 - DEBUG - Scheduling due tasks
2026-01-19 15:45:11,434 - DEBUG - >>> None: [b'EVALSHA', b'39773dffbc51ce836d528fa7bc63e81067cfaea6', b'2', b'fastmcp:queue', b'fastmcp:stream', b'1768817711.434502', b'fastmcp']
2026-01-19 15:45:11,483 - DEBUG - Getting redeliveries
2026-01-19 15:45:11,483 - DEBUG - >>> None: [b'XAUTOCLAIM', b'fastmcp:stream', b'docket-workers', b'DESKTOP-EP5TI1Q#20692', b'300000', b'0-0', b'COUNT', b'10']
2026-01-19 15:45:11,484 - DEBUG - Getting new deliveries
2026-01-19 15:45:11,484 - DEBUG - >>> None: [b'XREADGROUP', b'GROUP', b'docket-workers', b'DESKTOP-EP5TI1Q#20692', b'COUNT', b'10', b'BLOCK', b'0', b'STREAMS', b'fastmcp:stream', b'>']
2026-01-19 15:45:11,693 - DEBUG - Scheduling due tasks
2026-01-19 15:45:11,693 - DEBUG - >>> None: [b'EVALSHA', b'39773dffbc51ce836d528fa7bc63e81067cfaea6', b'2', b'fastmcp:queue', b'fastmcp:stream', b'1768817711.693418', b'fastmcp']
2026-01-19 15:45:11,741 - DEBUG - Getting redeliveries
2026-01-19 15:45:11,741 - DEBUG - >>> None: [b'XAUTOCLAIM', b'fastmcp:stream', b'docket-workers', b'DESKTOP-EP5TI1Q#20692', b'300000', b'0-0', b'COUNT', b'10']
2026-01-19 15:45:11,741 - DEBUG - Getting new deliveries
2026-01-19 15:45:11,741 - DEBUG - >>> None: [b'XREADGROUP', b'GROUP', b'docket-workers', b'DESKTOP-EP5TI1Q#20692', b'COUNT', b'10', b'BLOCK', b'0', b'STREAMS', b'fastmcp:stream', b'>']
2026-01-19 15:45:11,960 - DEBUG - Scheduling due tasks
2026-01-19 15:45:11,961 - DEBUG - >>> None: [b'EVALSHA', b'39773dffbc51ce836d528fa7bc63e81067cfaea6', b'2', b'fastmcp:queue', b'fastmcp:stream', b'1768817711.961106', b'fastmcp']
2026-01-19 15:45:12,002 - DEBUG - Getting redeliveries
2026-01-19 15:45:12,002 - DEBUG - >>> None: [b'XAUTOCLAIM', b'fastmcp:stream', b'docket-workers', b'DESKTOP-EP5TI1Q#20692', b'300000', b'0-0', b'COUNT', b'10']
2026-01-19 15:45:12,003 - DEBUG - Getting new deliveries
2026-01-19 15:45:12,003 - DEBUG - >>> None: [b'XREADGROUP', b'GROUP', b'docket-workers', b'DESKTOP-EP5TI1Q#20692', b'COUNT', b'10', b'BLOCK', b'0', b'STREAMS', b'fastmcp:stream', b'>']
2026-01-19 15:45:12,217 - DEBUG - Scheduling due tasks
2026-01-19 15:45:12,218 - DEBUG - >>> None: [b'EVALSHA', b'39773dffbc51ce836d528fa7bc63e81067cfaea6', b'2', b'fastmcp:queue', b'fastmcp:stream', b'1768817712.217832', b'fastmcp']
2026-01-19 15:45:12,261 - DEBUG - Getting redeliveries
2026-01-19 15:45:12,261 - DEBUG - >>> None: [b'XAUTOCLAIM', b'fastmcp:stream', b'docket-workers', b'DESKTOP-EP5TI1Q#20692', b'300000', b'0-0', b'COUNT', b'10']
2026-01-19 15:45:12,262 - DEBUG - Getting new deliveries
2026-01-19 15:45:12,262 - DEBUG - >>> None: [b'XREADGROUP', b'GROUP', b'docket-workers', b'DESKTOP-EP5TI1Q#20692', b'COUNT', b'10', b'BLOCK', b'0', b'STREAMS', b'fastmcp:stream', b'>']
2026-01-19 15:45:12,476 - DEBUG - Scheduling due tasks
2026-01-19 15:45:12,476 - DEBUG - >>> None: [b'EVALSHA', b'39773dffbc51ce836d528fa7bc63e81067cfaea6', b'2', b'fastmcp:queue', b'fastmcp:stream', b'1768817712.47655', b'fastmcp']
2026-01-19 15:45:12,523 - DEBUG - Getting redeliveries
2026-01-19 15:45:12,524 - DEBUG - >>> None: [b'XAUTOCLAIM', b'fastmcp:stream', b'docket-workers', b'DESKTOP-EP5TI1Q#20692', b'300000', b'0-0', b'COUNT', b'10']
2026-01-19 15:45:12,524 - DEBUG - Getting new deliveries
2026-01-19 15:45:12,524 - DEBUG - >>> None: [b'XREADGROUP', b'GROUP', b'docket-workers', b'DESKTOP-EP5TI1Q#20692', b'COUNT', b'10', b'BLOCK', b'0', b'STREAMS', b'fastmcp:stream', b'>']
2026-01-19 15:45:12,729 - DEBUG - Scheduling due tasks
2026-01-19 15:45:12,729 - DEBUG - >>> None: [b'EVALSHA', b'39773dffbc51ce836d528fa7bc63e81067cfaea6', b'2', b'fastmcp:queue', b'fastmcp:stream', b'1768817712.72921', b'fastmcp']
2026-01-19 15:45:12,776 - DEBUG - Getting redeliveries
2026-01-19 15:45:12,777 - DEBUG - >>> None: [b'XAUTOCLAIM', b'fastmcp:stream', b'docket-workers', b'DESKTOP-EP5TI1Q#20692', b'300000', b'0-0', b'COUNT', b'10']
2026-01-19 15:45:12,777 - DEBUG - Getting new deliveries
2026-01-19 15:45:12,777 - DEBUG - >>> None: [b'XREADGROUP', b'GROUP', b'docket-workers', b'DESKTOP-EP5TI1Q#20692', b'COUNT', b'10', b'BLOCK', b'0', b'STREAMS', b'fastmcp:stream', b'>']
2026-01-19 15:45:12,984 - DEBUG - Scheduling due tasks
2026-01-19 15:45:12,984 - DEBUG - >>> None: [b'EVALSHA', b'39773dffbc51ce836d528fa7bc63e81067cfaea6', b'2', b'fastmcp:queue', b'fastmcp:stream', b'1768817712.98469', b'fastmcp']
2026-01-19 15:45:13,028 - DEBUG - Getting redeliveries
2026-01-19 15:45:13,028 - DEBUG - >>> None: [b'XAUTOCLAIM', b'fastmcp:stream', b'docket-workers', b'DESKTOP-EP5TI1Q#20692', b'300000', b'0-0', b'COUNT', b'10']
2026-01-19 15:45:13,028 - DEBUG - Getting new deliveries
2026-01-19 15:45:13,028 - DEBUG - >>> None: [b'XREADGROUP', b'GROUP', b'docket-workers', b'DESKTOP-EP5TI1Q#20692', b'COUNT', b'10', b'BLOCK', b'0', b'STREAMS', b'fastmcp:stream', b'>']
2026-01-19 15:45:13,107 - DEBUG - >>> None: [b'MULTI']
2026-01-19 15:45:13,107 - DEBUG - >>> None: [b'ZREMRANGEBYSCORE', b'fastmcp:workers', b'0', b'1768817703.107086']
2026-01-19 15:45:13,107 - DEBUG - >>> None: [b'ZADD', b'fastmcp:workers', b'1768817713.107086', b'DESKTOP-EP5TI1Q#20692']
2026-01-19 15:45:13,107 - DEBUG - >>> None: [b'ZREMRANGEBYSCORE', b'fastmcp:task-workers:trace', b'0', b'1768817703.107086']
2026-01-19 15:45:13,107 - DEBUG - >>> None: [b'ZADD', b'fastmcp:task-workers:trace', b'1768817713.107086', b'DESKTOP-EP5TI1Q#20692']
2026-01-19 15:45:13,107 - DEBUG - >>> None: [b'ZREMRANGEBYSCORE', b'fastmcp:task-workers:fail', b'0', b'1768817703.107086']
2026-01-19 15:45:13,107 - DEBUG - >>> None: [b'ZADD', b'fastmcp:task-workers:fail', b'1768817713.107086', b'DESKTOP-EP5TI1Q#20692']
2026-01-19 15:45:13,108 - DEBUG - >>> None: [b'ZREMRANGEBYSCORE', b'fastmcp:task-workers:sleep', b'0', b'1768817703.107086']
2026-01-19 15:45:13,108 - DEBUG - >>> None: [b'ZADD', b'fastmcp:task-workers:sleep', b'1768817713.107086', b'DESKTOP-EP5TI1Q#20692']
2026-01-19 15:45:13,108 - DEBUG - >>> None: [b'SADD', b'fastmcp:worker-tasks:DESKTOP-EP5TI1Q#20692', b'trace', b'fail', b'sleep']
2026-01-19 15:45:13,108 - DEBUG - >>> None: [b'EXPIRE', b'fastmcp:worker-tasks:DESKTOP-EP5TI1Q#20692', b'10']
2026-01-19 15:45:13,108 - DEBUG - >>> None: [b'EXEC']
2026-01-19 15:45:13,108 - DEBUG - >>> None: [b'MULTI']
2026-01-19 15:45:13,108 - DEBUG - >>> None: [b'XLEN', b'fastmcp:stream']
2026-01-19 15:45:13,108 - DEBUG - >>> None: [b'ZCOUNT', b'fastmcp:queue', b'0', b'1768817713.107086']
2026-01-19 15:45:13,108 - DEBUG - >>> None: [b'ZCOUNT', b'fastmcp:queue', b'1768817713.107086', b'+inf']
2026-01-19 15:45:13,108 - DEBUG - >>> None: [b'EXEC']
2026-01-19 15:45:13,240 - DEBUG - Scheduling due tasks
2026-01-19 15:45:13,240 - DEBUG - >>> None: [b'EVALSHA', b'39773dffbc51ce836d528fa7bc63e81067cfaea6', b'2', b'fastmcp:queue', b'fastmcp:stream', b'1768817713.240865', b'fastmcp']
2026-01-19 15:45:13,289 - DEBUG - Getting redeliveries
2026-01-19 15:45:13,289 - DEBUG - >>> None: [b'XAUTOCLAIM', b'fastmcp:stream', b'docket-workers', b'DESKTOP-EP5TI1Q#20692', b'300000', b'0-0', b'COUNT', b'10']
2026-01-19 15:45:13,289 - DEBUG - Getting new deliveries
2026-01-19 15:45:13,290 - DEBUG - >>> None: [b'XREADGROUP', b'GROUP', b'docket-workers', b'DESKTOP-EP5TI1Q#20692', b'COUNT', b'10', b'BLOCK', b'0', b'STREAMS', b'fastmcp:stream', b'>']
2026-01-19 15:45:13,492 - DEBUG - Scheduling due tasks
2026-01-19 15:45:13,493 - DEBUG - >>> None: [b'EVALSHA', b'39773dffbc51ce836d528fa7bc63e81067cfaea6', b'2', b'fastmcp:queue', b'fastmcp:stream', b'1768817713.49317', b'fastmcp']
2026-01-19 15:45:13,540 - DEBUG - Getting redeliveries
2026-01-19 15:45:13,541 - DEBUG - >>> None: [b'XAUTOCLAIM', b'fastmcp:stream', b'docket-workers', b'DESKTOP-EP5TI1Q#20692', b'300000', b'0-0', b'COUNT', b'10']
2026-01-19 15:45:13,541 - DEBUG - Getting new deliveries
2026-01-19 15:45:13,542 - DEBUG - >>> None: [b'XREADGROUP', b'GROUP', b'docket-workers', b'DESKTOP-EP5TI1Q#20692', b'COUNT', b'10', b'BLOCK', b'0', b'STREAMS', b'fastmcp:stream', b'>']
2026-01-19 15:45:13,759 - DEBUG - Scheduling due tasks
2026-01-19 15:45:13,759 - DEBUG - >>> None: [b'EVALSHA', b'39773dffbc51ce836d528fa7bc63e81067cfaea6', b'2', b'fastmcp:queue', b'fastmcp:stream', b'1768817713.759347', b'fastmcp']
2026-01-19 15:45:13,807 - DEBUG - Getting redeliveries
2026-01-19 15:45:13,807 - DEBUG - >>> None: [b'XAUTOCLAIM', b'fastmcp:stream', b'docket-workers', b'DESKTOP-EP5TI1Q#20692', b'300000', b'0-0', b'COUNT', b'10']
2026-01-19 15:45:13,808 - DEBUG - Getting new deliveries
2026-01-19 15:45:13,809 - DEBUG - >>> None: [b'XREADGROUP', b'GROUP', b'docket-workers', b'DESKTOP-EP5TI1Q#20692', b'COUNT', b'10', b'BLOCK', b'0', b'STREAMS', b'fastmcp:stream', b'>']
2026-01-19 15:45:14,025 - DEBUG - Scheduling due tasks
2026-01-19 15:45:14,026 - DEBUG - >>> None: [b'EVALSHA', b'39773dffbc51ce836d528fa7bc63e81067cfaea6', b'2', b'fastmcp:queue', b'fastmcp:stream', b'1768817714.025888', b'fastmcp']
2026-01-19 15:45:14,061 - DEBUG - Getting redeliveries
2026-01-19 15:45:14,062 - DEBUG - >>> None: [b'XAUTOCLAIM', b'fastmcp:stream', b'docket-workers', b'DESKTOP-EP5TI1Q#20692', b'300000', b'0-0', b'COUNT', b'10']
2026-01-19 15:45:14,063 - DEBUG - Getting new deliveries
2026-01-19 15:45:14,063 - DEBUG - >>> None: [b'XREADGROUP', b'GROUP', b'docket-workers', b'DESKTOP-EP5TI1Q#20692', b'COUNT', b'10', b'BLOCK', b'0', b'STREAMS', b'fastmcp:stream', b'>']
2026-01-19 15:45:14,278 - DEBUG - Scheduling due tasks
2026-01-19 15:45:14,278 - DEBUG - >>> None: [b'EVALSHA', b'39773dffbc51ce836d528fa7bc63e81067cfaea6', b'2', b'fastmcp:queue', b'fastmcp:stream', b'1768817714.278561', b'fastmcp']
2026-01-19 15:45:14,321 - DEBUG - Getting redeliveries
2026-01-19 15:45:14,321 - DEBUG - >>> None: [b'XAUTOCLAIM', b'fastmcp:stream', b'docket-workers', b'DESKTOP-EP5TI1Q#20692', b'300000', b'0-0', b'COUNT', b'10']
2026-01-19 15:45:14,322 - DEBUG - Getting new deliveries
2026-01-19 15:45:14,322 - DEBUG - >>> None: [b'XREADGROUP', b'GROUP', b'docket-workers', b'DESKTOP-EP5TI1Q#20692', b'COUNT', b'10', b'BLOCK', b'0', b'STREAMS', b'fastmcp:stream', b'>']
2026-01-19 15:45:14,545 - DEBUG - Scheduling due tasks
2026-01-19 15:45:14,549 - DEBUG - >>> None: [b'EVALSHA', b'39773dffbc51ce836d528fa7bc63e81067cfaea6', b'2', b'fastmcp:queue', b'fastmcp:stream', b'1768817714.549339', b'fastmcp']
2026-01-19 15:45:14,574 - DEBUG - Getting redeliveries
2026-01-19 15:45:14,574 - DEBUG - >>> None: [b'XAUTOCLAIM', b'fastmcp:stream', b'docket-workers', b'DESKTOP-EP5TI1Q#20692', b'300000', b'0-0', b'COUNT', b'10']
2026-01-19 15:45:14,575 - DEBUG - Getting new deliveries
2026-01-19 15:45:14,575 - DEBUG - >>> None: [b'XREADGROUP', b'GROUP', b'docket-workers', b'DESKTOP-EP5TI1Q#20692', b'COUNT', b'10', b'BLOCK', b'0', b'STREAMS', b'fastmcp:stream', b'>']
2026-01-19 15:45:14,808 - DEBUG - Scheduling due tasks
2026-01-19 15:45:14,808 - DEBUG - >>> None: [b'EVALSHA', b'39773dffbc51ce836d528fa7bc63e81067cfaea6', b'2', b'fastmcp:queue', b'fastmcp:stream', b'1768817714.808687', b'fastmcp']
2026-01-19 15:45:14,836 - DEBUG - Getting redeliveries
2026-01-19 15:45:14,837 - DEBUG - >>> None: [b'XAUTOCLAIM', b'fastmcp:stream', b'docket-workers', b'DESKTOP-EP5TI1Q#20692', b'300000', b'0-0', b'COUNT', b'10']
2026-01-19 15:45:14,837 - DEBUG - Getting new deliveries
2026-01-19 15:45:14,838 - DEBUG - >>> None: [b'XREADGROUP', b'GROUP', b'docket-workers', b'DESKTOP-EP5TI1Q#20692', b'COUNT', b'10', b'BLOCK', b'0', b'STREAMS', b'fastmcp:stream', b'>']
2026-01-19 15:45:15,073 - DEBUG - Scheduling due tasks
2026-01-19 15:45:15,074 - DEBUG - >>> None: [b'EVALSHA', b'39773dffbc51ce836d528fa7bc63e81067cfaea6', b'2', b'fastmcp:queue', b'fastmcp:stream', b'1768817715.073915', b'fastmcp']
2026-01-19 15:45:15,089 - DEBUG - Getting redeliveries
2026-01-19 15:45:15,090 - DEBUG - >>> None: [b'XAUTOCLAIM', b'fastmcp:stream', b'docket-workers', b'DESKTOP-EP5TI1Q#20692', b'300000', b'0-0', b'COUNT', b'10']
2026-01-19 15:45:15,090 - DEBUG - Getting new deliveries
2026-01-19 15:45:15,091 - DEBUG - >>> None: [b'XREADGROUP', b'GROUP', b'docket-workers', b'DESKTOP-EP5TI1Q#20692', b'COUNT', b'10', b'BLOCK', b'0', b'STREAMS', b'fastmcp:stream', b'>']
2026-01-19 15:45:15,123 - DEBUG - >>> None: [b'MULTI']
2026-01-19 15:45:15,124 - DEBUG - >>> None: [b'ZREMRANGEBYSCORE', b'fastmcp:workers', b'0', b'1768817705.122182']
2026-01-19 15:45:15,124 - DEBUG - >>> None: [b'ZADD', b'fastmcp:workers', b'1768817715.122182', b'DESKTOP-EP5TI1Q#20692']
2026-01-19 15:45:15,124 - DEBUG - >>> None: [b'ZREMRANGEBYSCORE', b'fastmcp:task-workers:trace', b'0', b'1768817705.122182']
2026-01-19 15:45:15,124 - DEBUG - >>> None: [b'ZADD', b'fastmcp:task-workers:trace', b'1768817715.122182', b'DESKTOP-EP5TI1Q#20692']
2026-01-19 15:45:15,124 - DEBUG - >>> None: [b'ZREMRANGEBYSCORE', b'fastmcp:task-workers:fail', b'0', b'1768817705.122182']
2026-01-19 15:45:15,124 - DEBUG - >>> None: [b'ZADD', b'fastmcp:task-workers:fail', b'1768817715.122182', b'DESKTOP-EP5TI1Q#20692']
2026-01-19 15:45:15,125 - DEBUG - >>> None: [b'ZREMRANGEBYSCORE', b'fastmcp:task-workers:sleep', b'0', b'1768817705.122182']
2026-01-19 15:45:15,125 - DEBUG - >>> None: [b'ZADD', b'fastmcp:task-workers:sleep', b'1768817715.122182', b'DESKTOP-EP5TI1Q#20692']
2026-01-19 15:45:15,125 - DEBUG - >>> None: [b'SADD', b'fastmcp:worker-tasks:DESKTOP-EP5TI1Q#20692', b'trace', b'fail', b'sleep']
2026-01-19 15:45:15,125 - DEBUG - >>> None: [b'EXPIRE', b'fastmcp:worker-tasks:DESKTOP-EP5TI1Q#20692', b'10']
2026-01-19 15:45:15,125 - DEBUG - >>> None: [b'EXEC']
2026-01-19 15:45:15,126 - DEBUG - >>> None: [b'MULTI']
2026-01-19 15:45:15,127 - DEBUG - >>> None: [b'XLEN', b'fastmcp:stream']
2026-01-19 15:45:15,127 - DEBUG - >>> None: [b'ZCOUNT', b'fastmcp:queue', b'0', b'1768817715.122182']
2026-01-19 15:45:15,127 - DEBUG - >>> None: [b'ZCOUNT', b'fastmcp:queue', b'1768817715.122182', b'+inf']
2026-01-19 15:45:15,127 - DEBUG - >>> None: [b'EXEC']
2026-01-19 15:45:15,329 - DEBUG - Scheduling due tasks
2026-01-19 15:45:15,329 - DEBUG - >>> None: [b'EVALSHA', b'39773dffbc51ce836d528fa7bc63e81067cfaea6', b'2', b'fastmcp:queue', b'fastmcp:stream', b'1768817715.32963', b'fastmcp']
2026-01-19 15:45:15,345 - DEBUG - Getting redeliveries
2026-01-19 15:45:15,346 - DEBUG - >>> None: [b'XAUTOCLAIM', b'fastmcp:stream', b'docket-workers', b'DESKTOP-EP5TI1Q#20692', b'300000', b'0-0', b'COUNT', b'10']
2026-01-19 15:45:15,346 - DEBUG - Getting new deliveries
2026-01-19 15:45:15,346 - DEBUG - >>> None: [b'XREADGROUP', b'GROUP', b'docket-workers', b'DESKTOP-EP5TI1Q#20692', b'COUNT', b'10', b'BLOCK', b'0', b'STREAMS', b'fastmcp:stream', b'>']
2026-01-19 15:45:15,584 - DEBUG - Scheduling due tasks
2026-01-19 15:45:15,584 - DEBUG - >>> None: [b'EVALSHA', b'39773dffbc51ce836d528fa7bc63e81067cfaea6', b'2', b'fastmcp:queue', b'fastmcp:stream', b'1768817715.584575', b'fastmcp']
2026-01-19 15:45:15,600 - DEBUG - Getting redeliveries
2026-01-19 15:45:15,600 - DEBUG - >>> None: [b'XAUTOCLAIM', b'fastmcp:stream', b'docket-workers', b'DESKTOP-EP5TI1Q#20692', b'300000', b'0-0', b'COUNT', b'10']
2026-01-19 15:45:15,601 - DEBUG - Getting new deliveries
2026-01-19 15:45:15,601 - DEBUG - >>> None: [b'XREADGROUP', b'GROUP', b'docket-workers', b'DESKTOP-EP5TI1Q#20692', b'COUNT', b'10', b'BLOCK', b'0', b'STREAMS', b'fastmcp:stream', b'>']
2026-01-19 15:45:15,838 - DEBUG - Scheduling due tasks
2026-01-19 15:45:15,838 - DEBUG - >>> None: [b'EVALSHA', b'39773dffbc51ce836d528fa7bc63e81067cfaea6', b'2', b'fastmcp:queue', b'fastmcp:stream', b'1768817715.838274', b'fastmcp']
2026-01-19 15:45:15,853 - DEBUG - Getting redeliveries
2026-01-19 15:45:15,854 - DEBUG - >>> None: [b'XAUTOCLAIM', b'fastmcp:stream', b'docket-workers', b'DESKTOP-EP5TI1Q#20692', b'300000', b'0-0', b'COUNT', b'10']
2026-01-19 15:45:15,854 - DEBUG - Getting new deliveries
2026-01-19 15:45:15,855 - DEBUG - >>> None: [b'XREADGROUP', b'GROUP', b'docket-workers', b'DESKTOP-EP5TI1Q#20692', b'COUNT', b'10', b'BLOCK', b'0', b'STREAMS', b'fastmcp:stream', b'>']
2026-01-19 15:45:16,096 - DEBUG - Scheduling due tasks
2026-01-19 15:45:16,096 - DEBUG - >>> None: [b'EVALSHA', b'39773dffbc51ce836d528fa7bc63e81067cfaea6', b'2', b'fastmcp:queue', b'fastmcp:stream', b'1768817716.096559', b'fastmcp']
2026-01-19 15:45:16,111 - DEBUG - Getting redeliveries
2026-01-19 15:45:16,112 - DEBUG - >>> None: [b'XAUTOCLAIM', b'fastmcp:stream', b'docket-workers', b'DESKTOP-EP5TI1Q#20692', b'300000', b'0-0', b'COUNT', b'10']
2026-01-19 15:45:16,113 - DEBUG - Getting new deliveries
2026-01-19 15:45:16,114 - DEBUG - >>> None: [b'XREADGROUP', b'GROUP', b'docket-workers', b'DESKTOP-EP5TI1Q#20692', b'COUNT', b'10', b'BLOCK', b'0', b'STREAMS', b'fastmcp:stream', b'>']
2026-01-19 15:45:16,362 - DEBUG - Scheduling due tasks
2026-01-19 15:45:16,362 - DEBUG - >>> None: [b'EVALSHA', b'39773dffbc51ce836d528fa7bc63e81067cfaea6', b'2', b'fastmcp:queue', b'fastmcp:stream', b'1768817716.362427', b'fastmcp']
2026-01-19 15:45:16,379 - DEBUG - Getting redeliveries
2026-01-19 15:45:16,379 - DEBUG - >>> None: [b'XAUTOCLAIM', b'fastmcp:stream', b'docket-workers', b'DESKTOP-EP5TI1Q#20692', b'300000', b'0-0', b'COUNT', b'10']
2026-01-19 15:45:16,380 - DEBUG - Getting new deliveries
2026-01-19 15:45:16,380 - DEBUG - >>> None: [b'XREADGROUP', b'GROUP', b'docket-workers', b'DESKTOP-EP5TI1Q#20692', b'COUNT', b'10', b'BLOCK', b'0', b'STREAMS', b'fastmcp:stream', b'>']
2026-01-19 15:45:16,618 - DEBUG - Scheduling due tasks
2026-01-19 15:45:16,618 - DEBUG - >>> None: [b'EVALSHA', b'39773dffbc51ce836d528fa7bc63e81067cfaea6', b'2', b'fastmcp:queue', b'fastmcp:stream', b'1768817716.618325', b'fastmcp']
2026-01-19 15:45:16,644 - DEBUG - Getting redeliveries
2026-01-19 15:45:16,644 - DEBUG - >>> None: [b'XAUTOCLAIM', b'fastmcp:stream', b'docket-workers', b'DESKTOP-EP5TI1Q#20692', b'300000', b'0-0', b'COUNT', b'10']
2026-01-19 15:45:16,645 - DEBUG - Getting new deliveries
2026-01-19 15:45:16,645 - DEBUG - >>> None: [b'XREADGROUP', b'GROUP', b'docket-workers', b'DESKTOP-EP5TI1Q#20692', b'COUNT', b'10', b'BLOCK', b'0', b'STREAMS', b'fastmcp:stream', b'>']
2026-01-19 15:45:16,878 - DEBUG - Scheduling due tasks
2026-01-19 15:45:16,879 - DEBUG - >>> None: [b'EVALSHA', b'39773dffbc51ce836d528fa7bc63e81067cfaea6', b'2', b'fastmcp:queue', b'fastmcp:stream', b'1768817716.879214', b'fastmcp']
2026-01-19 15:45:16,910 - DEBUG - Getting redeliveries
2026-01-19 15:45:16,911 - DEBUG - >>> None: [b'XAUTOCLAIM', b'fastmcp:stream', b'docket-workers', b'DESKTOP-EP5TI1Q#20692', b'300000', b'0-0', b'COUNT', b'10']
2026-01-19 15:45:16,912 - DEBUG - Getting new deliveries
2026-01-19 15:45:16,912 - DEBUG - >>> None: [b'XREADGROUP', b'GROUP', b'docket-workers', b'DESKTOP-EP5TI1Q#20692', b'COUNT', b'10', b'BLOCK', b'0', b'STREAMS', b'fastmcp:stream', b'>']
2026-01-19 15:45:17,142 - DEBUG - >>> None: [b'MULTI']
2026-01-19 15:45:17,142 - DEBUG - >>> None: [b'ZREMRANGEBYSCORE', b'fastmcp:workers', b'0', b'1768817707.141683']
2026-01-19 15:45:17,142 - DEBUG - >>> None: [b'ZADD', b'fastmcp:workers', b'1768817717.141683', b'DESKTOP-EP5TI1Q#20692']
2026-01-19 15:45:17,143 - DEBUG - >>> None: [b'ZREMRANGEBYSCORE', b'fastmcp:task-workers:trace', b'0', b'1768817707.141683']
2026-01-19 15:45:17,143 - DEBUG - >>> None: [b'ZADD', b'fastmcp:task-workers:trace', b'1768817717.141683', b'DESKTOP-EP5TI1Q#20692']
2026-01-19 15:45:17,143 - DEBUG - >>> None: [b'ZREMRANGEBYSCORE', b'fastmcp:task-workers:fail', b'0', b'1768817707.141683']
2026-01-19 15:45:17,143 - DEBUG - >>> None: [b'ZADD', b'fastmcp:task-workers:fail', b'1768817717.141683', b'DESKTOP-EP5TI1Q#20692']
2026-01-19 15:45:17,143 - DEBUG - >>> None: [b'ZREMRANGEBYSCORE', b'fastmcp:task-workers:sleep', b'0', b'1768817707.141683']
2026-01-19 15:45:17,143 - DEBUG - >>> None: [b'ZADD', b'fastmcp:task-workers:sleep', b'1768817717.141683', b'DESKTOP-EP5TI1Q#20692']
2026-01-19 15:45:17,143 - DEBUG - >>> None: [b'SADD', b'fastmcp:worker-tasks:DESKTOP-EP5TI1Q#20692', b'trace', b'fail', b'sleep']
2026-01-19 15:45:17,143 - DEBUG - >>> None: [b'EXPIRE', b'fastmcp:worker-tasks:DESKTOP-EP5TI1Q#20692', b'10']
2026-01-19 15:45:17,143 - DEBUG - >>> None: [b'EXEC']
2026-01-19 15:45:17,145 - DEBUG - >>> None: [b'MULTI']
2026-01-19 15:45:17,145 - DEBUG - >>> None: [b'XLEN', b'fastmcp:stream']
2026-01-19 15:45:17,145 - DEBUG - >>> None: [b'ZCOUNT', b'fastmcp:queue', b'0', b'1768817717.141683']
2026-01-19 15:45:17,145 - DEBUG - >>> None: [b'ZCOUNT', b'fastmcp:queue', b'1768817717.141683', b'+inf']
2026-01-19 15:45:17,146 - DEBUG - >>> None: [b'EXEC']
2026-01-19 15:45:17,146 - DEBUG - Scheduling due tasks
2026-01-19 15:45:17,146 - DEBUG - >>> None: [b'EVALSHA', b'39773dffbc51ce836d528fa7bc63e81067cfaea6', b'2', b'fastmcp:queue', b'fastmcp:stream', b'1768817717.146516', b'fastmcp']
2026-01-19 15:45:17,174 - DEBUG - Getting redeliveries
2026-01-19 15:45:17,174 - DEBUG - >>> None: [b'XAUTOCLAIM', b'fastmcp:stream', b'docket-workers', b'DESKTOP-EP5TI1Q#20692', b'300000', b'0-0', b'COUNT', b'10']
2026-01-19 15:45:17,175 - DEBUG - Getting new deliveries
2026-01-19 15:45:17,175 - DEBUG - >>> None: [b'XREADGROUP', b'GROUP', b'docket-workers', b'DESKTOP-EP5TI1Q#20692', b'COUNT', b'10', b'BLOCK', b'0', b'STREAMS', b'fastmcp:stream', b'>']
2026-01-19 15:45:17,405 - DEBUG - Scheduling due tasks
2026-01-19 15:45:17,405 - DEBUG - >>> None: [b'EVALSHA', b'39773dffbc51ce836d528fa7bc63e81067cfaea6', b'2', b'fastmcp:queue', b'fastmcp:stream', b'1768817717.40574', b'fastmcp']
2026-01-19 15:45:17,430 - DEBUG - Getting redeliveries
2026-01-19 15:45:17,431 - DEBUG - >>> None: [b'XAUTOCLAIM', b'fastmcp:stream', b'docket-workers', b'DESKTOP-EP5TI1Q#20692', b'300000', b'0-0', b'COUNT', b'10']
2026-01-19 15:45:17,431 - DEBUG - Getting new deliveries
2026-01-19 15:45:17,431 - DEBUG - >>> None: [b'XREADGROUP', b'GROUP', b'docket-workers', b'DESKTOP-EP5TI1Q#20692', b'COUNT', b'10', b'BLOCK', b'0', b'STREAMS', b'fastmcp:stream', b'>']
2026-01-19 15:45:17,670 - DEBUG - Scheduling due tasks
2026-01-19 15:45:17,671 - DEBUG - >>> None: [b'EVALSHA', b'39773dffbc51ce836d528fa7bc63e81067cfaea6', b'2', b'fastmcp:queue', b'fastmcp:stream', b'1768817717.67112', b'fastmcp']
2026-01-19 15:45:17,687 - DEBUG - Getting redeliveries
2026-01-19 15:45:17,687 - DEBUG - >>> None: [b'XAUTOCLAIM', b'fastmcp:stream', b'docket-workers', b'DESKTOP-EP5TI1Q#20692', b'300000', b'0-0', b'COUNT', b'10']
2026-01-19 15:45:17,687 - DEBUG - Getting new deliveries
2026-01-19 15:45:17,688 - DEBUG - >>> None: [b'XREADGROUP', b'GROUP', b'docket-workers', b'DESKTOP-EP5TI1Q#20692', b'COUNT', b'10', b'BLOCK', b'0', b'STREAMS', b'fastmcp:stream', b'>']
2026-01-19 15:45:17,929 - DEBUG - Scheduling due tasks
2026-01-19 15:45:17,929 - DEBUG - >>> None: [b'EVALSHA', b'39773dffbc51ce836d528fa7bc63e81067cfaea6', b'2', b'fastmcp:queue', b'fastmcp:stream', b'1768817717.929372', b'fastmcp']
2026-01-19 15:45:17,942 - DEBUG - Getting redeliveries
2026-01-19 15:45:17,942 - DEBUG - >>> None: [b'XAUTOCLAIM', b'fastmcp:stream', b'docket-workers', b'DESKTOP-EP5TI1Q#20692', b'300000', b'0-0', b'COUNT', b'10']
2026-01-19 15:45:17,942 - DEBUG - Getting new deliveries
2026-01-19 15:45:17,943 - DEBUG - >>> None: [b'XREADGROUP', b'GROUP', b'docket-workers', b'DESKTOP-EP5TI1Q#20692', b'COUNT', b'10', b'BLOCK', b'0', b'STREAMS', b'fastmcp:stream', b'>']
2026-01-19 15:45:18,195 - DEBUG - Scheduling due tasks
2026-01-19 15:45:18,196 - DEBUG - >>> None: [b'EVALSHA', b'39773dffbc51ce836d528fa7bc63e81067cfaea6', b'2', b'fastmcp:queue', b'fastmcp:stream', b'1768817718.195651', b'fastmcp']
2026-01-19 15:45:18,197 - DEBUG - Getting redeliveries
2026-01-19 15:45:18,198 - DEBUG - >>> None: [b'XAUTOCLAIM', b'fastmcp:stream', b'docket-workers', b'DESKTOP-EP5TI1Q#20692', b'300000', b'0-0', b'COUNT', b'10']
2026-01-19 15:45:18,198 - DEBUG - Getting new deliveries
2026-01-19 15:45:18,199 - DEBUG - >>> None: [b'XREADGROUP', b'GROUP', b'docket-workers', b'DESKTOP-EP5TI1Q#20692', b'COUNT', b'10', b'BLOCK', b'0', b'STREAMS', b'fastmcp:stream', b'>']
2026-01-19 15:45:18,450 - DEBUG - Scheduling due tasks
2026-01-19 15:45:18,450 - DEBUG - >>> None: [b'EVALSHA', b'39773dffbc51ce836d528fa7bc63e81067cfaea6', b'2', b'fastmcp:queue', b'fastmcp:stream', b'1768817718.45038', b'fastmcp']
2026-01-19 15:45:18,450 - DEBUG - Getting redeliveries
2026-01-19 15:45:18,450 - DEBUG - >>> None: [b'XAUTOCLAIM', b'fastmcp:stream', b'docket-workers', b'DESKTOP-EP5TI1Q#20692', b'300000', b'0-0', b'COUNT', b'10']
2026-01-19 15:45:18,451 - DEBUG - Getting new deliveries
2026-01-19 15:45:18,451 - DEBUG - >>> None: [b'XREADGROUP', b'GROUP', b'docket-workers', b'DESKTOP-EP5TI1Q#20692', b'COUNT', b'10', b'BLOCK', b'0', b'STREAMS', b'fastmcp:stream', b'>']
2026-01-19 15:45:18,706 - DEBUG - Scheduling due tasks
2026-01-19 15:45:18,707 - DEBUG - >>> None: [b'EVALSHA', b'39773dffbc51ce836d528fa7bc63e81067cfaea6', b'2', b'fastmcp:queue', b'fastmcp:stream', b'1768817718.707242', b'fastmcp']
2026-01-19 15:45:18,708 - DEBUG - Getting redeliveries
2026-01-19 15:45:18,709 - DEBUG - >>> None: [b'XAUTOCLAIM', b'fastmcp:stream', b'docket-workers', b'DESKTOP-EP5TI1Q#20692', b'300000', b'0-0', b'COUNT', b'10']
2026-01-19 15:45:18,709 - DEBUG - Getting new deliveries
2026-01-19 15:45:18,709 - DEBUG - >>> None: [b'XREADGROUP', b'GROUP', b'docket-workers', b'DESKTOP-EP5TI1Q#20692', b'COUNT', b'10', b'BLOCK', b'0', b'STREAMS', b'fastmcp:stream', b'>']
2026-01-19 15:45:18,970 - DEBUG - Scheduling due tasks
2026-01-19 15:45:18,971 - DEBUG - >>> None: [b'EVALSHA', b'39773dffbc51ce836d528fa7bc63e81067cfaea6', b'2', b'fastmcp:queue', b'fastmcp:stream', b'1768817718.971085', b'fastmcp']
2026-01-19 15:45:18,973 - DEBUG - Getting redeliveries
2026-01-19 15:45:18,973 - DEBUG - >>> None: [b'XAUTOCLAIM', b'fastmcp:stream', b'docket-workers', b'DESKTOP-EP5TI1Q#20692', b'300000', b'0-0', b'COUNT', b'10']
2026-01-19 15:45:18,974 - DEBUG - Getting new deliveries
2026-01-19 15:45:18,974 - DEBUG - >>> None: [b'XREADGROUP', b'GROUP', b'docket-workers', b'DESKTOP-EP5TI1Q#20692', b'COUNT', b'10', b'BLOCK', b'0', b'STREAMS', b'fastmcp:stream', b'>']
2026-01-19 15:45:19,161 - DEBUG - >>> None: [b'MULTI']
2026-01-19 15:45:19,161 - DEBUG - >>> None: [b'ZREMRANGEBYSCORE', b'fastmcp:workers', b'0', b'1768817709.161034']
2026-01-19 15:45:19,162 - DEBUG - >>> None: [b'ZADD', b'fastmcp:workers', b'1768817719.161034', b'DESKTOP-EP5TI1Q#20692']
2026-01-19 15:45:19,162 - DEBUG - >>> None: [b'ZREMRANGEBYSCORE', b'fastmcp:task-workers:trace', b'0', b'1768817709.161034']
2026-01-19 15:45:19,162 - DEBUG - >>> None: [b'ZADD', b'fastmcp:task-workers:trace', b'1768817719.161034', b'DESKTOP-EP5TI1Q#20692']
2026-01-19 15:45:19,162 - DEBUG - >>> None: [b'ZREMRANGEBYSCORE', b'fastmcp:task-workers:fail', b'0', b'1768817709.161034']
2026-01-19 15:45:19,162 - DEBUG - >>> None: [b'ZADD', b'fastmcp:task-workers:fail', b'1768817719.161034', b'DESKTOP-EP5TI1Q#20692']
2026-01-19 15:45:19,162 - DEBUG - >>> None: [b'ZREMRANGEBYSCORE', b'fastmcp:task-workers:sleep', b'0', b'1768817709.161034']
2026-01-19 15:45:19,162 - DEBUG - >>> None: [b'ZADD', b'fastmcp:task-workers:sleep', b'1768817719.161034', b'DESKTOP-EP5TI1Q#20692']
2026-01-19 15:45:19,162 - DEBUG - >>> None: [b'SADD', b'fastmcp:worker-tasks:DESKTOP-EP5TI1Q#20692', b'trace', b'fail', b'sleep']
2026-01-19 15:45:19,162 - DEBUG - >>> None: [b'EXPIRE', b'fastmcp:worker-tasks:DESKTOP-EP5TI1Q#20692', b'10']
2026-01-19 15:45:19,163 - DEBUG - >>> None: [b'EXEC']
2026-01-19 15:45:19,165 - DEBUG - >>> None: [b'MULTI']
2026-01-19 15:45:19,165 - DEBUG - >>> None: [b'XLEN', b'fastmcp:stream']
2026-01-19 15:45:19,165 - DEBUG - >>> None: [b'ZCOUNT', b'fastmcp:queue', b'0', b'1768817719.161034']
2026-01-19 15:45:19,165 - DEBUG - >>> None: [b'ZCOUNT', b'fastmcp:queue', b'1768817719.161034', b'+inf']
2026-01-19 15:45:19,165 - DEBUG - >>> None: [b'EXEC']
2026-01-19 15:45:19,225 - DEBUG - Scheduling due tasks
2026-01-19 15:45:19,226 - DEBUG - >>> None: [b'EVALSHA', b'39773dffbc51ce836d528fa7bc63e81067cfaea6', b'2', b'fastmcp:queue', b'fastmcp:stream', b'1768817719.225918', b'fastmcp']
2026-01-19 15:45:19,227 - DEBUG - Getting redeliveries
2026-01-19 15:45:19,228 - DEBUG - >>> None: [b'XAUTOCLAIM', b'fastmcp:stream', b'docket-workers', b'DESKTOP-EP5TI1Q#20692', b'300000', b'0-0', b'COUNT', b'10']
2026-01-19 15:45:19,229 - DEBUG - Getting new deliveries
2026-01-19 15:45:19,229 - DEBUG - >>> None: [b'XREADGROUP', b'GROUP', b'docket-workers', b'DESKTOP-EP5TI1Q#20692', b'COUNT', b'10', b'BLOCK', b'0', b'STREAMS', b'fastmcp:stream', b'>']
2026-01-19 15:45:19,480 - DEBUG - Scheduling due tasks
2026-01-19 15:45:19,481 - DEBUG - >>> None: [b'EVALSHA', b'39773dffbc51ce836d528fa7bc63e81067cfaea6', b'2', b'fastmcp:queue', b'fastmcp:stream', b'1768817719.48089', b'fastmcp']
2026-01-19 15:45:19,484 - DEBUG - Getting redeliveries
2026-01-19 15:45:19,484 - DEBUG - >>> None: [b'XAUTOCLAIM', b'fastmcp:stream', b'docket-workers', b'DESKTOP-EP5TI1Q#20692', b'300000', b'0-0', b'COUNT', b'10']
2026-01-19 15:45:19,485 - DEBUG - Getting new deliveries
2026-01-19 15:45:19,485 - DEBUG - >>> None: [b'XREADGROUP', b'GROUP', b'docket-workers', b'DESKTOP-EP5TI1Q#20692', b'COUNT', b'10', b'BLOCK', b'0', b'STREAMS', b'fastmcp:stream', b'>']
2026-01-19 15:45:19,739 - DEBUG - Scheduling due tasks
2026-01-19 15:45:19,739 - DEBUG - >>> None: [b'EVALSHA', b'39773dffbc51ce836d528fa7bc63e81067cfaea6', b'2', b'fastmcp:queue', b'fastmcp:stream', b'1768817719.739285', b'fastmcp']
2026-01-19 15:45:19,740 - DEBUG - Getting redeliveries
2026-01-19 15:45:19,740 - DEBUG - >>> None: [b'XAUTOCLAIM', b'fastmcp:stream', b'docket-workers', b'DESKTOP-EP5TI1Q#20692', b'300000', b'0-0', b'COUNT', b'10']
2026-01-19 15:45:19,741 - DEBUG - Getting new deliveries
2026-01-19 15:45:19,741 - DEBUG - >>> None: [b'XREADGROUP', b'GROUP', b'docket-workers', b'DESKTOP-EP5TI1Q#20692', b'COUNT', b'10', b'BLOCK', b'0', b'STREAMS', b'fastmcp:stream', b'>']
2026-01-19 15:45:19,993 - DEBUG - Scheduling due tasks
2026-01-19 15:45:19,997 - DEBUG - >>> None: [b'EVALSHA', b'39773dffbc51ce836d528fa7bc63e81067cfaea6', b'2', b'fastmcp:queue', b'fastmcp:stream', b'1768817719.996851', b'fastmcp']
2026-01-19 15:45:19,998 - DEBUG - Getting redeliveries
2026-01-19 15:45:19,998 - DEBUG - >>> None: [b'XAUTOCLAIM', b'fastmcp:stream', b'docket-workers', b'DESKTOP-EP5TI1Q#20692', b'300000', b'0-0', b'COUNT', b'10']
2026-01-19 15:45:19,999 - DEBUG - Getting new deliveries
2026-01-19 15:45:20,000 - DEBUG - >>> None: [b'XREADGROUP', b'GROUP', b'docket-workers', b'DESKTOP-EP5TI1Q#20692', b'COUNT', b'10', b'BLOCK', b'0', b'STREAMS', b'fastmcp:stream', b'>']
2026-01-19 15:45:20,262 - DEBUG - Scheduling due tasks
2026-01-19 15:45:20,263 - DEBUG - >>> None: [b'EVALSHA', b'39773dffbc51ce836d528fa7bc63e81067cfaea6', b'2', b'fastmcp:queue', b'fastmcp:stream', b'1768817720.262716', b'fastmcp']
2026-01-19 15:45:20,264 - DEBUG - Getting redeliveries
2026-01-19 15:45:20,264 - DEBUG - >>> None: [b'XAUTOCLAIM', b'fastmcp:stream', b'docket-workers', b'DESKTOP-EP5TI1Q#20692', b'300000', b'0-0', b'COUNT', b'10']
2026-01-19 15:45:20,264 - DEBUG - Getting new deliveries
2026-01-19 15:45:20,265 - DEBUG - >>> None: [b'XREADGROUP', b'GROUP', b'docket-workers', b'DESKTOP-EP5TI1Q#20692', b'COUNT', b'10', b'BLOCK', b'0', b'STREAMS', b'fastmcp:stream', b'>']
2026-01-19 15:45:20,518 - DEBUG - Scheduling due tasks
2026-01-19 15:45:20,519 - DEBUG - >>> None: [b'EVALSHA', b'39773dffbc51ce836d528fa7bc63e81067cfaea6', b'2', b'fastmcp:queue', b'fastmcp:stream', b'1768817720.518943', b'fastmcp']
2026-01-19 15:45:20,520 - DEBUG - Getting redeliveries
2026-01-19 15:45:20,520 - DEBUG - >>> None: [b'XAUTOCLAIM', b'fastmcp:stream', b'docket-workers', b'DESKTOP-EP5TI1Q#20692', b'300000', b'0-0', b'COUNT', b'10']
2026-01-19 15:45:20,521 - DEBUG - Getting new deliveries
2026-01-19 15:45:20,521 - DEBUG - >>> None: [b'XREADGROUP', b'GROUP', b'docket-workers', b'DESKTOP-EP5TI1Q#20692', b'COUNT', b'10', b'BLOCK', b'0', b'STREAMS', b'fastmcp:stream', b'>']
2026-01-19 15:45:20,772 - DEBUG - Scheduling due tasks
2026-01-19 15:45:20,773 - DEBUG - >>> None: [b'EVALSHA', b'39773dffbc51ce836d528fa7bc63e81067cfaea6', b'2', b'fastmcp:queue', b'fastmcp:stream', b'1768817720.772917', b'fastmcp']
2026-01-19 15:45:20,773 - DEBUG - Getting redeliveries
2026-01-19 15:45:20,773 - DEBUG - >>> None: [b'XAUTOCLAIM', b'fastmcp:stream', b'docket-workers', b'DESKTOP-EP5TI1Q#20692', b'300000', b'0-0', b'COUNT', b'10']
2026-01-19 15:45:20,774 - DEBUG - Getting new deliveries
2026-01-19 15:45:20,774 - DEBUG - >>> None: [b'XREADGROUP', b'GROUP', b'docket-workers', b'DESKTOP-EP5TI1Q#20692', b'COUNT', b'10', b'BLOCK', b'0', b'STREAMS', b'fastmcp:stream', b'>']
2026-01-19 15:45:21,025 - DEBUG - Scheduling due tasks
2026-01-19 15:45:21,026 - DEBUG - >>> None: [b'EVALSHA', b'39773dffbc51ce836d528fa7bc63e81067cfaea6', b'2', b'fastmcp:queue', b'fastmcp:stream', b'1768817721.026072', b'fastmcp']
2026-01-19 15:45:21,027 - DEBUG - Getting redeliveries
2026-01-19 15:45:21,027 - DEBUG - >>> None: [b'XAUTOCLAIM', b'fastmcp:stream', b'docket-workers', b'DESKTOP-EP5TI1Q#20692', b'300000', b'0-0', b'COUNT', b'10']
2026-01-19 15:45:21,028 - DEBUG - Getting new deliveries
2026-01-19 15:45:21,028 - DEBUG - >>> None: [b'XREADGROUP', b'GROUP', b'docket-workers', b'DESKTOP-EP5TI1Q#20692', b'COUNT', b'10', b'BLOCK', b'0', b'STREAMS', b'fastmcp:stream', b'>']
2026-01-19 15:45:21,172 - DEBUG - >>> None: [b'MULTI']
2026-01-19 15:45:21,173 - DEBUG - >>> None: [b'ZREMRANGEBYSCORE', b'fastmcp:workers', b'0', b'1768817711.169684']
2026-01-19 15:45:21,173 - DEBUG - >>> None: [b'ZADD', b'fastmcp:workers', b'1768817721.169684', b'DESKTOP-EP5TI1Q#20692']
2026-01-19 15:45:21,174 - DEBUG - >>> None: [b'ZREMRANGEBYSCORE', b'fastmcp:task-workers:trace', b'0', b'1768817711.169684']
2026-01-19 15:45:21,174 - DEBUG - >>> None: [b'ZADD', b'fastmcp:task-workers:trace', b'1768817721.169684', b'DESKTOP-EP5TI1Q#20692']
2026-01-19 15:45:21,174 - DEBUG - >>> None: [b'ZREMRANGEBYSCORE', b'fastmcp:task-workers:fail', b'0', b'1768817711.169684']
2026-01-19 15:45:21,174 - DEBUG - >>> None: [b'ZADD', b'fastmcp:task-workers:fail', b'1768817721.169684', b'DESKTOP-EP5TI1Q#20692']
2026-01-19 15:45:21,175 - DEBUG - >>> None: [b'ZREMRANGEBYSCORE', b'fastmcp:task-workers:sleep', b'0', b'1768817711.169684']
2026-01-19 15:45:21,175 - DEBUG - >>> None: [b'ZADD', b'fastmcp:task-workers:sleep', b'1768817721.169684', b'DESKTOP-EP5TI1Q#20692']
2026-01-19 15:45:21,175 - DEBUG - >>> None: [b'SADD', b'fastmcp:worker-tasks:DESKTOP-EP5TI1Q#20692', b'trace', b'fail', b'sleep']
2026-01-19 15:45:21,176 - DEBUG - >>> None: [b'EXPIRE', b'fastmcp:worker-tasks:DESKTOP-EP5TI1Q#20692', b'10']
2026-01-19 15:45:21,176 - DEBUG - >>> None: [b'EXEC']
2026-01-19 15:45:21,178 - DEBUG - >>> None: [b'MULTI']
2026-01-19 15:45:21,178 - DEBUG - >>> None: [b'XLEN', b'fastmcp:stream']
2026-01-19 15:45:21,178 - DEBUG - >>> None: [b'ZCOUNT', b'fastmcp:queue', b'0', b'1768817721.169684']
2026-01-19 15:45:21,178 - DEBUG - >>> None: [b'ZCOUNT', b'fastmcp:queue', b'1768817721.169684', b'+inf']
2026-01-19 15:45:21,179 - DEBUG - >>> None: [b'EXEC']
2026-01-19 15:45:21,282 - DEBUG - Scheduling due tasks
2026-01-19 15:45:21,282 - DEBUG - >>> None: [b'EVALSHA', b'39773dffbc51ce836d528fa7bc63e81067cfaea6', b'2', b'fastmcp:queue', b'fastmcp:stream', b'1768817721.282394', b'fastmcp']
2026-01-19 15:45:21,283 - DEBUG - Getting redeliveries
2026-01-19 15:45:21,283 - DEBUG - >>> None: [b'XAUTOCLAIM', b'fastmcp:stream', b'docket-workers', b'DESKTOP-EP5TI1Q#20692', b'300000', b'0-0', b'COUNT', b'10']
2026-01-19 15:45:21,284 - DEBUG - Getting new deliveries
2026-01-19 15:45:21,284 - DEBUG - >>> None: [b'XREADGROUP', b'GROUP', b'docket-workers', b'DESKTOP-EP5TI1Q#20692', b'COUNT', b'10', b'BLOCK', b'0', b'STREAMS', b'fastmcp:stream', b'>']
2026-01-19 15:45:21,535 - DEBUG - Scheduling due tasks
2026-01-19 15:45:21,536 - DEBUG - >>> None: [b'EVALSHA', b'39773dffbc51ce836d528fa7bc63e81067cfaea6', b'2', b'fastmcp:queue', b'fastmcp:stream', b'1768817721.535756', b'fastmcp']
2026-01-19 15:45:21,537 - DEBUG - Getting redeliveries
2026-01-19 15:45:21,538 - DEBUG - >>> None: [b'XAUTOCLAIM', b'fastmcp:stream', b'docket-workers', b'DESKTOP-EP5TI1Q#20692', b'300000', b'0-0', b'COUNT', b'10']
2026-01-19 15:45:21,538 - DEBUG - Getting new deliveries
2026-01-19 15:45:21,539 - DEBUG - >>> None: [b'XREADGROUP', b'GROUP', b'docket-workers', b'DESKTOP-EP5TI1Q#20692', b'COUNT', b'10', b'BLOCK', b'0', b'STREAMS', b'fastmcp:stream', b'>']
2026-01-19 15:45:21,788 - DEBUG - Scheduling due tasks
2026-01-19 15:45:21,789 - DEBUG - >>> None: [b'EVALSHA', b'39773dffbc51ce836d528fa7bc63e81067cfaea6', b'2', b'fastmcp:queue', b'fastmcp:stream', b'1768817721.789146', b'fastmcp']
2026-01-19 15:45:21,790 - DEBUG - Getting redeliveries
2026-01-19 15:45:21,790 - DEBUG - >>> None: [b'XAUTOCLAIM', b'fastmcp:stream', b'docket-workers', b'DESKTOP-EP5TI1Q#20692', b'300000', b'0-0', b'COUNT', b'10']
2026-01-19 15:45:21,791 - DEBUG - Getting new deliveries
2026-01-19 15:45:21,791 - DEBUG - >>> None: [b'XREADGROUP', b'GROUP', b'docket-workers', b'DESKTOP-EP5TI1Q#20692', b'COUNT', b'10', b'BLOCK', b'0', b'STREAMS', b'fastmcp:stream', b'>']
2026-01-19 15:45:22,043 - DEBUG - Scheduling due tasks
2026-01-19 15:45:22,044 - DEBUG - >>> None: [b'EVALSHA', b'39773dffbc51ce836d528fa7bc63e81067cfaea6', b'2', b'fastmcp:queue', b'fastmcp:stream', b'1768817722.044241', b'fastmcp']
2026-01-19 15:45:22,046 - DEBUG - Getting redeliveries
2026-01-19 15:45:22,046 - DEBUG - >>> None: [b'XAUTOCLAIM', b'fastmcp:stream', b'docket-workers', b'DESKTOP-EP5TI1Q#20692', b'300000', b'0-0', b'COUNT', b'10']
2026-01-19 15:45:22,047 - DEBUG - Getting new deliveries
2026-01-19 15:45:22,047 - DEBUG - >>> None: [b'XREADGROUP', b'GROUP', b'docket-workers', b'DESKTOP-EP5TI1Q#20692', b'COUNT', b'10', b'BLOCK', b'0', b'STREAMS', b'fastmcp:stream', b'>']
2026-01-19 15:45:22,298 - DEBUG - Scheduling due tasks
2026-01-19 15:45:22,299 - DEBUG - >>> None: [b'EVALSHA', b'39773dffbc51ce836d528fa7bc63e81067cfaea6', b'2', b'fastmcp:queue', b'fastmcp:stream', b'1768817722.298714', b'fastmcp']
2026-01-19 15:45:22,300 - DEBUG - Getting redeliveries
2026-01-19 15:45:22,300 - DEBUG - >>> None: [b'XAUTOCLAIM', b'fastmcp:stream', b'docket-workers', b'DESKTOP-EP5TI1Q#20692', b'300000', b'0-0', b'COUNT', b'10']
2026-01-19 15:45:22,300 - DEBUG - Getting new deliveries
2026-01-19 15:45:22,301 - DEBUG - >>> None: [b'XREADGROUP', b'GROUP', b'docket-workers', b'DESKTOP-EP5TI1Q#20692', b'COUNT', b'10', b'BLOCK', b'0', b'STREAMS', b'fastmcp:stream', b'>']
2026-01-19 15:45:22,552 - DEBUG - Scheduling due tasks
2026-01-19 15:45:22,553 - DEBUG - >>> None: [b'EVALSHA', b'39773dffbc51ce836d528fa7bc63e81067cfaea6', b'2', b'fastmcp:queue', b'fastmcp:stream', b'1768817722.553009', b'fastmcp']
2026-01-19 15:45:22,554 - DEBUG - Getting redeliveries
2026-01-19 15:45:22,554 - DEBUG - >>> None: [b'XAUTOCLAIM', b'fastmcp:stream', b'docket-workers', b'DESKTOP-EP5TI1Q#20692', b'300000', b'0-0', b'COUNT', b'10']
2026-01-19 15:45:22,554 - DEBUG - Getting new deliveries
2026-01-19 15:45:22,555 - DEBUG - >>> None: [b'XREADGROUP', b'GROUP', b'docket-workers', b'DESKTOP-EP5TI1Q#20692', b'COUNT', b'10', b'BLOCK', b'0', b'STREAMS', b'fastmcp:stream', b'>']
2026-01-19 15:45:22,808 - DEBUG - Scheduling due tasks
2026-01-19 15:45:22,808 - DEBUG - >>> None: [b'EVALSHA', b'39773dffbc51ce836d528fa7bc63e81067cfaea6', b'2', b'fastmcp:queue', b'fastmcp:stream', b'1768817722.808444', b'fastmcp']
2026-01-19 15:45:22,809 - DEBUG - Getting redeliveries
2026-01-19 15:45:22,810 - DEBUG - >>> None: [b'XAUTOCLAIM', b'fastmcp:stream', b'docket-workers', b'DESKTOP-EP5TI1Q#20692', b'300000', b'0-0', b'COUNT', b'10']
2026-01-19 15:45:22,810 - DEBUG - Getting new deliveries
2026-01-19 15:45:22,811 - DEBUG - >>> None: [b'XREADGROUP', b'GROUP', b'docket-workers', b'DESKTOP-EP5TI1Q#20692', b'COUNT', b'10', b'BLOCK', b'0', b'STREAMS', b'fastmcp:stream', b'>']
2026-01-19 15:45:23,061 - DEBUG - Scheduling due tasks
2026-01-19 15:45:23,062 - DEBUG - >>> None: [b'EVALSHA', b'39773dffbc51ce836d528fa7bc63e81067cfaea6', b'2', b'fastmcp:queue', b'fastmcp:stream', b'1768817723.062145', b'fastmcp']
2026-01-19 15:45:23,064 - DEBUG - Getting redeliveries
2026-01-19 15:45:23,064 - DEBUG - >>> None: [b'XAUTOCLAIM', b'fastmcp:stream', b'docket-workers', b'DESKTOP-EP5TI1Q#20692', b'300000', b'0-0', b'COUNT', b'10']
2026-01-19 15:45:23,065 - DEBUG - Getting new deliveries
2026-01-19 15:45:23,066 - DEBUG - >>> None: [b'XREADGROUP', b'GROUP', b'docket-workers', b'DESKTOP-EP5TI1Q#20692', b'COUNT', b'10', b'BLOCK', b'0', b'STREAMS', b'fastmcp:stream', b'>']
2026-01-19 15:45:23,187 - DEBUG - >>> None: [b'MULTI']
2026-01-19 15:45:23,187 - DEBUG - >>> None: [b'ZREMRANGEBYSCORE', b'fastmcp:workers', b'0', b'1768817713.186451']
2026-01-19 15:45:23,188 - DEBUG - >>> None: [b'ZADD', b'fastmcp:workers', b'1768817723.186451', b'DESKTOP-EP5TI1Q#20692']
2026-01-19 15:45:23,188 - DEBUG - >>> None: [b'ZREMRANGEBYSCORE', b'fastmcp:task-workers:trace', b'0', b'1768817713.186451']
2026-01-19 15:45:23,188 - DEBUG - >>> None: [b'ZADD', b'fastmcp:task-workers:trace', b'1768817723.186451', b'DESKTOP-EP5TI1Q#20692']
2026-01-19 15:45:23,188 - DEBUG - >>> None: [b'ZREMRANGEBYSCORE', b'fastmcp:task-workers:fail', b'0', b'1768817713.186451']
2026-01-19 15:45:23,188 - DEBUG - >>> None: [b'ZADD', b'fastmcp:task-workers:fail', b'1768817723.186451', b'DESKTOP-EP5TI1Q#20692']
2026-01-19 15:45:23,189 - DEBUG - >>> None: [b'ZREMRANGEBYSCORE', b'fastmcp:task-workers:sleep', b'0', b'1768817713.186451']
2026-01-19 15:45:23,189 - DEBUG - >>> None: [b'ZADD', b'fastmcp:task-workers:sleep', b'1768817723.186451', b'DESKTOP-EP5TI1Q#20692']
2026-01-19 15:45:23,189 - DEBUG - >>> None: [b'SADD', b'fastmcp:worker-tasks:DESKTOP-EP5TI1Q#20692', b'trace', b'fail', b'sleep']
2026-01-19 15:45:23,189 - DEBUG - >>> None: [b'EXPIRE', b'fastmcp:worker-tasks:DESKTOP-EP5TI1Q#20692', b'10']
2026-01-19 15:45:23,189 - DEBUG - >>> None: [b'EXEC']
2026-01-19 15:45:23,191 - DEBUG - >>> None: [b'MULTI']
2026-01-19 15:45:23,191 - DEBUG - >>> None: [b'XLEN', b'fastmcp:stream']
2026-01-19 15:45:23,192 - DEBUG - >>> None: [b'ZCOUNT', b'fastmcp:queue', b'0', b'1768817723.186451']
2026-01-19 15:45:23,192 - DEBUG - >>> None: [b'ZCOUNT', b'fastmcp:queue', b'1768817723.186451', b'+inf']
2026-01-19 15:45:23,192 - DEBUG - >>> None: [b'EXEC']
2026-01-19 15:45:23,314 - DEBUG - Scheduling due tasks
2026-01-19 15:45:23,315 - DEBUG - >>> None: [b'EVALSHA', b'39773dffbc51ce836d528fa7bc63e81067cfaea6', b'2', b'fastmcp:queue', b'fastmcp:stream', b'1768817723.314951', b'fastmcp']
2026-01-19 15:45:23,330 - DEBUG - Getting redeliveries
2026-01-19 15:45:23,331 - DEBUG - >>> None: [b'XAUTOCLAIM', b'fastmcp:stream', b'docket-workers', b'DESKTOP-EP5TI1Q#20692', b'300000', b'0-0', b'COUNT', b'10']
2026-01-19 15:45:23,331 - DEBUG - Getting new deliveries
2026-01-19 15:45:23,331 - DEBUG - >>> None: [b'XREADGROUP', b'GROUP', b'docket-workers', b'DESKTOP-EP5TI1Q#20692', b'COUNT', b'10', b'BLOCK', b'0', b'STREAMS', b'fastmcp:stream', b'>']
2026-01-19 15:45:23,570 - DEBUG - Scheduling due tasks
2026-01-19 15:45:23,571 - DEBUG - >>> None: [b'EVALSHA', b'39773dffbc51ce836d528fa7bc63e81067cfaea6', b'2', b'fastmcp:queue', b'fastmcp:stream', b'1768817723.571319', b'fastmcp']
2026-01-19 15:45:23,586 - DEBUG - Getting redeliveries
2026-01-19 15:45:23,587 - DEBUG - >>> None: [b'XAUTOCLAIM', b'fastmcp:stream', b'docket-workers', b'DESKTOP-EP5TI1Q#20692', b'300000', b'0-0', b'COUNT', b'10']
2026-01-19 15:45:23,587 - DEBUG - Getting new deliveries
2026-01-19 15:45:23,588 - DEBUG - >>> None: [b'XREADGROUP', b'GROUP', b'docket-workers', b'DESKTOP-EP5TI1Q#20692', b'COUNT', b'10', b'BLOCK', b'0', b'STREAMS', b'fastmcp:stream', b'>']
2026-01-19 15:45:23,826 - DEBUG - Scheduling due tasks
2026-01-19 15:45:23,827 - DEBUG - >>> None: [b'EVALSHA', b'39773dffbc51ce836d528fa7bc63e81067cfaea6', b'2', b'fastmcp:queue', b'fastmcp:stream', b'1768817723.826755', b'fastmcp']
2026-01-19 15:45:23,842 - DEBUG - Getting redeliveries
2026-01-19 15:45:23,843 - DEBUG - >>> None: [b'XAUTOCLAIM', b'fastmcp:stream', b'docket-workers', b'DESKTOP-EP5TI1Q#20692', b'300000', b'0-0', b'COUNT', b'10']
2026-01-19 15:45:23,843 - DEBUG - Getting new deliveries
2026-01-19 15:45:23,844 - DEBUG - >>> None: [b'XREADGROUP', b'GROUP', b'docket-workers', b'DESKTOP-EP5TI1Q#20692', b'COUNT', b'10', b'BLOCK', b'0', b'STREAMS', b'fastmcp:stream', b'>']
2026-01-19 15:45:24,082 - DEBUG - Scheduling due tasks
2026-01-19 15:45:24,089 - DEBUG - >>> None: [b'EVALSHA', b'39773dffbc51ce836d528fa7bc63e81067cfaea6', b'2', b'fastmcp:queue', b'fastmcp:stream', b'1768817724.089472', b'fastmcp']
2026-01-19 15:45:24,097 - DEBUG - Getting redeliveries
2026-01-19 15:45:24,099 - DEBUG - >>> None: [b'XAUTOCLAIM', b'fastmcp:stream', b'docket-workers', b'DESKTOP-EP5TI1Q#20692', b'300000', b'0-0', b'COUNT', b'10']
2026-01-19 15:45:24,099 - DEBUG - Getting new deliveries
2026-01-19 15:45:24,099 - DEBUG - >>> None: [b'XREADGROUP', b'GROUP', b'docket-workers', b'DESKTOP-EP5TI1Q#20692', b'COUNT', b'10', b'BLOCK', b'0', b'STREAMS', b'fastmcp:stream', b'>']
2026-01-19 15:45:24,352 - DEBUG - Scheduling due tasks
2026-01-19 15:45:24,353 - DEBUG - >>> None: [b'EVALSHA', b'39773dffbc51ce836d528fa7bc63e81067cfaea6', b'2', b'fastmcp:queue', b'fastmcp:stream', b'1768817724.35291', b'fastmcp']
2026-01-19 15:45:24,354 - DEBUG - Getting redeliveries
2026-01-19 15:45:24,355 - DEBUG - >>> None: [b'XAUTOCLAIM', b'fastmcp:stream', b'docket-workers', b'DESKTOP-EP5TI1Q#20692', b'300000', b'0-0', b'COUNT', b'10']
2026-01-19 15:45:24,355 - DEBUG - Getting new deliveries
2026-01-19 15:45:24,355 - DEBUG - >>> None: [b'XREADGROUP', b'GROUP', b'docket-workers', b'DESKTOP-EP5TI1Q#20692', b'COUNT', b'10', b'BLOCK', b'0', b'STREAMS', b'fastmcp:stream', b'>']
2026-01-19 15:45:24,608 - DEBUG - Scheduling due tasks
2026-01-19 15:45:24,609 - DEBUG - >>> None: [b'EVALSHA', b'39773dffbc51ce836d528fa7bc63e81067cfaea6', b'2', b'fastmcp:queue', b'fastmcp:stream', b'1768817724.608962', b'fastmcp']
2026-01-19 15:45:24,610 - DEBUG - Getting redeliveries
2026-01-19 15:45:24,610 - DEBUG - >>> None: [b'XAUTOCLAIM', b'fastmcp:stream', b'docket-workers', b'DESKTOP-EP5TI1Q#20692', b'300000', b'0-0', b'COUNT', b'10']
2026-01-19 15:45:24,611 - DEBUG - Getting new deliveries
2026-01-19 15:45:24,611 - DEBUG - >>> None: [b'XREADGROUP', b'GROUP', b'docket-workers', b'DESKTOP-EP5TI1Q#20692', b'COUNT', b'10', b'BLOCK', b'0', b'STREAMS', b'fastmcp:stream', b'>']
2026-01-19 15:45:24,861 - DEBUG - Scheduling due tasks
2026-01-19 15:45:24,862 - DEBUG - >>> None: [b'EVALSHA', b'39773dffbc51ce836d528fa7bc63e81067cfaea6', b'2', b'fastmcp:queue', b'fastmcp:stream', b'1768817724.862073', b'fastmcp']
2026-01-19 15:45:24,863 - DEBUG - Getting redeliveries
2026-01-19 15:45:24,863 - DEBUG - >>> None: [b'XAUTOCLAIM', b'fastmcp:stream', b'docket-workers', b'DESKTOP-EP5TI1Q#20692', b'300000', b'0-0', b'COUNT', b'10']
2026-01-19 15:45:24,864 - DEBUG - Getting new deliveries
2026-01-19 15:45:24,864 - DEBUG - >>> None: [b'XREADGROUP', b'GROUP', b'docket-workers', b'DESKTOP-EP5TI1Q#20692', b'COUNT', b'10', b'BLOCK', b'0', b'STREAMS', b'fastmcp:stream', b'>']
2026-01-19 15:45:25,117 - DEBUG - Scheduling due tasks
2026-01-19 15:45:25,118 - DEBUG - >>> None: [b'EVALSHA', b'39773dffbc51ce836d528fa7bc63e81067cfaea6', b'2', b'fastmcp:queue', b'fastmcp:stream', b'1768817725.11783', b'fastmcp']
2026-01-19 15:45:25,119 - DEBUG - Getting redeliveries
2026-01-19 15:45:25,119 - DEBUG - >>> None: [b'XAUTOCLAIM', b'fastmcp:stream', b'docket-workers', b'DESKTOP-EP5TI1Q#20692', b'300000', b'0-0', b'COUNT', b'10']
2026-01-19 15:45:25,120 - DEBUG - Getting new deliveries
2026-01-19 15:45:25,121 - DEBUG - >>> None: [b'XREADGROUP', b'GROUP', b'docket-workers', b'DESKTOP-EP5TI1Q#20692', b'COUNT', b'10', b'BLOCK', b'0', b'STREAMS', b'fastmcp:stream', b'>']
2026-01-19 15:45:25,197 - DEBUG - >>> None: [b'MULTI']
2026-01-19 15:45:25,198 - DEBUG - >>> None: [b'ZREMRANGEBYSCORE', b'fastmcp:workers', b'0', b'1768817715.196815']
2026-01-19 15:45:25,198 - DEBUG - >>> None: [b'ZADD', b'fastmcp:workers', b'1768817725.196815', b'DESKTOP-EP5TI1Q#20692']
2026-01-19 15:45:25,198 - DEBUG - >>> None: [b'ZREMRANGEBYSCORE', b'fastmcp:task-workers:trace', b'0', b'1768817715.196815']
2026-01-19 15:45:25,199 - DEBUG - >>> None: [b'ZADD', b'fastmcp:task-workers:trace', b'1768817725.196815', b'DESKTOP-EP5TI1Q#20692']
2026-01-19 15:45:25,199 - DEBUG - >>> None: [b'ZREMRANGEBYSCORE', b'fastmcp:task-workers:fail', b'0', b'1768817715.196815']
2026-01-19 15:45:25,200 - DEBUG - >>> None: [b'ZADD', b'fastmcp:task-workers:fail', b'1768817725.196815', b'DESKTOP-EP5TI1Q#20692']
2026-01-19 15:45:25,200 - DEBUG - >>> None: [b'ZREMRANGEBYSCORE', b'fastmcp:task-workers:sleep', b'0', b'1768817715.196815']
2026-01-19 15:45:25,200 - DEBUG - >>> None: [b'ZADD', b'fastmcp:task-workers:sleep', b'1768817725.196815', b'DESKTOP-EP5TI1Q#20692']
2026-01-19 15:45:25,201 - DEBUG - >>> None: [b'SADD', b'fastmcp:worker-tasks:DESKTOP-EP5TI1Q#20692', b'trace', b'fail', b'sleep']
2026-01-19 15:45:25,201 - DEBUG - >>> None: [b'EXPIRE', b'fastmcp:worker-tasks:DESKTOP-EP5TI1Q#20692', b'10']
2026-01-19 15:45:25,201 - DEBUG - >>> None: [b'EXEC']
2026-01-19 15:45:25,204 - DEBUG - >>> None: [b'MULTI']
2026-01-19 15:45:25,204 - DEBUG - >>> None: [b'XLEN', b'fastmcp:stream']
2026-01-19 15:45:25,204 - DEBUG - >>> None: [b'ZCOUNT', b'fastmcp:queue', b'0', b'1768817725.196815']
2026-01-19 15:45:25,205 - DEBUG - >>> None: [b'ZCOUNT', b'fastmcp:queue', b'1768817725.196815', b'+inf']
2026-01-19 15:45:25,205 - DEBUG - >>> None: [b'EXEC']
2026-01-19 15:45:25,371 - DEBUG - Scheduling due tasks
2026-01-19 15:45:25,372 - DEBUG - >>> None: [b'EVALSHA', b'39773dffbc51ce836d528fa7bc63e81067cfaea6', b'2', b'fastmcp:queue', b'fastmcp:stream', b'1768817725.371838', b'fastmcp']
2026-01-19 15:45:25,373 - DEBUG - Getting redeliveries
2026-01-19 15:45:25,374 - DEBUG - >>> None: [b'XAUTOCLAIM', b'fastmcp:stream', b'docket-workers', b'DESKTOP-EP5TI1Q#20692', b'300000', b'0-0', b'COUNT', b'10']
2026-01-19 15:45:25,374 - DEBUG - Getting new deliveries
2026-01-19 15:45:25,374 - DEBUG - >>> None: [b'XREADGROUP', b'GROUP', b'docket-workers', b'DESKTOP-EP5TI1Q#20692', b'COUNT', b'10', b'BLOCK', b'0', b'STREAMS', b'fastmcp:stream', b'>']
2026-01-19 15:45:25,627 - DEBUG - Scheduling due tasks
2026-01-19 15:45:25,628 - DEBUG - >>> None: [b'EVALSHA', b'39773dffbc51ce836d528fa7bc63e81067cfaea6', b'2', b'fastmcp:queue', b'fastmcp:stream', b'1768817725.628454', b'fastmcp']
2026-01-19 15:45:25,629 - DEBUG - Getting redeliveries
2026-01-19 15:45:25,630 - DEBUG - >>> None: [b'XAUTOCLAIM', b'fastmcp:stream', b'docket-workers', b'DESKTOP-EP5TI1Q#20692', b'300000', b'0-0', b'COUNT', b'10']
2026-01-19 15:45:25,630 - DEBUG - Getting new deliveries
2026-01-19 15:45:25,630 - DEBUG - >>> None: [b'XREADGROUP', b'GROUP', b'docket-workers', b'DESKTOP-EP5TI1Q#20692', b'COUNT', b'10', b'BLOCK', b'0', b'STREAMS', b'fastmcp:stream', b'>']
2026-01-19 15:45:25,882 - DEBUG - Scheduling due tasks
2026-01-19 15:45:25,883 - DEBUG - >>> None: [b'EVALSHA', b'39773dffbc51ce836d528fa7bc63e81067cfaea6', b'2', b'fastmcp:queue', b'fastmcp:stream', b'1768817725.882515', b'fastmcp']
2026-01-19 15:45:25,884 - DEBUG - Getting redeliveries
2026-01-19 15:45:25,884 - DEBUG - >>> None: [b'XAUTOCLAIM', b'fastmcp:stream', b'docket-workers', b'DESKTOP-EP5TI1Q#20692', b'300000', b'0-0', b'COUNT', b'10']
2026-01-19 15:45:25,884 - DEBUG - Getting new deliveries
2026-01-19 15:45:25,884 - DEBUG - >>> None: [b'XREADGROUP', b'GROUP', b'docket-workers', b'DESKTOP-EP5TI1Q#20692', b'COUNT', b'10', b'BLOCK', b'0', b'STREAMS', b'fastmcp:stream', b'>']
2026-01-19 15:45:26,136 - DEBUG - Scheduling due tasks
2026-01-19 15:45:26,137 - DEBUG - >>> None: [b'EVALSHA', b'39773dffbc51ce836d528fa7bc63e81067cfaea6', b'2', b'fastmcp:queue', b'fastmcp:stream', b'1768817726.136732', b'fastmcp']
2026-01-19 15:45:26,139 - DEBUG - Getting redeliveries
2026-01-19 15:45:26,139 - DEBUG - >>> None: [b'XAUTOCLAIM', b'fastmcp:stream', b'docket-workers', b'DESKTOP-EP5TI1Q#20692', b'300000', b'0-0', b'COUNT', b'10']
2026-01-19 15:45:26,140 - DEBUG - Getting new deliveries
2026-01-19 15:45:26,140 - DEBUG - >>> None: [b'XREADGROUP', b'GROUP', b'docket-workers', b'DESKTOP-EP5TI1Q#20692', b'COUNT', b'10', b'BLOCK', b'0', b'STREAMS', b'fastmcp:stream', b'>']
2026-01-19 15:45:26,390 - DEBUG - Scheduling due tasks
2026-01-19 15:45:26,391 - DEBUG - >>> None: [b'EVALSHA', b'39773dffbc51ce836d528fa7bc63e81067cfaea6', b'2', b'fastmcp:queue', b'fastmcp:stream', b'1768817726.390876', b'fastmcp']
2026-01-19 15:45:26,392 - DEBUG - Getting redeliveries
2026-01-19 15:45:26,392 - DEBUG - >>> None: [b'XAUTOCLAIM', b'fastmcp:stream', b'docket-workers', b'DESKTOP-EP5TI1Q#20692', b'300000', b'0-0', b'COUNT', b'10']
2026-01-19 15:45:26,393 - DEBUG - Getting new deliveries
2026-01-19 15:45:26,393 - DEBUG - >>> None: [b'XREADGROUP', b'GROUP', b'docket-workers', b'DESKTOP-EP5TI1Q#20692', b'COUNT', b'10', b'BLOCK', b'0', b'STREAMS', b'fastmcp:stream', b'>']
2026-01-19 15:45:26,644 - DEBUG - Scheduling due tasks
2026-01-19 15:45:26,645 - DEBUG - >>> None: [b'EVALSHA', b'39773dffbc51ce836d528fa7bc63e81067cfaea6', b'2', b'fastmcp:queue', b'fastmcp:stream', b'1768817726.645227', b'fastmcp']
2026-01-19 15:45:26,647 - DEBUG - Getting redeliveries
2026-01-19 15:45:26,647 - DEBUG - >>> None: [b'XAUTOCLAIM', b'fastmcp:stream', b'docket-workers', b'DESKTOP-EP5TI1Q#20692', b'300000', b'0-0', b'COUNT', b'10']
2026-01-19 15:45:26,648 - DEBUG - Getting new deliveries
2026-01-19 15:45:26,648 - DEBUG - >>> None: [b'XREADGROUP', b'GROUP', b'docket-workers', b'DESKTOP-EP5TI1Q#20692', b'COUNT', b'10', b'BLOCK', b'0', b'STREAMS', b'fastmcp:stream', b'>']
2026-01-19 15:45:26,897 - DEBUG - Scheduling due tasks
2026-01-19 15:45:26,898 - DEBUG - >>> None: [b'EVALSHA', b'39773dffbc51ce836d528fa7bc63e81067cfaea6', b'2', b'fastmcp:queue', b'fastmcp:stream', b'1768817726.89802', b'fastmcp']
2026-01-19 15:45:26,899 - DEBUG - Getting redeliveries
2026-01-19 15:45:26,899 - DEBUG - >>> None: [b'XAUTOCLAIM', b'fastmcp:stream', b'docket-workers', b'DESKTOP-EP5TI1Q#20692', b'300000', b'0-0', b'COUNT', b'10']
2026-01-19 15:45:26,900 - DEBUG - Getting new deliveries
2026-01-19 15:45:26,900 - DEBUG - >>> None: [b'XREADGROUP', b'GROUP', b'docket-workers', b'DESKTOP-EP5TI1Q#20692', b'COUNT', b'10', b'BLOCK', b'0', b'STREAMS', b'fastmcp:stream', b'>']
2026-01-19 15:45:27,153 - DEBUG - Scheduling due tasks
2026-01-19 15:45:27,154 - DEBUG - >>> None: [b'EVALSHA', b'39773dffbc51ce836d528fa7bc63e81067cfaea6', b'2', b'fastmcp:queue', b'fastmcp:stream', b'1768817727.154026', b'fastmcp']
2026-01-19 15:45:27,155 - DEBUG - Getting redeliveries
2026-01-19 15:45:27,155 - DEBUG - >>> None: [b'XAUTOCLAIM', b'fastmcp:stream', b'docket-workers', b'DESKTOP-EP5TI1Q#20692', b'300000', b'0-0', b'COUNT', b'10']
2026-01-19 15:45:27,155 - DEBUG - Getting new deliveries
2026-01-19 15:45:27,156 - DEBUG - >>> None: [b'XREADGROUP', b'GROUP', b'docket-workers', b'DESKTOP-EP5TI1Q#20692', b'COUNT', b'10', b'BLOCK', b'0', b'STREAMS', b'fastmcp:stream', b'>']
2026-01-19 15:45:27,218 - DEBUG - >>> None: [b'MULTI']
2026-01-19 15:45:27,219 - DEBUG - >>> None: [b'ZREMRANGEBYSCORE', b'fastmcp:workers', b'0', b'1768817717.217503']
2026-01-19 15:45:27,219 - DEBUG - >>> None: [b'ZADD', b'fastmcp:workers', b'1768817727.217503', b'DESKTOP-EP5TI1Q#20692']
2026-01-19 15:45:27,219 - DEBUG - >>> None: [b'ZREMRANGEBYSCORE', b'fastmcp:task-workers:trace', b'0', b'1768817717.217503']
2026-01-19 15:45:27,219 - DEBUG - >>> None: [b'ZADD', b'fastmcp:task-workers:trace', b'1768817727.217503', b'DESKTOP-EP5TI1Q#20692']
2026-01-19 15:45:27,220 - DEBUG - >>> None: [b'ZREMRANGEBYSCORE', b'fastmcp:task-workers:fail', b'0', b'1768817717.217503']
2026-01-19 15:45:27,220 - DEBUG - >>> None: [b'ZADD', b'fastmcp:task-workers:fail', b'1768817727.217503', b'DESKTOP-EP5TI1Q#20692']
2026-01-19 15:45:27,220 - DEBUG - >>> None: [b'ZREMRANGEBYSCORE', b'fastmcp:task-workers:sleep', b'0', b'1768817717.217503']
2026-01-19 15:45:27,220 - DEBUG - >>> None: [b'ZADD', b'fastmcp:task-workers:sleep', b'1768817727.217503', b'DESKTOP-EP5TI1Q#20692']
2026-01-19 15:45:27,220 - DEBUG - >>> None: [b'SADD', b'fastmcp:worker-tasks:DESKTOP-EP5TI1Q#20692', b'trace', b'fail', b'sleep']
2026-01-19 15:45:27,221 - DEBUG - >>> None: [b'EXPIRE', b'fastmcp:worker-tasks:DESKTOP-EP5TI1Q#20692', b'10']
2026-01-19 15:45:27,221 - DEBUG - >>> None: [b'EXEC']
2026-01-19 15:45:27,222 - DEBUG - >>> None: [b'MULTI']
2026-01-19 15:45:27,223 - DEBUG - >>> None: [b'XLEN', b'fastmcp:stream']
2026-01-19 15:45:27,223 - DEBUG - >>> None: [b'ZCOUNT', b'fastmcp:queue', b'0', b'1768817727.217503']
2026-01-19 15:45:27,223 - DEBUG - >>> None: [b'ZCOUNT', b'fastmcp:queue', b'1768817727.217503', b'+inf']
2026-01-19 15:45:27,223 - DEBUG - >>> None: [b'EXEC']
2026-01-19 15:45:27,408 - DEBUG - Scheduling due tasks
2026-01-19 15:45:27,408 - DEBUG - >>> None: [b'EVALSHA', b'39773dffbc51ce836d528fa7bc63e81067cfaea6', b'2', b'fastmcp:queue', b'fastmcp:stream', b'1768817727.408664', b'fastmcp']
2026-01-19 15:45:27,410 - DEBUG - Getting redeliveries
2026-01-19 15:45:27,411 - DEBUG - >>> None: [b'XAUTOCLAIM', b'fastmcp:stream', b'docket-workers', b'DESKTOP-EP5TI1Q#20692', b'300000', b'0-0', b'COUNT', b'10']
2026-01-19 15:45:27,411 - DEBUG - Getting new deliveries
2026-01-19 15:45:27,412 - DEBUG - >>> None: [b'XREADGROUP', b'GROUP', b'docket-workers', b'DESKTOP-EP5TI1Q#20692', b'COUNT', b'10', b'BLOCK', b'0', b'STREAMS', b'fastmcp:stream', b'>']
2026-01-19 15:45:27,662 - DEBUG - Scheduling due tasks
2026-01-19 15:45:27,663 - DEBUG - >>> None: [b'EVALSHA', b'39773dffbc51ce836d528fa7bc63e81067cfaea6', b'2', b'fastmcp:queue', b'fastmcp:stream', b'1768817727.663171', b'fastmcp']
2026-01-19 15:45:27,664 - DEBUG - Getting redeliveries
2026-01-19 15:45:27,664 - DEBUG - >>> None: [b'XAUTOCLAIM', b'fastmcp:stream', b'docket-workers', b'DESKTOP-EP5TI1Q#20692', b'300000', b'0-0', b'COUNT', b'10']
2026-01-19 15:45:27,665 - DEBUG - Getting new deliveries
2026-01-19 15:45:27,665 - DEBUG - >>> None: [b'XREADGROUP', b'GROUP', b'docket-workers', b'DESKTOP-EP5TI1Q#20692', b'COUNT', b'10', b'BLOCK', b'0', b'STREAMS', b'fastmcp:stream', b'>']
2026-01-19 15:45:27,916 - DEBUG - Scheduling due tasks
2026-01-19 15:45:27,917 - DEBUG - >>> None: [b'EVALSHA', b'39773dffbc51ce836d528fa7bc63e81067cfaea6', b'2', b'fastmcp:queue', b'fastmcp:stream', b'1768817727.916887', b'fastmcp']
2026-01-19 15:45:27,918 - DEBUG - Getting redeliveries
2026-01-19 15:45:27,918 - DEBUG - >>> None: [b'XAUTOCLAIM', b'fastmcp:stream', b'docket-workers', b'DESKTOP-EP5TI1Q#20692', b'300000', b'0-0', b'COUNT', b'10']
2026-01-19 15:45:27,919 - DEBUG - Getting new deliveries
2026-01-19 15:45:27,919 - DEBUG - >>> None: [b'XREADGROUP', b'GROUP', b'docket-workers', b'DESKTOP-EP5TI1Q#20692', b'COUNT', b'10', b'BLOCK', b'0', b'STREAMS', b'fastmcp:stream', b'>']
2026-01-19 15:45:28,184 - DEBUG - Scheduling due tasks
2026-01-19 15:45:28,185 - DEBUG - >>> None: [b'EVALSHA', b'39773dffbc51ce836d528fa7bc63e81067cfaea6', b'2', b'fastmcp:queue', b'fastmcp:stream', b'1768817728.185193', b'fastmcp']
2026-01-19 15:45:28,187 - DEBUG - Getting redeliveries
2026-01-19 15:45:28,187 - DEBUG - >>> None: [b'XAUTOCLAIM', b'fastmcp:stream', b'docket-workers', b'DESKTOP-EP5TI1Q#20692', b'300000', b'0-0', b'COUNT', b'10']
2026-01-19 15:45:28,188 - DEBUG - Getting new deliveries
2026-01-19 15:45:28,188 - DEBUG - >>> None: [b'XREADGROUP', b'GROUP', b'docket-workers', b'DESKTOP-EP5TI1Q#20692', b'COUNT', b'10', b'BLOCK', b'0', b'STREAMS', b'fastmcp:stream', b'>']
2026-01-19 15:45:28,439 - DEBUG - Scheduling due tasks
2026-01-19 15:45:28,439 - DEBUG - >>> None: [b'EVALSHA', b'39773dffbc51ce836d528fa7bc63e81067cfaea6', b'2', b'fastmcp:queue', b'fastmcp:stream', b'1768817728.439574', b'fastmcp']
2026-01-19 15:45:28,441 - DEBUG - Getting redeliveries
2026-01-19 15:45:28,441 - DEBUG - >>> None: [b'XAUTOCLAIM', b'fastmcp:stream', b'docket-workers', b'DESKTOP-EP5TI1Q#20692', b'300000', b'0-0', b'COUNT', b'10']
2026-01-19 15:45:28,442 - DEBUG - Getting new deliveries
2026-01-19 15:45:28,442 - DEBUG - >>> None: [b'XREADGROUP', b'GROUP', b'docket-workers', b'DESKTOP-EP5TI1Q#20692', b'COUNT', b'10', b'BLOCK', b'0', b'STREAMS', b'fastmcp:stream', b'>']
2026-01-19 15:45:28,694 - DEBUG - Scheduling due tasks
2026-01-19 15:45:28,695 - DEBUG - >>> None: [b'EVALSHA', b'39773dffbc51ce836d528fa7bc63e81067cfaea6', b'2', b'fastmcp:queue', b'fastmcp:stream', b'1768817728.695007', b'fastmcp']
2026-01-19 15:45:28,696 - DEBUG - Getting redeliveries
2026-01-19 15:45:28,697 - DEBUG - >>> None: [b'XAUTOCLAIM', b'fastmcp:stream', b'docket-workers', b'DESKTOP-EP5TI1Q#20692', b'300000', b'0-0', b'COUNT', b'10']
2026-01-19 15:45:28,697 - DEBUG - Getting new deliveries
2026-01-19 15:45:28,698 - DEBUG - >>> None: [b'XREADGROUP', b'GROUP', b'docket-workers', b'DESKTOP-EP5TI1Q#20692', b'COUNT', b'10', b'BLOCK', b'0', b'STREAMS', b'fastmcp:stream', b'>']
2026-01-19 15:45:28,951 - DEBUG - Scheduling due tasks
2026-01-19 15:45:28,952 - DEBUG - >>> None: [b'EVALSHA', b'39773dffbc51ce836d528fa7bc63e81067cfaea6', b'2', b'fastmcp:queue', b'fastmcp:stream', b'1768817728.952125', b'fastmcp']
2026-01-19 15:45:28,953 - DEBUG - Getting redeliveries
2026-01-19 15:45:28,953 - DEBUG - >>> None: [b'XAUTOCLAIM', b'fastmcp:stream', b'docket-workers', b'DESKTOP-EP5TI1Q#20692', b'300000', b'0-0', b'COUNT', b'10']
2026-01-19 15:45:28,954 - DEBUG - Getting new deliveries
2026-01-19 15:45:28,954 - DEBUG - >>> None: [b'XREADGROUP', b'GROUP', b'docket-workers', b'DESKTOP-EP5TI1Q#20692', b'COUNT', b'10', b'BLOCK', b'0', b'STREAMS', b'fastmcp:stream', b'>']
2026-01-19 15:45:29,203 - DEBUG - Scheduling due tasks
2026-01-19 15:45:29,204 - DEBUG - >>> None: [b'EVALSHA', b'39773dffbc51ce836d528fa7bc63e81067cfaea6', b'2', b'fastmcp:queue', b'fastmcp:stream', b'1768817729.203831', b'fastmcp']
2026-01-19 15:45:29,205 - DEBUG - Getting redeliveries
2026-01-19 15:45:29,205 - DEBUG - >>> None: [b'XAUTOCLAIM', b'fastmcp:stream', b'docket-workers', b'DESKTOP-EP5TI1Q#20692', b'300000', b'0-0', b'COUNT', b'10']
2026-01-19 15:45:29,205 - DEBUG - Getting new deliveries
2026-01-19 15:45:29,206 - DEBUG - >>> None: [b'XREADGROUP', b'GROUP', b'docket-workers', b'DESKTOP-EP5TI1Q#20692', b'COUNT', b'10', b'BLOCK', b'0', b'STREAMS', b'fastmcp:stream', b'>']
2026-01-19 15:45:29,236 - DEBUG - >>> None: [b'MULTI']
2026-01-19 15:45:29,236 - DEBUG - >>> None: [b'ZREMRANGEBYSCORE', b'fastmcp:workers', b'0', b'1768817719.234834']
2026-01-19 15:45:29,236 - DEBUG - >>> None: [b'ZADD', b'fastmcp:workers', b'1768817729.234834', b'DESKTOP-EP5TI1Q#20692']
2026-01-19 15:45:29,237 - DEBUG - >>> None: [b'ZREMRANGEBYSCORE', b'fastmcp:task-workers:trace', b'0', b'1768817719.234834']
2026-01-19 15:45:29,237 - DEBUG - >>> None: [b'ZADD', b'fastmcp:task-workers:trace', b'1768817729.234834', b'DESKTOP-EP5TI1Q#20692']
2026-01-19 15:45:29,237 - DEBUG - >>> None: [b'ZREMRANGEBYSCORE', b'fastmcp:task-workers:fail', b'0', b'1768817719.234834']
2026-01-19 15:45:29,237 - DEBUG - >>> None: [b'ZADD', b'fastmcp:task-workers:fail', b'1768817729.234834', b'DESKTOP-EP5TI1Q#20692']
2026-01-19 15:45:29,237 - DEBUG - >>> None: [b'ZREMRANGEBYSCORE', b'fastmcp:task-workers:sleep', b'0', b'1768817719.234834']
2026-01-19 15:45:29,237 - DEBUG - >>> None: [b'ZADD', b'fastmcp:task-workers:sleep', b'1768817729.234834', b'DESKTOP-EP5TI1Q#20692']
2026-01-19 15:45:29,238 - DEBUG - >>> None: [b'SADD', b'fastmcp:worker-tasks:DESKTOP-EP5TI1Q#20692', b'trace', b'fail', b'sleep']
2026-01-19 15:45:29,238 - DEBUG - >>> None: [b'EXPIRE', b'fastmcp:worker-tasks:DESKTOP-EP5TI1Q#20692', b'10']
2026-01-19 15:45:29,238 - DEBUG - >>> None: [b'EXEC']
2026-01-19 15:45:29,240 - DEBUG - >>> None: [b'MULTI']
2026-01-19 15:45:29,240 - DEBUG - >>> None: [b'XLEN', b'fastmcp:stream']
2026-01-19 15:45:29,240 - DEBUG - >>> None: [b'ZCOUNT', b'fastmcp:queue', b'0', b'1768817729.234834']
2026-01-19 15:45:29,241 - DEBUG - >>> None: [b'ZCOUNT', b'fastmcp:queue', b'1768817729.234834', b'+inf']
2026-01-19 15:45:29,241 - DEBUG - >>> None: [b'EXEC']
2026-01-19 15:45:29,458 - DEBUG - Scheduling due tasks
2026-01-19 15:45:29,459 - DEBUG - >>> None: [b'EVALSHA', b'39773dffbc51ce836d528fa7bc63e81067cfaea6', b'2', b'fastmcp:queue', b'fastmcp:stream', b'1768817729.458611', b'fastmcp']
2026-01-19 15:45:29,460 - DEBUG - Getting redeliveries
2026-01-19 15:45:29,460 - DEBUG - >>> None: [b'XAUTOCLAIM', b'fastmcp:stream', b'docket-workers', b'DESKTOP-EP5TI1Q#20692', b'300000', b'0-0', b'COUNT', b'10']
2026-01-19 15:45:29,461 - DEBUG - Getting new deliveries
2026-01-19 15:45:29,461 - DEBUG - >>> None: [b'XREADGROUP', b'GROUP', b'docket-workers', b'DESKTOP-EP5TI1Q#20692', b'COUNT', b'10', b'BLOCK', b'0', b'STREAMS', b'fastmcp:stream', b'>']
2026-01-19 15:45:29,711 - DEBUG - Scheduling due tasks
2026-01-19 15:45:29,711 - DEBUG - >>> None: [b'EVALSHA', b'39773dffbc51ce836d528fa7bc63e81067cfaea6', b'2', b'fastmcp:queue', b'fastmcp:stream', b'1768817729.711669', b'fastmcp']
2026-01-19 15:45:29,712 - DEBUG - Getting redeliveries
2026-01-19 15:45:29,713 - DEBUG - >>> None: [b'XAUTOCLAIM', b'fastmcp:stream', b'docket-workers', b'DESKTOP-EP5TI1Q#20692', b'300000', b'0-0', b'COUNT', b'10']
2026-01-19 15:45:29,713 - DEBUG - Getting new deliveries
2026-01-19 15:45:29,714 - DEBUG - >>> None: [b'XREADGROUP', b'GROUP', b'docket-workers', b'DESKTOP-EP5TI1Q#20692', b'COUNT', b'10', b'BLOCK', b'0', b'STREAMS', b'fastmcp:stream', b'>']
2026-01-19 15:45:29,968 - DEBUG - Scheduling due tasks
2026-01-19 15:45:29,968 - DEBUG - >>> None: [b'EVALSHA', b'39773dffbc51ce836d528fa7bc63e81067cfaea6', b'2', b'fastmcp:queue', b'fastmcp:stream', b'1768817729.968486', b'fastmcp']
2026-01-19 15:45:29,969 - DEBUG - Getting redeliveries
2026-01-19 15:45:29,970 - DEBUG - >>> None: [b'XAUTOCLAIM', b'fastmcp:stream', b'docket-workers', b'DESKTOP-EP5TI1Q#20692', b'300000', b'0-0', b'COUNT', b'10']
2026-01-19 15:45:29,970 - DEBUG - Getting new deliveries
2026-01-19 15:45:29,971 - DEBUG - >>> None: [b'XREADGROUP', b'GROUP', b'docket-workers', b'DESKTOP-EP5TI1Q#20692', b'COUNT', b'10', b'BLOCK', b'0', b'STREAMS', b'fastmcp:stream', b'>']
2026-01-19 15:45:30,223 - DEBUG - Scheduling due tasks
2026-01-19 15:45:30,223 - DEBUG - >>> None: [b'EVALSHA', b'39773dffbc51ce836d528fa7bc63e81067cfaea6', b'2', b'fastmcp:queue', b'fastmcp:stream', b'1768817730.223571', b'fastmcp']
2026-01-19 15:45:30,224 - DEBUG - Getting redeliveries
2026-01-19 15:45:30,225 - DEBUG - >>> None: [b'XAUTOCLAIM', b'fastmcp:stream', b'docket-workers', b'DESKTOP-EP5TI1Q#20692', b'300000', b'0-0', b'COUNT', b'10']
2026-01-19 15:45:30,225 - DEBUG - Getting new deliveries
2026-01-19 15:45:30,226 - DEBUG - >>> None: [b'XREADGROUP', b'GROUP', b'docket-workers', b'DESKTOP-EP5TI1Q#20692', b'COUNT', b'10', b'BLOCK', b'0', b'STREAMS', b'fastmcp:stream', b'>']
2026-01-19 15:45:30,476 - DEBUG - Scheduling due tasks
2026-01-19 15:45:30,477 - DEBUG - >>> None: [b'EVALSHA', b'39773dffbc51ce836d528fa7bc63e81067cfaea6', b'2', b'fastmcp:queue', b'fastmcp:stream', b'1768817730.477145', b'fastmcp']
2026-01-19 15:45:30,480 - DEBUG - Getting redeliveries
2026-01-19 15:45:30,480 - DEBUG - >>> None: [b'XAUTOCLAIM', b'fastmcp:stream', b'docket-workers', b'DESKTOP-EP5TI1Q#20692', b'300000', b'0-0', b'COUNT', b'10']
2026-01-19 15:45:30,481 - DEBUG - Getting new deliveries
2026-01-19 15:45:30,481 - DEBUG - >>> None: [b'XREADGROUP', b'GROUP', b'docket-workers', b'DESKTOP-EP5TI1Q#20692', b'COUNT', b'10', b'BLOCK', b'0', b'STREAMS', b'fastmcp:stream', b'>']
2026-01-19 15:45:30,745 - DEBUG - Scheduling due tasks
2026-01-19 15:45:30,746 - DEBUG - >>> None: [b'EVALSHA', b'39773dffbc51ce836d528fa7bc63e81067cfaea6', b'2', b'fastmcp:queue', b'fastmcp:stream', b'1768817730.745978', b'fastmcp']
2026-01-19 15:45:30,747 - DEBUG - Getting redeliveries
2026-01-19 15:45:30,747 - DEBUG - >>> None: [b'XAUTOCLAIM', b'fastmcp:stream', b'docket-workers', b'DESKTOP-EP5TI1Q#20692', b'300000', b'0-0', b'COUNT', b'10']
2026-01-19 15:45:30,748 - DEBUG - Getting new deliveries
2026-01-19 15:45:30,748 - DEBUG - >>> None: [b'XREADGROUP', b'GROUP', b'docket-workers', b'DESKTOP-EP5TI1Q#20692', b'COUNT', b'10', b'BLOCK', b'0', b'STREAMS', b'fastmcp:stream', b'>']
2026-01-19 15:45:31,003 - DEBUG - Scheduling due tasks
2026-01-19 15:45:31,003 - DEBUG - >>> None: [b'EVALSHA', b'39773dffbc51ce836d528fa7bc63e81067cfaea6', b'2', b'fastmcp:queue', b'fastmcp:stream', b'1768817731.00355', b'fastmcp']
2026-01-19 15:45:31,004 - DEBUG - Getting redeliveries
2026-01-19 15:45:31,005 - DEBUG - >>> None: [b'XAUTOCLAIM', b'fastmcp:stream', b'docket-workers', b'DESKTOP-EP5TI1Q#20692', b'300000', b'0-0', b'COUNT', b'10']
2026-01-19 15:45:31,005 - DEBUG - Getting new deliveries
2026-01-19 15:45:31,006 - DEBUG - >>> None: [b'XREADGROUP', b'GROUP', b'docket-workers', b'DESKTOP-EP5TI1Q#20692', b'COUNT', b'10', b'BLOCK', b'0', b'STREAMS', b'fastmcp:stream', b'>']
2026-01-19 15:45:31,258 - DEBUG - >>> None: [b'MULTI']
2026-01-19 15:45:31,258 - DEBUG - >>> None: [b'ZREMRANGEBYSCORE', b'fastmcp:workers', b'0', b'1768817721.257028']
2026-01-19 15:45:31,258 - DEBUG - >>> None: [b'ZADD', b'fastmcp:workers', b'1768817731.257028', b'DESKTOP-EP5TI1Q#20692']
2026-01-19 15:45:31,259 - DEBUG - >>> None: [b'ZREMRANGEBYSCORE', b'fastmcp:task-workers:trace', b'0', b'1768817721.257028']
2026-01-19 15:45:31,259 - DEBUG - >>> None: [b'ZADD', b'fastmcp:task-workers:trace', b'1768817731.257028', b'DESKTOP-EP5TI1Q#20692']
2026-01-19 15:45:31,260 - DEBUG - >>> None: [b'ZREMRANGEBYSCORE', b'fastmcp:task-workers:fail', b'0', b'1768817721.257028']
2026-01-19 15:45:31,260 - DEBUG - >>> None: [b'ZADD', b'fastmcp:task-workers:fail', b'1768817731.257028', b'DESKTOP-EP5TI1Q#20692']
2026-01-19 15:45:31,260 - DEBUG - >>> None: [b'ZREMRANGEBYSCORE', b'fastmcp:task-workers:sleep', b'0', b'1768817721.257028']
2026-01-19 15:45:31,260 - DEBUG - >>> None: [b'ZADD', b'fastmcp:task-workers:sleep', b'1768817731.257028', b'DESKTOP-EP5TI1Q#20692']
2026-01-19 15:45:31,260 - DEBUG - >>> None: [b'SADD', b'fastmcp:worker-tasks:DESKTOP-EP5TI1Q#20692', b'trace', b'fail', b'sleep']
2026-01-19 15:45:31,261 - DEBUG - >>> None: [b'EXPIRE', b'fastmcp:worker-tasks:DESKTOP-EP5TI1Q#20692', b'10']
2026-01-19 15:45:31,261 - DEBUG - >>> None: [b'EXEC']
2026-01-19 15:45:31,263 - DEBUG - >>> None: [b'MULTI']
2026-01-19 15:45:31,263 - DEBUG - >>> None: [b'XLEN', b'fastmcp:stream']
2026-01-19 15:45:31,264 - DEBUG - >>> None: [b'ZCOUNT', b'fastmcp:queue', b'0', b'1768817731.257028']
2026-01-19 15:45:31,264 - DEBUG - >>> None: [b'ZCOUNT', b'fastmcp:queue', b'1768817731.257028', b'+inf']
2026-01-19 15:45:31,264 - DEBUG - >>> None: [b'EXEC']
2026-01-19 15:45:31,265 - DEBUG - Scheduling due tasks
2026-01-19 15:45:31,265 - DEBUG - >>> None: [b'EVALSHA', b'39773dffbc51ce836d528fa7bc63e81067cfaea6', b'2', b'fastmcp:queue', b'fastmcp:stream', b'1768817731.26556', b'fastmcp']
2026-01-19 15:45:31,266 - DEBUG - Getting redeliveries
2026-01-19 15:45:31,267 - DEBUG - >>> None: [b'XAUTOCLAIM', b'fastmcp:stream', b'docket-workers', b'DESKTOP-EP5TI1Q#20692', b'300000', b'0-0', b'COUNT', b'10']
2026-01-19 15:45:31,267 - DEBUG - Getting new deliveries
2026-01-19 15:45:31,267 - DEBUG - >>> None: [b'XREADGROUP', b'GROUP', b'docket-workers', b'DESKTOP-EP5TI1Q#20692', b'COUNT', b'10', b'BLOCK', b'0', b'STREAMS', b'fastmcp:stream', b'>']
2026-01-19 15:45:31,523 - DEBUG - Scheduling due tasks
2026-01-19 15:45:31,524 - DEBUG - >>> None: [b'EVALSHA', b'39773dffbc51ce836d528fa7bc63e81067cfaea6', b'2', b'fastmcp:queue', b'fastmcp:stream', b'1768817731.524343', b'fastmcp']
2026-01-19 15:45:31,526 - DEBUG - Getting redeliveries
2026-01-19 15:45:31,526 - DEBUG - >>> None: [b'XAUTOCLAIM', b'fastmcp:stream', b'docket-workers', b'DESKTOP-EP5TI1Q#20692', b'300000', b'0-0', b'COUNT', b'10']
2026-01-19 15:45:31,526 - DEBUG - Getting new deliveries
2026-01-19 15:45:31,527 - DEBUG - >>> None: [b'XREADGROUP', b'GROUP', b'docket-workers', b'DESKTOP-EP5TI1Q#20692', b'COUNT', b'10', b'BLOCK', b'0', b'STREAMS', b'fastmcp:stream', b'>']
2026-01-19 15:45:31,786 - DEBUG - Scheduling due tasks
2026-01-19 15:45:31,787 - DEBUG - >>> None: [b'EVALSHA', b'39773dffbc51ce836d528fa7bc63e81067cfaea6', b'2', b'fastmcp:queue', b'fastmcp:stream', b'1768817731.787195', b'fastmcp']
2026-01-19 15:45:31,788 - DEBUG - Getting redeliveries
2026-01-19 15:45:31,789 - DEBUG - >>> None: [b'XAUTOCLAIM', b'fastmcp:stream', b'docket-workers', b'DESKTOP-EP5TI1Q#20692', b'300000', b'0-0', b'COUNT', b'10']
2026-01-19 15:45:31,790 - DEBUG - Getting new deliveries
2026-01-19 15:45:31,790 - DEBUG - >>> None: [b'XREADGROUP', b'GROUP', b'docket-workers', b'DESKTOP-EP5TI1Q#20692', b'COUNT', b'10', b'BLOCK', b'0', b'STREAMS', b'fastmcp:stream', b'>']
2026-01-19 15:45:32,051 - DEBUG - Scheduling due tasks
2026-01-19 15:45:32,051 - DEBUG - >>> None: [b'EVALSHA', b'39773dffbc51ce836d528fa7bc63e81067cfaea6', b'2', b'fastmcp:queue', b'fastmcp:stream', b'1768817732.051675', b'fastmcp']
2026-01-19 15:45:32,052 - DEBUG - Getting redeliveries
2026-01-19 15:45:32,052 - DEBUG - >>> None: [b'XAUTOCLAIM', b'fastmcp:stream', b'docket-workers', b'DESKTOP-EP5TI1Q#20692', b'300000', b'0-0', b'COUNT', b'10']
2026-01-19 15:45:32,052 - DEBUG - Getting new deliveries
2026-01-19 15:45:32,052 - DEBUG - >>> None: [b'XREADGROUP', b'GROUP', b'docket-workers', b'DESKTOP-EP5TI1Q#20692', b'COUNT', b'10', b'BLOCK', b'0', b'STREAMS', b'fastmcp:stream', b'>']
2026-01-19 15:45:32,312 - DEBUG - Scheduling due tasks
2026-01-19 15:45:32,312 - DEBUG - >>> None: [b'EVALSHA', b'39773dffbc51ce836d528fa7bc63e81067cfaea6', b'2', b'fastmcp:queue', b'fastmcp:stream', b'1768817732.312649', b'fastmcp']
2026-01-19 15:45:32,313 - DEBUG - Getting redeliveries
2026-01-19 15:45:32,314 - DEBUG - >>> None: [b'XAUTOCLAIM', b'fastmcp:stream', b'docket-workers', b'DESKTOP-EP5TI1Q#20692', b'300000', b'0-0', b'COUNT', b'10']
2026-01-19 15:45:32,314 - DEBUG - Getting new deliveries
2026-01-19 15:45:32,314 - DEBUG - >>> None: [b'XREADGROUP', b'GROUP', b'docket-workers', b'DESKTOP-EP5TI1Q#20692', b'COUNT', b'10', b'BLOCK', b'0', b'STREAMS', b'fastmcp:stream', b'>']
2026-01-19 15:45:32,576 - DEBUG - Scheduling due tasks
2026-01-19 15:45:32,576 - DEBUG - >>> None: [b'EVALSHA', b'39773dffbc51ce836d528fa7bc63e81067cfaea6', b'2', b'fastmcp:queue', b'fastmcp:stream', b'1768817732.576535', b'fastmcp']
2026-01-19 15:45:32,577 - DEBUG - Getting redeliveries
2026-01-19 15:45:32,577 - DEBUG - >>> None: [b'XAUTOCLAIM', b'fastmcp:stream', b'docket-workers', b'DESKTOP-EP5TI1Q#20692', b'300000', b'0-0', b'COUNT', b'10']
2026-01-19 15:45:32,577 - DEBUG - Getting new deliveries
2026-01-19 15:45:32,577 - DEBUG - >>> None: [b'XREADGROUP', b'GROUP', b'docket-workers', b'DESKTOP-EP5TI1Q#20692', b'COUNT', b'10', b'BLOCK', b'0', b'STREAMS', b'fastmcp:stream', b'>']
2026-01-19 15:45:32,830 - DEBUG - Scheduling due tasks
2026-01-19 15:45:32,830 - DEBUG - >>> None: [b'EVALSHA', b'39773dffbc51ce836d528fa7bc63e81067cfaea6', b'2', b'fastmcp:queue', b'fastmcp:stream', b'1768817732.830692', b'fastmcp']
2026-01-19 15:45:32,831 - DEBUG - Getting redeliveries
2026-01-19 15:45:32,831 - DEBUG - >>> None: [b'XAUTOCLAIM', b'fastmcp:stream', b'docket-workers', b'DESKTOP-EP5TI1Q#20692', b'300000', b'0-0', b'COUNT', b'10']
2026-01-19 15:45:32,831 - DEBUG - Getting new deliveries
2026-01-19 15:45:32,831 - DEBUG - >>> None: [b'XREADGROUP', b'GROUP', b'docket-workers', b'DESKTOP-EP5TI1Q#20692', b'COUNT', b'10', b'BLOCK', b'0', b'STREAMS', b'fastmcp:stream', b'>']
2026-01-19 15:45:33,088 - DEBUG - Scheduling due tasks
2026-01-19 15:45:33,089 - DEBUG - >>> None: [b'EVALSHA', b'39773dffbc51ce836d528fa7bc63e81067cfaea6', b'2', b'fastmcp:queue', b'fastmcp:stream', b'1768817733.089095', b'fastmcp']
2026-01-19 15:45:33,089 - DEBUG - Getting redeliveries
2026-01-19 15:45:33,090 - DEBUG - >>> None: [b'XAUTOCLAIM', b'fastmcp:stream', b'docket-workers', b'DESKTOP-EP5TI1Q#20692', b'300000', b'0-0', b'COUNT', b'10']
2026-01-19 15:45:33,090 - DEBUG - Getting new deliveries
2026-01-19 15:45:33,090 - DEBUG - >>> None: [b'XREADGROUP', b'GROUP', b'docket-workers', b'DESKTOP-EP5TI1Q#20692', b'COUNT', b'10', b'BLOCK', b'0', b'STREAMS', b'fastmcp:stream', b'>']
2026-01-19 15:45:33,279 - DEBUG - >>> None: [b'MULTI']
2026-01-19 15:45:33,279 - DEBUG - >>> None: [b'ZREMRANGEBYSCORE', b'fastmcp:workers', b'0', b'1768817723.278574']
2026-01-19 15:45:33,280 - DEBUG - >>> None: [b'ZADD', b'fastmcp:workers', b'1768817733.278574', b'DESKTOP-EP5TI1Q#20692']
2026-01-19 15:45:33,280 - DEBUG - >>> None: [b'ZREMRANGEBYSCORE', b'fastmcp:task-workers:trace', b'0', b'1768817723.278574']
2026-01-19 15:45:33,280 - DEBUG - >>> None: [b'ZADD', b'fastmcp:task-workers:trace', b'1768817733.278574', b'DESKTOP-EP5TI1Q#20692']
2026-01-19 15:45:33,280 - DEBUG - >>> None: [b'ZREMRANGEBYSCORE', b'fastmcp:task-workers:fail', b'0', b'1768817723.278574']
2026-01-19 15:45:33,280 - DEBUG - >>> None: [b'ZADD', b'fastmcp:task-workers:fail', b'1768817733.278574', b'DESKTOP-EP5TI1Q#20692']
2026-01-19 15:45:33,280 - DEBUG - >>> None: [b'ZREMRANGEBYSCORE', b'fastmcp:task-workers:sleep', b'0', b'1768817723.278574']
2026-01-19 15:45:33,281 - DEBUG - >>> None: [b'ZADD', b'fastmcp:task-workers:sleep', b'1768817733.278574', b'DESKTOP-EP5TI1Q#20692']
2026-01-19 15:45:33,281 - DEBUG - >>> None: [b'SADD', b'fastmcp:worker-tasks:DESKTOP-EP5TI1Q#20692', b'trace', b'fail', b'sleep']
2026-01-19 15:45:33,281 - DEBUG - >>> None: [b'EXPIRE', b'fastmcp:worker-tasks:DESKTOP-EP5TI1Q#20692', b'10']
2026-01-19 15:45:33,281 - DEBUG - >>> None: [b'EXEC']
2026-01-19 15:45:33,282 - DEBUG - >>> None: [b'MULTI']
2026-01-19 15:45:33,282 - DEBUG - >>> None: [b'XLEN', b'fastmcp:stream']
2026-01-19 15:45:33,282 - DEBUG - >>> None: [b'ZCOUNT', b'fastmcp:queue', b'0', b'1768817733.278574']
2026-01-19 15:45:33,283 - DEBUG - >>> None: [b'ZCOUNT', b'fastmcp:queue', b'1768817733.278574', b'+inf']
2026-01-19 15:45:33,283 - DEBUG - >>> None: [b'EXEC']
2026-01-19 15:45:33,343 - DEBUG - Scheduling due tasks
2026-01-19 15:45:33,344 - DEBUG - >>> None: [b'EVALSHA', b'39773dffbc51ce836d528fa7bc63e81067cfaea6', b'2', b'fastmcp:queue', b'fastmcp:stream', b'1768817733.343965', b'fastmcp']
2026-01-19 15:45:33,345 - DEBUG - Getting redeliveries
2026-01-19 15:45:33,345 - DEBUG - >>> None: [b'XAUTOCLAIM', b'fastmcp:stream', b'docket-workers', b'DESKTOP-EP5TI1Q#20692', b'300000', b'0-0', b'COUNT', b'10']
2026-01-19 15:45:33,346 - DEBUG - Getting new deliveries
2026-01-19 15:45:33,346 - DEBUG - >>> None: [b'XREADGROUP', b'GROUP', b'docket-workers', b'DESKTOP-EP5TI1Q#20692', b'COUNT', b'10', b'BLOCK', b'0', b'STREAMS', b'fastmcp:stream', b'>']
2026-01-19 15:45:33,599 - DEBUG - Scheduling due tasks
2026-01-19 15:45:33,600 - DEBUG - >>> None: [b'EVALSHA', b'39773dffbc51ce836d528fa7bc63e81067cfaea6', b'2', b'fastmcp:queue', b'fastmcp:stream', b'1768817733.600197', b'fastmcp']
2026-01-19 15:45:33,601 - DEBUG - Getting redeliveries
2026-01-19 15:45:33,602 - DEBUG - >>> None: [b'XAUTOCLAIM', b'fastmcp:stream', b'docket-workers', b'DESKTOP-EP5TI1Q#20692', b'300000', b'0-0', b'COUNT', b'10']
2026-01-19 15:45:33,603 - DEBUG - Getting new deliveries
2026-01-19 15:45:33,603 - DEBUG - >>> None: [b'XREADGROUP', b'GROUP', b'docket-workers', b'DESKTOP-EP5TI1Q#20692', b'COUNT', b'10', b'BLOCK', b'0', b'STREAMS', b'fastmcp:stream', b'>']
2026-01-19 15:45:33,854 - DEBUG - Scheduling due tasks
2026-01-19 15:45:33,854 - DEBUG - >>> None: [b'EVALSHA', b'39773dffbc51ce836d528fa7bc63e81067cfaea6', b'2', b'fastmcp:queue', b'fastmcp:stream', b'1768817733.854874', b'fastmcp']
2026-01-19 15:45:33,855 - DEBUG - Getting redeliveries
2026-01-19 15:45:33,855 - DEBUG - >>> None: [b'XAUTOCLAIM', b'fastmcp:stream', b'docket-workers', b'DESKTOP-EP5TI1Q#20692', b'300000', b'0-0', b'COUNT', b'10']
2026-01-19 15:45:33,855 - DEBUG - Getting new deliveries
2026-01-19 15:45:33,855 - DEBUG - >>> None: [b'XREADGROUP', b'GROUP', b'docket-workers', b'DESKTOP-EP5TI1Q#20692', b'COUNT', b'10', b'BLOCK', b'0', b'STREAMS', b'fastmcp:stream', b'>']
2026-01-19 15:45:34,106 - DEBUG - Scheduling due tasks
2026-01-19 15:45:34,107 - DEBUG - >>> None: [b'EVALSHA', b'39773dffbc51ce836d528fa7bc63e81067cfaea6', b'2', b'fastmcp:queue', b'fastmcp:stream', b'1768817734.107107', b'fastmcp']
2026-01-19 15:45:34,107 - DEBUG - Getting redeliveries
2026-01-19 15:45:34,107 - DEBUG - >>> None: [b'XAUTOCLAIM', b'fastmcp:stream', b'docket-workers', b'DESKTOP-EP5TI1Q#20692', b'300000', b'0-0', b'COUNT', b'10']
2026-01-19 15:45:34,107 - DEBUG - Getting new deliveries
2026-01-19 15:45:34,108 - DEBUG - >>> None: [b'XREADGROUP', b'GROUP', b'docket-workers', b'DESKTOP-EP5TI1Q#20692', b'COUNT', b'10', b'BLOCK', b'0', b'STREAMS', b'fastmcp:stream', b'>']
2026-01-19 15:45:34,369 - DEBUG - Scheduling due tasks
2026-01-19 15:45:34,370 - DEBUG - >>> None: [b'EVALSHA', b'39773dffbc51ce836d528fa7bc63e81067cfaea6', b'2', b'fastmcp:queue', b'fastmcp:stream', b'1768817734.370149', b'fastmcp']
2026-01-19 15:45:34,371 - DEBUG - Getting redeliveries
2026-01-19 15:45:34,371 - DEBUG - >>> None: [b'XAUTOCLAIM', b'fastmcp:stream', b'docket-workers', b'DESKTOP-EP5TI1Q#20692', b'300000', b'0-0', b'COUNT', b'10']
2026-01-19 15:45:34,372 - DEBUG - Getting new deliveries
2026-01-19 15:45:34,372 - DEBUG - >>> None: [b'XREADGROUP', b'GROUP', b'docket-workers', b'DESKTOP-EP5TI1Q#20692', b'COUNT', b'10', b'BLOCK', b'0', b'STREAMS', b'fastmcp:stream', b'>']
2026-01-19 15:45:34,626 - DEBUG - Scheduling due tasks
2026-01-19 15:45:34,626 - DEBUG - >>> None: [b'EVALSHA', b'39773dffbc51ce836d528fa7bc63e81067cfaea6', b'2', b'fastmcp:queue', b'fastmcp:stream', b'1768817734.626355', b'fastmcp']
2026-01-19 15:45:34,627 - DEBUG - Getting redeliveries
2026-01-19 15:45:34,628 - DEBUG - >>> None: [b'XAUTOCLAIM', b'fastmcp:stream', b'docket-workers', b'DESKTOP-EP5TI1Q#20692', b'300000', b'0-0', b'COUNT', b'10']
2026-01-19 15:45:34,628 - DEBUG - Getting new deliveries
2026-01-19 15:45:34,629 - DEBUG - >>> None: [b'XREADGROUP', b'GROUP', b'docket-workers', b'DESKTOP-EP5TI1Q#20692', b'COUNT', b'10', b'BLOCK', b'0', b'STREAMS', b'fastmcp:stream', b'>']
2026-01-19 15:45:34,880 - DEBUG - Scheduling due tasks
2026-01-19 15:45:34,881 - DEBUG - >>> None: [b'EVALSHA', b'39773dffbc51ce836d528fa7bc63e81067cfaea6', b'2', b'fastmcp:queue', b'fastmcp:stream', b'1768817734.880641', b'fastmcp']
2026-01-19 15:45:34,882 - DEBUG - Getting redeliveries
2026-01-19 15:45:34,882 - DEBUG - >>> None: [b'XAUTOCLAIM', b'fastmcp:stream', b'docket-workers', b'DESKTOP-EP5TI1Q#20692', b'300000', b'0-0', b'COUNT', b'10']
2026-01-19 15:45:34,883 - DEBUG - Getting new deliveries
2026-01-19 15:45:34,883 - DEBUG - >>> None: [b'XREADGROUP', b'GROUP', b'docket-workers', b'DESKTOP-EP5TI1Q#20692', b'COUNT', b'10', b'BLOCK', b'0', b'STREAMS', b'fastmcp:stream', b'>']
2026-01-19 15:45:35,146 - DEBUG - Scheduling due tasks
2026-01-19 15:45:35,146 - DEBUG - >>> None: [b'EVALSHA', b'39773dffbc51ce836d528fa7bc63e81067cfaea6', b'2', b'fastmcp:queue', b'fastmcp:stream', b'1768817735.146692', b'fastmcp']
2026-01-19 15:45:35,147 - DEBUG - Getting redeliveries
2026-01-19 15:45:35,147 - DEBUG - >>> None: [b'XAUTOCLAIM', b'fastmcp:stream', b'docket-workers', b'DESKTOP-EP5TI1Q#20692', b'300000', b'0-0', b'COUNT', b'10']
2026-01-19 15:45:35,148 - DEBUG - Getting new deliveries
2026-01-19 15:45:35,148 - DEBUG - >>> None: [b'XREADGROUP', b'GROUP', b'docket-workers', b'DESKTOP-EP5TI1Q#20692', b'COUNT', b'10', b'BLOCK', b'0', b'STREAMS', b'fastmcp:stream', b'>']
2026-01-19 15:45:35,295 - DEBUG - >>> None: [b'MULTI']
2026-01-19 15:45:35,296 - DEBUG - >>> None: [b'ZREMRANGEBYSCORE', b'fastmcp:workers', b'0', b'1768817725.295053']
2026-01-19 15:45:35,296 - DEBUG - >>> None: [b'ZADD', b'fastmcp:workers', b'1768817735.295053', b'DESKTOP-EP5TI1Q#20692']
2026-01-19 15:45:35,296 - DEBUG - >>> None: [b'ZREMRANGEBYSCORE', b'fastmcp:task-workers:trace', b'0', b'1768817725.295053']
2026-01-19 15:45:35,296 - DEBUG - >>> None: [b'ZADD', b'fastmcp:task-workers:trace', b'1768817735.295053', b'DESKTOP-EP5TI1Q#20692']
2026-01-19 15:45:35,296 - DEBUG - >>> None: [b'ZREMRANGEBYSCORE', b'fastmcp:task-workers:fail', b'0', b'1768817725.295053']
2026-01-19 15:45:35,296 - DEBUG - >>> None: [b'ZADD', b'fastmcp:task-workers:fail', b'1768817735.295053', b'DESKTOP-EP5TI1Q#20692']
2026-01-19 15:45:35,296 - DEBUG - >>> None: [b'ZREMRANGEBYSCORE', b'fastmcp:task-workers:sleep', b'0', b'1768817725.295053']
2026-01-19 15:45:35,297 - DEBUG - >>> None: [b'ZADD', b'fastmcp:task-workers:sleep', b'1768817735.295053', b'DESKTOP-EP5TI1Q#20692']
2026-01-19 15:45:35,297 - DEBUG - >>> None: [b'SADD', b'fastmcp:worker-tasks:DESKTOP-EP5TI1Q#20692', b'trace', b'fail', b'sleep']
2026-01-19 15:45:35,297 - DEBUG - >>> None: [b'EXPIRE', b'fastmcp:worker-tasks:DESKTOP-EP5TI1Q#20692', b'10']
2026-01-19 15:45:35,297 - DEBUG - >>> None: [b'EXEC']
2026-01-19 15:45:35,299 - DEBUG - >>> None: [b'MULTI']
2026-01-19 15:45:35,299 - DEBUG - >>> None: [b'XLEN', b'fastmcp:stream']
2026-01-19 15:45:35,299 - DEBUG - >>> None: [b'ZCOUNT', b'fastmcp:queue', b'0', b'1768817735.295053']
2026-01-19 15:45:35,299 - DEBUG - >>> None: [b'ZCOUNT', b'fastmcp:queue', b'1768817735.295053', b'+inf']
2026-01-19 15:45:35,299 - DEBUG - >>> None: [b'EXEC']
2026-01-19 15:45:35,413 - DEBUG - Scheduling due tasks
2026-01-19 15:45:35,414 - DEBUG - >>> None: [b'EVALSHA', b'39773dffbc51ce836d528fa7bc63e81067cfaea6', b'2', b'fastmcp:queue', b'fastmcp:stream', b'1768817735.413958', b'fastmcp']
2026-01-19 15:45:35,415 - DEBUG - Getting redeliveries
2026-01-19 15:45:35,416 - DEBUG - >>> None: [b'XAUTOCLAIM', b'fastmcp:stream', b'docket-workers', b'DESKTOP-EP5TI1Q#20692', b'300000', b'0-0', b'COUNT', b'10']
2026-01-19 15:45:35,416 - DEBUG - Getting new deliveries
2026-01-19 15:45:35,417 - DEBUG - >>> None: [b'XREADGROUP', b'GROUP', b'docket-workers', b'DESKTOP-EP5TI1Q#20692', b'COUNT', b'10', b'BLOCK', b'0', b'STREAMS', b'fastmcp:stream', b'>']
2026-01-19 15:45:35,676 - DEBUG - Scheduling due tasks
2026-01-19 15:45:35,677 - DEBUG - >>> None: [b'EVALSHA', b'39773dffbc51ce836d528fa7bc63e81067cfaea6', b'2', b'fastmcp:queue', b'fastmcp:stream', b'1768817735.677094', b'fastmcp']
2026-01-19 15:45:35,677 - DEBUG - Getting redeliveries
2026-01-19 15:45:35,678 - DEBUG - >>> None: [b'XAUTOCLAIM', b'fastmcp:stream', b'docket-workers', b'DESKTOP-EP5TI1Q#20692', b'300000', b'0-0', b'COUNT', b'10']
2026-01-19 15:45:35,678 - DEBUG - Getting new deliveries
2026-01-19 15:45:35,678 - DEBUG - >>> None: [b'XREADGROUP', b'GROUP', b'docket-workers', b'DESKTOP-EP5TI1Q#20692', b'COUNT', b'10', b'BLOCK', b'0', b'STREAMS', b'fastmcp:stream', b'>']
2026-01-19 15:45:35,928 - DEBUG - Scheduling due tasks
2026-01-19 15:45:35,928 - DEBUG - >>> None: [b'EVALSHA', b'39773dffbc51ce836d528fa7bc63e81067cfaea6', b'2', b'fastmcp:queue', b'fastmcp:stream', b'1768817735.928358', b'fastmcp']
2026-01-19 15:45:35,929 - DEBUG - Getting redeliveries
2026-01-19 15:45:35,930 - DEBUG - >>> None: [b'XAUTOCLAIM', b'fastmcp:stream', b'docket-workers', b'DESKTOP-EP5TI1Q#20692', b'300000', b'0-0', b'COUNT', b'10']
2026-01-19 15:45:35,931 - DEBUG - Getting new deliveries
2026-01-19 15:45:35,931 - DEBUG - >>> None: [b'XREADGROUP', b'GROUP', b'docket-workers', b'DESKTOP-EP5TI1Q#20692', b'COUNT', b'10', b'BLOCK', b'0', b'STREAMS', b'fastmcp:stream', b'>']
2026-01-19 15:45:36,190 - DEBUG - Scheduling due tasks
2026-01-19 15:45:36,191 - DEBUG - >>> None: [b'EVALSHA', b'39773dffbc51ce836d528fa7bc63e81067cfaea6', b'2', b'fastmcp:queue', b'fastmcp:stream', b'1768817736.190702', b'fastmcp']
2026-01-19 15:45:36,192 - DEBUG - Getting redeliveries
2026-01-19 15:45:36,192 - DEBUG - >>> None: [b'XAUTOCLAIM', b'fastmcp:stream', b'docket-workers', b'DESKTOP-EP5TI1Q#20692', b'300000', b'0-0', b'COUNT', b'10']
2026-01-19 15:45:36,192 - DEBUG - Getting new deliveries
2026-01-19 15:45:36,193 - DEBUG - >>> None: [b'XREADGROUP', b'GROUP', b'docket-workers', b'DESKTOP-EP5TI1Q#20692', b'COUNT', b'10', b'BLOCK', b'0', b'STREAMS', b'fastmcp:stream', b'>']
2026-01-19 15:45:36,449 - DEBUG - Scheduling due tasks
2026-01-19 15:45:36,449 - DEBUG - >>> None: [b'EVALSHA', b'39773dffbc51ce836d528fa7bc63e81067cfaea6', b'2', b'fastmcp:queue', b'fastmcp:stream', b'1768817736.449459', b'fastmcp']
2026-01-19 15:45:36,450 - DEBUG - Getting redeliveries
2026-01-19 15:45:36,450 - DEBUG - >>> None: [b'XAUTOCLAIM', b'fastmcp:stream', b'docket-workers', b'DESKTOP-EP5TI1Q#20692', b'300000', b'0-0', b'COUNT', b'10']
2026-01-19 15:45:36,450 - DEBUG - Getting new deliveries
2026-01-19 15:45:36,451 - DEBUG - >>> None: [b'XREADGROUP', b'GROUP', b'docket-workers', b'DESKTOP-EP5TI1Q#20692', b'COUNT', b'10', b'BLOCK', b'0', b'STREAMS', b'fastmcp:stream', b'>']
2026-01-19 15:45:36,702 - DEBUG - Scheduling due tasks
2026-01-19 15:45:36,702 - DEBUG - >>> None: [b'EVALSHA', b'39773dffbc51ce836d528fa7bc63e81067cfaea6', b'2', b'fastmcp:queue', b'fastmcp:stream', b'1768817736.702509', b'fastmcp']
2026-01-19 15:45:36,703 - DEBUG - Getting redeliveries
2026-01-19 15:45:36,703 - DEBUG - >>> None: [b'XAUTOCLAIM', b'fastmcp:stream', b'docket-workers', b'DESKTOP-EP5TI1Q#20692', b'300000', b'0-0', b'COUNT', b'10']
2026-01-19 15:45:36,703 - DEBUG - Getting new deliveries
2026-01-19 15:45:36,703 - DEBUG - >>> None: [b'XREADGROUP', b'GROUP', b'docket-workers', b'DESKTOP-EP5TI1Q#20692', b'COUNT', b'10', b'BLOCK', b'0', b'STREAMS', b'fastmcp:stream', b'>']
2026-01-19 15:45:36,957 - DEBUG - Scheduling due tasks
2026-01-19 15:45:36,957 - DEBUG - >>> None: [b'EVALSHA', b'39773dffbc51ce836d528fa7bc63e81067cfaea6', b'2', b'fastmcp:queue', b'fastmcp:stream', b'1768817736.957298', b'fastmcp']
2026-01-19 15:45:36,957 - DEBUG - Getting redeliveries
2026-01-19 15:45:36,958 - DEBUG - >>> None: [b'XAUTOCLAIM', b'fastmcp:stream', b'docket-workers', b'DESKTOP-EP5TI1Q#20692', b'300000', b'0-0', b'COUNT', b'10']
2026-01-19 15:45:36,958 - DEBUG - Getting new deliveries
2026-01-19 15:45:36,958 - DEBUG - >>> None: [b'XREADGROUP', b'GROUP', b'docket-workers', b'DESKTOP-EP5TI1Q#20692', b'COUNT', b'10', b'BLOCK', b'0', b'STREAMS', b'fastmcp:stream', b'>']
2026-01-19 15:45:37,216 - DEBUG - Scheduling due tasks
2026-01-19 15:45:37,216 - DEBUG - >>> None: [b'EVALSHA', b'39773dffbc51ce836d528fa7bc63e81067cfaea6', b'2', b'fastmcp:queue', b'fastmcp:stream', b'1768817737.216662', b'fastmcp']
2026-01-19 15:45:37,217 - DEBUG - Getting redeliveries
2026-01-19 15:45:37,218 - DEBUG - >>> None: [b'XAUTOCLAIM', b'fastmcp:stream', b'docket-workers', b'DESKTOP-EP5TI1Q#20692', b'300000', b'0-0', b'COUNT', b'10']
2026-01-19 15:45:37,218 - DEBUG - Getting new deliveries
2026-01-19 15:45:37,218 - DEBUG - >>> None: [b'XREADGROUP', b'GROUP', b'docket-workers', b'DESKTOP-EP5TI1Q#20692', b'COUNT', b'10', b'BLOCK', b'0', b'STREAMS', b'fastmcp:stream', b'>']
2026-01-19 15:45:37,313 - DEBUG - >>> None: [b'MULTI']
2026-01-19 15:45:37,314 - DEBUG - >>> None: [b'ZREMRANGEBYSCORE', b'fastmcp:workers', b'0', b'1768817727.312722']
2026-01-19 15:45:37,314 - DEBUG - >>> None: [b'ZADD', b'fastmcp:workers', b'1768817737.312722', b'DESKTOP-EP5TI1Q#20692']
2026-01-19 15:45:37,314 - DEBUG - >>> None: [b'ZREMRANGEBYSCORE', b'fastmcp:task-workers:trace', b'0', b'1768817727.312722']
2026-01-19 15:45:37,314 - DEBUG - >>> None: [b'ZADD', b'fastmcp:task-workers:trace', b'1768817737.312722', b'DESKTOP-EP5TI1Q#20692']
2026-01-19 15:45:37,315 - DEBUG - >>> None: [b'ZREMRANGEBYSCORE', b'fastmcp:task-workers:fail', b'0', b'1768817727.312722']
2026-01-19 15:45:37,315 - DEBUG - >>> None: [b'ZADD', b'fastmcp:task-workers:fail', b'1768817737.312722', b'DESKTOP-EP5TI1Q#20692']
2026-01-19 15:45:37,315 - DEBUG - >>> None: [b'ZREMRANGEBYSCORE', b'fastmcp:task-workers:sleep', b'0', b'1768817727.312722']
2026-01-19 15:45:37,315 - DEBUG - >>> None: [b'ZADD', b'fastmcp:task-workers:sleep', b'1768817737.312722', b'DESKTOP-EP5TI1Q#20692']
2026-01-19 15:45:37,315 - DEBUG - >>> None: [b'SADD', b'fastmcp:worker-tasks:DESKTOP-EP5TI1Q#20692', b'trace', b'fail', b'sleep']
2026-01-19 15:45:37,315 - DEBUG - >>> None: [b'EXPIRE', b'fastmcp:worker-tasks:DESKTOP-EP5TI1Q#20692', b'10']
2026-01-19 15:45:37,315 - DEBUG - >>> None: [b'EXEC']
2026-01-19 15:45:37,315 - DEBUG - >>> None: [b'MULTI']
2026-01-19 15:45:37,315 - DEBUG - >>> None: [b'XLEN', b'fastmcp:stream']
2026-01-19 15:45:37,316 - DEBUG - >>> None: [b'ZCOUNT', b'fastmcp:queue', b'0', b'1768817737.312722']
2026-01-19 15:45:37,316 - DEBUG - >>> None: [b'ZCOUNT', b'fastmcp:queue', b'1768817737.312722', b'+inf']
2026-01-19 15:45:37,316 - DEBUG - >>> None: [b'EXEC']
2026-01-19 15:45:37,478 - DEBUG - Scheduling due tasks
2026-01-19 15:45:37,478 - DEBUG - >>> None: [b'EVALSHA', b'39773dffbc51ce836d528fa7bc63e81067cfaea6', b'2', b'fastmcp:queue', b'fastmcp:stream', b'1768817737.478611', b'fastmcp']
2026-01-19 15:45:37,479 - DEBUG - Getting redeliveries
2026-01-19 15:45:37,479 - DEBUG - >>> None: [b'XAUTOCLAIM', b'fastmcp:stream', b'docket-workers', b'DESKTOP-EP5TI1Q#20692', b'300000', b'0-0', b'COUNT', b'10']
2026-01-19 15:45:37,479 - DEBUG - Getting new deliveries
2026-01-19 15:45:37,480 - DEBUG - >>> None: [b'XREADGROUP', b'GROUP', b'docket-workers', b'DESKTOP-EP5TI1Q#20692', b'COUNT', b'10', b'BLOCK', b'0', b'STREAMS', b'fastmcp:stream', b'>']
2026-01-19 15:45:37,748 - DEBUG - Scheduling due tasks
2026-01-19 15:45:37,748 - DEBUG - >>> None: [b'EVALSHA', b'39773dffbc51ce836d528fa7bc63e81067cfaea6', b'2', b'fastmcp:queue', b'fastmcp:stream', b'1768817737.748421', b'fastmcp']
2026-01-19 15:45:37,750 - DEBUG - Getting redeliveries
2026-01-19 15:45:37,751 - DEBUG - >>> None: [b'XAUTOCLAIM', b'fastmcp:stream', b'docket-workers', b'DESKTOP-EP5TI1Q#20692', b'300000', b'0-0', b'COUNT', b'10']
2026-01-19 15:45:37,751 - DEBUG - Getting new deliveries
2026-01-19 15:45:37,752 - DEBUG - >>> None: [b'XREADGROUP', b'GROUP', b'docket-workers', b'DESKTOP-EP5TI1Q#20692', b'COUNT', b'10', b'BLOCK', b'0', b'STREAMS', b'fastmcp:stream', b'>']
2026-01-19 15:45:38,011 - DEBUG - Scheduling due tasks
2026-01-19 15:45:38,012 - DEBUG - >>> None: [b'EVALSHA', b'39773dffbc51ce836d528fa7bc63e81067cfaea6', b'2', b'fastmcp:queue', b'fastmcp:stream', b'1768817738.012016', b'fastmcp']
2026-01-19 15:45:38,014 - DEBUG - Getting redeliveries
2026-01-19 15:45:38,014 - DEBUG - >>> None: [b'XAUTOCLAIM', b'fastmcp:stream', b'docket-workers', b'DESKTOP-EP5TI1Q#20692', b'300000', b'0-0', b'COUNT', b'10']
2026-01-19 15:45:38,015 - DEBUG - Getting new deliveries
2026-01-19 15:45:38,015 - DEBUG - >>> None: [b'XREADGROUP', b'GROUP', b'docket-workers', b'DESKTOP-EP5TI1Q#20692', b'COUNT', b'10', b'BLOCK', b'0', b'STREAMS', b'fastmcp:stream', b'>']
2026-01-19 15:45:38,264 - DEBUG - Scheduling due tasks
2026-01-19 15:45:38,265 - DEBUG - >>> None: [b'EVALSHA', b'39773dffbc51ce836d528fa7bc63e81067cfaea6', b'2', b'fastmcp:queue', b'fastmcp:stream', b'1768817738.265136', b'fastmcp']
2026-01-19 15:45:38,266 - DEBUG - Getting redeliveries
2026-01-19 15:45:38,267 - DEBUG - >>> None: [b'XAUTOCLAIM', b'fastmcp:stream', b'docket-workers', b'DESKTOP-EP5TI1Q#20692', b'300000', b'0-0', b'COUNT', b'10']
2026-01-19 15:45:38,267 - DEBUG - Getting new deliveries
2026-01-19 15:45:38,267 - DEBUG - >>> None: [b'XREADGROUP', b'GROUP', b'docket-workers', b'DESKTOP-EP5TI1Q#20692', b'COUNT', b'10', b'BLOCK', b'0', b'STREAMS', b'fastmcp:stream', b'>']
2026-01-19 15:45:38,525 - DEBUG - Scheduling due tasks
2026-01-19 15:45:38,525 - DEBUG - >>> None: [b'EVALSHA', b'39773dffbc51ce836d528fa7bc63e81067cfaea6', b'2', b'fastmcp:queue', b'fastmcp:stream', b'1768817738.525386', b'fastmcp']
2026-01-19 15:45:38,526 - DEBUG - Getting redeliveries
2026-01-19 15:45:38,526 - DEBUG - >>> None: [b'XAUTOCLAIM', b'fastmcp:stream', b'docket-workers', b'DESKTOP-EP5TI1Q#20692', b'300000', b'0-0', b'COUNT', b'10']
2026-01-19 15:45:38,526 - DEBUG - Getting new deliveries
2026-01-19 15:45:38,527 - DEBUG - >>> None: [b'XREADGROUP', b'GROUP', b'docket-workers', b'DESKTOP-EP5TI1Q#20692', b'COUNT', b'10', b'BLOCK', b'0', b'STREAMS', b'fastmcp:stream', b'>']
2026-01-19 15:45:38,788 - DEBUG - Scheduling due tasks
2026-01-19 15:45:38,788 - DEBUG - >>> None: [b'EVALSHA', b'39773dffbc51ce836d528fa7bc63e81067cfaea6', b'2', b'fastmcp:queue', b'fastmcp:stream', b'1768817738.788439', b'fastmcp']
2026-01-19 15:45:38,788 - DEBUG - Getting redeliveries
2026-01-19 15:45:38,789 - DEBUG - >>> None: [b'XAUTOCLAIM', b'fastmcp:stream', b'docket-workers', b'DESKTOP-EP5TI1Q#20692', b'300000', b'0-0', b'COUNT', b'10']
2026-01-19 15:45:38,789 - DEBUG - Getting new deliveries
2026-01-19 15:45:38,789 - DEBUG - >>> None: [b'XREADGROUP', b'GROUP', b'docket-workers', b'DESKTOP-EP5TI1Q#20692', b'COUNT', b'10', b'BLOCK', b'0', b'STREAMS', b'fastmcp:stream', b'>']
2026-01-19 15:45:39,052 - DEBUG - Scheduling due tasks
2026-01-19 15:45:39,088 - DEBUG - >>> None: [b'EVALSHA', b'39773dffbc51ce836d528fa7bc63e81067cfaea6', b'2', b'fastmcp:queue', b'fastmcp:stream', b'1768817739.088168', b'fastmcp']
2026-01-19 15:45:39,089 - DEBUG - Getting redeliveries
2026-01-19 15:45:39,089 - DEBUG - >>> None: [b'XAUTOCLAIM', b'fastmcp:stream', b'docket-workers', b'DESKTOP-EP5TI1Q#20692', b'300000', b'0-0', b'COUNT', b'10']
2026-01-19 15:45:39,089 - DEBUG - Getting new deliveries
2026-01-19 15:45:39,089 - DEBUG - >>> None: [b'XREADGROUP', b'GROUP', b'docket-workers', b'DESKTOP-EP5TI1Q#20692', b'COUNT', b'10', b'BLOCK', b'0', b'STREAMS', b'fastmcp:stream', b'>']
2026-01-19 15:45:39,322 - DEBUG - >>> None: [b'MULTI']
2026-01-19 15:45:39,323 - DEBUG - >>> None: [b'ZREMRANGEBYSCORE', b'fastmcp:workers', b'0', b'1768817729.321416']
2026-01-19 15:45:39,323 - DEBUG - >>> None: [b'ZADD', b'fastmcp:workers', b'1768817739.321416', b'DESKTOP-EP5TI1Q#20692']
2026-01-19 15:45:39,324 - DEBUG - >>> None: [b'ZREMRANGEBYSCORE', b'fastmcp:task-workers:trace', b'0', b'1768817729.321416']
2026-01-19 15:45:39,325 - DEBUG - >>> None: [b'ZADD', b'fastmcp:task-workers:trace', b'1768817739.321416', b'DESKTOP-EP5TI1Q#20692']
2026-01-19 15:45:39,325 - DEBUG - >>> None: [b'ZREMRANGEBYSCORE', b'fastmcp:task-workers:fail', b'0', b'1768817729.321416']
2026-01-19 15:45:39,325 - DEBUG - >>> None: [b'ZADD', b'fastmcp:task-workers:fail', b'1768817739.321416', b'DESKTOP-EP5TI1Q#20692']
2026-01-19 15:45:39,325 - DEBUG - >>> None: [b'ZREMRANGEBYSCORE', b'fastmcp:task-workers:sleep', b'0', b'1768817729.321416']
2026-01-19 15:45:39,325 - DEBUG - >>> None: [b'ZADD', b'fastmcp:task-workers:sleep', b'1768817739.321416', b'DESKTOP-EP5TI1Q#20692']
2026-01-19 15:45:39,325 - DEBUG - >>> None: [b'SADD', b'fastmcp:worker-tasks:DESKTOP-EP5TI1Q#20692', b'trace', b'fail', b'sleep']
2026-01-19 15:45:39,326 - DEBUG - >>> None: [b'EXPIRE', b'fastmcp:worker-tasks:DESKTOP-EP5TI1Q#20692', b'10']
2026-01-19 15:45:39,326 - DEBUG - >>> None: [b'EXEC']
2026-01-19 15:45:39,327 - DEBUG - >>> None: [b'MULTI']
2026-01-19 15:45:39,327 - DEBUG - >>> None: [b'XLEN', b'fastmcp:stream']
2026-01-19 15:45:39,327 - DEBUG - >>> None: [b'ZCOUNT', b'fastmcp:queue', b'0', b'1768817739.321416']
2026-01-19 15:45:39,327 - DEBUG - >>> None: [b'ZCOUNT', b'fastmcp:queue', b'1768817739.321416', b'+inf']
2026-01-19 15:45:39,327 - DEBUG - >>> None: [b'EXEC']
2026-01-19 15:45:39,353 - DEBUG - Scheduling due tasks
2026-01-19 15:45:39,354 - DEBUG - >>> None: [b'EVALSHA', b'39773dffbc51ce836d528fa7bc63e81067cfaea6', b'2', b'fastmcp:queue', b'fastmcp:stream', b'1768817739.353909', b'fastmcp']
2026-01-19 15:45:39,354 - DEBUG - Getting redeliveries
2026-01-19 15:45:39,355 - DEBUG - >>> None: [b'XAUTOCLAIM', b'fastmcp:stream', b'docket-workers', b'DESKTOP-EP5TI1Q#20692', b'300000', b'0-0', b'COUNT', b'10']
2026-01-19 15:45:39,355 - DEBUG - Getting new deliveries
2026-01-19 15:45:39,355 - DEBUG - >>> None: [b'XREADGROUP', b'GROUP', b'docket-workers', b'DESKTOP-EP5TI1Q#20692', b'COUNT', b'10', b'BLOCK', b'0', b'STREAMS', b'fastmcp:stream', b'>']
2026-01-19 15:45:39,610 - DEBUG - Scheduling due tasks
2026-01-19 15:45:39,610 - DEBUG - >>> None: [b'EVALSHA', b'39773dffbc51ce836d528fa7bc63e81067cfaea6', b'2', b'fastmcp:queue', b'fastmcp:stream', b'1768817739.610518', b'fastmcp']
2026-01-19 15:45:39,611 - DEBUG - Getting redeliveries
2026-01-19 15:45:39,611 - DEBUG - >>> None: [b'XAUTOCLAIM', b'fastmcp:stream', b'docket-workers', b'DESKTOP-EP5TI1Q#20692', b'300000', b'0-0', b'COUNT', b'10']
2026-01-19 15:45:39,611 - DEBUG - Getting new deliveries
2026-01-19 15:45:39,611 - DEBUG - >>> None: [b'XREADGROUP', b'GROUP', b'docket-workers', b'DESKTOP-EP5TI1Q#20692', b'COUNT', b'10', b'BLOCK', b'0', b'STREAMS', b'fastmcp:stream', b'>']
2026-01-19 15:45:39,862 - DEBUG - Scheduling due tasks
2026-01-19 15:45:39,863 - DEBUG - >>> None: [b'EVALSHA', b'39773dffbc51ce836d528fa7bc63e81067cfaea6', b'2', b'fastmcp:queue', b'fastmcp:stream', b'1768817739.862981', b'fastmcp']
2026-01-19 15:45:39,863 - DEBUG - Getting redeliveries
2026-01-19 15:45:39,864 - DEBUG - >>> None: [b'XAUTOCLAIM', b'fastmcp:stream', b'docket-workers', b'DESKTOP-EP5TI1Q#20692', b'300000', b'0-0', b'COUNT', b'10']
2026-01-19 15:45:39,864 - DEBUG - Getting new deliveries
2026-01-19 15:45:39,864 - DEBUG - >>> None: [b'XREADGROUP', b'GROUP', b'docket-workers', b'DESKTOP-EP5TI1Q#20692', b'COUNT', b'10', b'BLOCK', b'0', b'STREAMS', b'fastmcp:stream', b'>']
2026-01-19 15:45:40,116 - DEBUG - Scheduling due tasks
2026-01-19 15:45:40,117 - DEBUG - >>> None: [b'EVALSHA', b'39773dffbc51ce836d528fa7bc63e81067cfaea6', b'2', b'fastmcp:queue', b'fastmcp:stream', b'1768817740.116875', b'fastmcp']
2026-01-19 15:45:40,117 - DEBUG - Getting redeliveries
2026-01-19 15:45:40,117 - DEBUG - >>> None: [b'XAUTOCLAIM', b'fastmcp:stream', b'docket-workers', b'DESKTOP-EP5TI1Q#20692', b'300000', b'0-0', b'COUNT', b'10']
2026-01-19 15:45:40,117 - DEBUG - Getting new deliveries
2026-01-19 15:45:40,118 - DEBUG - >>> None: [b'XREADGROUP', b'GROUP', b'docket-workers', b'DESKTOP-EP5TI1Q#20692', b'COUNT', b'10', b'BLOCK', b'0', b'STREAMS', b'fastmcp:stream', b'>']
2026-01-19 15:45:40,376 - DEBUG - Scheduling due tasks
2026-01-19 15:45:40,377 - DEBUG - >>> None: [b'EVALSHA', b'39773dffbc51ce836d528fa7bc63e81067cfaea6', b'2', b'fastmcp:queue', b'fastmcp:stream', b'1768817740.377087', b'fastmcp']
2026-01-19 15:45:40,378 - DEBUG - Getting redeliveries
2026-01-19 15:45:40,378 - DEBUG - >>> None: [b'XAUTOCLAIM', b'fastmcp:stream', b'docket-workers', b'DESKTOP-EP5TI1Q#20692', b'300000', b'0-0', b'COUNT', b'10']
2026-01-19 15:45:40,379 - DEBUG - Getting new deliveries
2026-01-19 15:45:40,379 - DEBUG - >>> None: [b'XREADGROUP', b'GROUP', b'docket-workers', b'DESKTOP-EP5TI1Q#20692', b'COUNT', b'10', b'BLOCK', b'0', b'STREAMS', b'fastmcp:stream', b'>']
2026-01-19 15:45:40,630 - DEBUG - Scheduling due tasks
2026-01-19 15:45:40,631 - DEBUG - >>> None: [b'EVALSHA', b'39773dffbc51ce836d528fa7bc63e81067cfaea6', b'2', b'fastmcp:queue', b'fastmcp:stream', b'1768817740.63079', b'fastmcp']
2026-01-19 15:45:40,631 - DEBUG - Getting redeliveries
2026-01-19 15:45:40,631 - DEBUG - >>> None: [b'XAUTOCLAIM', b'fastmcp:stream', b'docket-workers', b'DESKTOP-EP5TI1Q#20692', b'300000', b'0-0', b'COUNT', b'10']
2026-01-19 15:45:40,632 - DEBUG - Getting new deliveries
2026-01-19 15:45:40,632 - DEBUG - >>> None: [b'XREADGROUP', b'GROUP', b'docket-workers', b'DESKTOP-EP5TI1Q#20692', b'COUNT', b'10', b'BLOCK', b'0', b'STREAMS', b'fastmcp:stream', b'>']
2026-01-19 15:45:40,889 - DEBUG - Scheduling due tasks
2026-01-19 15:45:40,889 - DEBUG - >>> None: [b'EVALSHA', b'39773dffbc51ce836d528fa7bc63e81067cfaea6', b'2', b'fastmcp:queue', b'fastmcp:stream', b'1768817740.889514', b'fastmcp']
2026-01-19 15:45:40,890 - DEBUG - Getting redeliveries
2026-01-19 15:45:40,891 - DEBUG - >>> None: [b'XAUTOCLAIM', b'fastmcp:stream', b'docket-workers', b'DESKTOP-EP5TI1Q#20692', b'300000', b'0-0', b'COUNT', b'10']
2026-01-19 15:45:40,891 - DEBUG - Getting new deliveries
2026-01-19 15:45:40,891 - DEBUG - >>> None: [b'XREADGROUP', b'GROUP', b'docket-workers', b'DESKTOP-EP5TI1Q#20692', b'COUNT', b'10', b'BLOCK', b'0', b'STREAMS', b'fastmcp:stream', b'>']
2026-01-19 15:45:40,892 - DEBUG - >>> None: [b'XREAD', b'BLOCK', b'60000', b'COUNT', b'100', b'STREAMS', b'fastmcp:strikes', b'0-0']
2026-01-19 15:45:41,146 - DEBUG - Scheduling due tasks
2026-01-19 15:45:41,146 - DEBUG - >>> None: [b'EVALSHA', b'39773dffbc51ce836d528fa7bc63e81067cfaea6', b'2', b'fastmcp:queue', b'fastmcp:stream', b'1768817741.146686', b'fastmcp']
2026-01-19 15:45:41,147 - DEBUG - Getting redeliveries
2026-01-19 15:45:41,147 - DEBUG - >>> None: [b'XAUTOCLAIM', b'fastmcp:stream', b'docket-workers', b'DESKTOP-EP5TI1Q#20692', b'300000', b'0-0', b'COUNT', b'10']
2026-01-19 15:45:41,147 - DEBUG - Getting new deliveries
2026-01-19 15:45:41,148 - DEBUG - >>> None: [b'XREADGROUP', b'GROUP', b'docket-workers', b'DESKTOP-EP5TI1Q#20692', b'COUNT', b'10', b'BLOCK', b'0', b'STREAMS', b'fastmcp:stream', b'>']
2026-01-19 15:45:41,339 - DEBUG - >>> None: [b'MULTI']
2026-01-19 15:45:41,339 - DEBUG - >>> None: [b'ZREMRANGEBYSCORE', b'fastmcp:workers', b'0', b'1768817731.339028']
2026-01-19 15:45:41,339 - DEBUG - >>> None: [b'ZADD', b'fastmcp:workers', b'1768817741.339028', b'DESKTOP-EP5TI1Q#20692']
2026-01-19 15:45:41,340 - DEBUG - >>> None: [b'ZREMRANGEBYSCORE', b'fastmcp:task-workers:trace', b'0', b'1768817731.339028']
2026-01-19 15:45:41,340 - DEBUG - >>> None: [b'ZADD', b'fastmcp:task-workers:trace', b'1768817741.339028', b'DESKTOP-EP5TI1Q#20692']
2026-01-19 15:45:41,340 - DEBUG - >>> None: [b'ZREMRANGEBYSCORE', b'fastmcp:task-workers:fail', b'0', b'1768817731.339028']
2026-01-19 15:45:41,340 - DEBUG - >>> None: [b'ZADD', b'fastmcp:task-workers:fail', b'1768817741.339028', b'DESKTOP-EP5TI1Q#20692']
2026-01-19 15:45:41,340 - DEBUG - >>> None: [b'ZREMRANGEBYSCORE', b'fastmcp:task-workers:sleep', b'0', b'1768817731.339028']
2026-01-19 15:45:41,340 - DEBUG - >>> None: [b'ZADD', b'fastmcp:task-workers:sleep', b'1768817741.339028', b'DESKTOP-EP5TI1Q#20692']
2026-01-19 15:45:41,340 - DEBUG - >>> None: [b'SADD', b'fastmcp:worker-tasks:DESKTOP-EP5TI1Q#20692', b'trace', b'fail', b'sleep']
2026-01-19 15:45:41,340 - DEBUG - >>> None: [b'EXPIRE', b'fastmcp:worker-tasks:DESKTOP-EP5TI1Q#20692', b'10']
2026-01-19 15:45:41,340 - DEBUG - >>> None: [b'EXEC']
2026-01-19 15:45:41,341 - DEBUG - >>> None: [b'MULTI']
2026-01-19 15:45:41,341 - DEBUG - >>> None: [b'XLEN', b'fastmcp:stream']
2026-01-19 15:45:41,341 - DEBUG - >>> None: [b'ZCOUNT', b'fastmcp:queue', b'0', b'1768817741.339028']
2026-01-19 15:45:41,341 - DEBUG - >>> None: [b'ZCOUNT', b'fastmcp:queue', b'1768817741.339028', b'+inf']
2026-01-19 15:45:41,341 - DEBUG - >>> None: [b'EXEC']
2026-01-19 15:45:41,409 - DEBUG - Scheduling due tasks
2026-01-19 15:45:41,409 - DEBUG - >>> None: [b'EVALSHA', b'39773dffbc51ce836d528fa7bc63e81067cfaea6', b'2', b'fastmcp:queue', b'fastmcp:stream', b'1768817741.409846', b'fastmcp']
2026-01-19 15:45:41,410 - DEBUG - Getting redeliveries
2026-01-19 15:45:41,410 - DEBUG - >>> None: [b'XAUTOCLAIM', b'fastmcp:stream', b'docket-workers', b'DESKTOP-EP5TI1Q#20692', b'300000', b'0-0', b'COUNT', b'10']
2026-01-19 15:45:41,410 - DEBUG - Getting new deliveries
2026-01-19 15:45:41,410 - DEBUG - >>> None: [b'XREADGROUP', b'GROUP', b'docket-workers', b'DESKTOP-EP5TI1Q#20692', b'COUNT', b'10', b'BLOCK', b'0', b'STREAMS', b'fastmcp:stream', b'>']
2026-01-19 15:45:41,675 - DEBUG - Scheduling due tasks
2026-01-19 15:45:41,675 - DEBUG - >>> None: [b'EVALSHA', b'39773dffbc51ce836d528fa7bc63e81067cfaea6', b'2', b'fastmcp:queue', b'fastmcp:stream', b'1768817741.675725', b'fastmcp']
2026-01-19 15:45:41,676 - DEBUG - Getting redeliveries
2026-01-19 15:45:41,676 - DEBUG - >>> None: [b'XAUTOCLAIM', b'fastmcp:stream', b'docket-workers', b'DESKTOP-EP5TI1Q#20692', b'300000', b'0-0', b'COUNT', b'10']
2026-01-19 15:45:41,676 - DEBUG - Getting new deliveries
2026-01-19 15:45:41,676 - DEBUG - >>> None: [b'XREADGROUP', b'GROUP', b'docket-workers', b'DESKTOP-EP5TI1Q#20692', b'COUNT', b'10', b'BLOCK', b'0', b'STREAMS', b'fastmcp:stream', b'>']
2026-01-19 15:45:41,929 - DEBUG - Scheduling due tasks
2026-01-19 15:45:41,930 - DEBUG - >>> None: [b'EVALSHA', b'39773dffbc51ce836d528fa7bc63e81067cfaea6', b'2', b'fastmcp:queue', b'fastmcp:stream', b'1768817741.930067', b'fastmcp']
2026-01-19 15:45:41,930 - DEBUG - Getting redeliveries
2026-01-19 15:45:41,931 - DEBUG - >>> None: [b'XAUTOCLAIM', b'fastmcp:stream', b'docket-workers', b'DESKTOP-EP5TI1Q#20692', b'300000', b'0-0', b'COUNT', b'10']
2026-01-19 15:45:41,931 - DEBUG - Getting new deliveries
2026-01-19 15:45:41,931 - DEBUG - >>> None: [b'XREADGROUP', b'GROUP', b'docket-workers', b'DESKTOP-EP5TI1Q#20692', b'COUNT', b'10', b'BLOCK', b'0', b'STREAMS', b'fastmcp:stream', b'>']
2026-01-19 15:45:42,193 - DEBUG - Scheduling due tasks
2026-01-19 15:45:42,194 - DEBUG - >>> None: [b'EVALSHA', b'39773dffbc51ce836d528fa7bc63e81067cfaea6', b'2', b'fastmcp:queue', b'fastmcp:stream', b'1768817742.194334', b'fastmcp']
2026-01-19 15:45:42,195 - DEBUG - Getting redeliveries
2026-01-19 15:45:42,196 - DEBUG - >>> None: [b'XAUTOCLAIM', b'fastmcp:stream', b'docket-workers', b'DESKTOP-EP5TI1Q#20692', b'300000', b'0-0', b'COUNT', b'10']
2026-01-19 15:45:42,196 - DEBUG - Getting new deliveries
2026-01-19 15:45:42,196 - DEBUG - >>> None: [b'XREADGROUP', b'GROUP', b'docket-workers', b'DESKTOP-EP5TI1Q#20692', b'COUNT', b'10', b'BLOCK', b'0', b'STREAMS', b'fastmcp:stream', b'>']
2026-01-19 15:45:42,456 - DEBUG - Scheduling due tasks
2026-01-19 15:45:42,456 - DEBUG - >>> None: [b'EVALSHA', b'39773dffbc51ce836d528fa7bc63e81067cfaea6', b'2', b'fastmcp:queue', b'fastmcp:stream', b'1768817742.456473', b'fastmcp']
2026-01-19 15:45:42,457 - DEBUG - Getting redeliveries
2026-01-19 15:45:42,457 - DEBUG - >>> None: [b'XAUTOCLAIM', b'fastmcp:stream', b'docket-workers', b'DESKTOP-EP5TI1Q#20692', b'300000', b'0-0', b'COUNT', b'10']
2026-01-19 15:45:42,457 - DEBUG - Getting new deliveries
2026-01-19 15:45:42,458 - DEBUG - >>> None: [b'XREADGROUP', b'GROUP', b'docket-workers', b'DESKTOP-EP5TI1Q#20692', b'COUNT', b'10', b'BLOCK', b'0', b'STREAMS', b'fastmcp:stream', b'>']
2026-01-19 15:45:42,711 - DEBUG - Scheduling due tasks
2026-01-19 15:45:42,712 - DEBUG - >>> None: [b'EVALSHA', b'39773dffbc51ce836d528fa7bc63e81067cfaea6', b'2', b'fastmcp:queue', b'fastmcp:stream', b'1768817742.711665', b'fastmcp']
2026-01-19 15:45:42,712 - DEBUG - Getting redeliveries
2026-01-19 15:45:42,713 - DEBUG - >>> None: [b'XAUTOCLAIM', b'fastmcp:stream', b'docket-workers', b'DESKTOP-EP5TI1Q#20692', b'300000', b'0-0', b'COUNT', b'10']
2026-01-19 15:45:42,713 - DEBUG - Getting new deliveries
2026-01-19 15:45:42,713 - DEBUG - >>> None: [b'XREADGROUP', b'GROUP', b'docket-workers', b'DESKTOP-EP5TI1Q#20692', b'COUNT', b'10', b'BLOCK', b'0', b'STREAMS', b'fastmcp:stream', b'>']
2026-01-19 15:45:42,969 - DEBUG - Scheduling due tasks
2026-01-19 15:45:42,969 - DEBUG - >>> None: [b'EVALSHA', b'39773dffbc51ce836d528fa7bc63e81067cfaea6', b'2', b'fastmcp:queue', b'fastmcp:stream', b'1768817742.96942', b'fastmcp']
2026-01-19 15:45:42,970 - DEBUG - Getting redeliveries
2026-01-19 15:45:42,970 - DEBUG - >>> None: [b'XAUTOCLAIM', b'fastmcp:stream', b'docket-workers', b'DESKTOP-EP5TI1Q#20692', b'300000', b'0-0', b'COUNT', b'10']
2026-01-19 15:45:42,970 - DEBUG - Getting new deliveries
2026-01-19 15:45:42,970 - DEBUG - >>> None: [b'XREADGROUP', b'GROUP', b'docket-workers', b'DESKTOP-EP5TI1Q#20692', b'COUNT', b'10', b'BLOCK', b'0', b'STREAMS', b'fastmcp:stream', b'>']
2026-01-19 15:45:43,227 - DEBUG - Scheduling due tasks
2026-01-19 15:45:43,228 - DEBUG - >>> None: [b'EVALSHA', b'39773dffbc51ce836d528fa7bc63e81067cfaea6', b'2', b'fastmcp:queue', b'fastmcp:stream', b'1768817743.227942', b'fastmcp']
2026-01-19 15:45:43,228 - DEBUG - Getting redeliveries
2026-01-19 15:45:43,228 - DEBUG - >>> None: [b'XAUTOCLAIM', b'fastmcp:stream', b'docket-workers', b'DESKTOP-EP5TI1Q#20692', b'300000', b'0-0', b'COUNT', b'10']
2026-01-19 15:45:43,228 - DEBUG - Getting new deliveries
2026-01-19 15:45:43,228 - DEBUG - >>> None: [b'XREADGROUP', b'GROUP', b'docket-workers', b'DESKTOP-EP5TI1Q#20692', b'COUNT', b'10', b'BLOCK', b'0', b'STREAMS', b'fastmcp:stream', b'>']
2026-01-19 15:45:43,345 - DEBUG - >>> None: [b'MULTI']
2026-01-19 15:45:43,345 - DEBUG - >>> None: [b'ZREMRANGEBYSCORE', b'fastmcp:workers', b'0', b'1768817733.343672']
2026-01-19 15:45:43,345 - DEBUG - >>> None: [b'ZADD', b'fastmcp:workers', b'1768817743.343672', b'DESKTOP-EP5TI1Q#20692']
2026-01-19 15:45:43,345 - DEBUG - >>> None: [b'ZREMRANGEBYSCORE', b'fastmcp:task-workers:trace', b'0', b'1768817733.343672']
2026-01-19 15:45:43,346 - DEBUG - >>> None: [b'ZADD', b'fastmcp:task-workers:trace', b'1768817743.343672', b'DESKTOP-EP5TI1Q#20692']
2026-01-19 15:45:43,346 - DEBUG - >>> None: [b'ZREMRANGEBYSCORE', b'fastmcp:task-workers:fail', b'0', b'1768817733.343672']
2026-01-19 15:45:43,346 - DEBUG - >>> None: [b'ZADD', b'fastmcp:task-workers:fail', b'1768817743.343672', b'DESKTOP-EP5TI1Q#20692']
2026-01-19 15:45:43,346 - DEBUG - >>> None: [b'ZREMRANGEBYSCORE', b'fastmcp:task-workers:sleep', b'0', b'1768817733.343672']
2026-01-19 15:45:43,346 - DEBUG - >>> None: [b'ZADD', b'fastmcp:task-workers:sleep', b'1768817743.343672', b'DESKTOP-EP5TI1Q#20692']
2026-01-19 15:45:43,347 - DEBUG - >>> None: [b'SADD', b'fastmcp:worker-tasks:DESKTOP-EP5TI1Q#20692', b'trace', b'fail', b'sleep']
2026-01-19 15:45:43,347 - DEBUG - >>> None: [b'EXPIRE', b'fastmcp:worker-tasks:DESKTOP-EP5TI1Q#20692', b'10']
2026-01-19 15:45:43,347 - DEBUG - >>> None: [b'EXEC']
2026-01-19 15:45:43,348 - DEBUG - >>> None: [b'MULTI']
2026-01-19 15:45:43,348 - DEBUG - >>> None: [b'XLEN', b'fastmcp:stream']
2026-01-19 15:45:43,348 - DEBUG - >>> None: [b'ZCOUNT', b'fastmcp:queue', b'0', b'1768817743.343672']
2026-01-19 15:45:43,348 - DEBUG - >>> None: [b'ZCOUNT', b'fastmcp:queue', b'1768817743.343672', b'+inf']
2026-01-19 15:45:43,348 - DEBUG - >>> None: [b'EXEC']
2026-01-19 15:45:43,488 - DEBUG - Scheduling due tasks
2026-01-19 15:45:43,488 - DEBUG - >>> None: [b'EVALSHA', b'39773dffbc51ce836d528fa7bc63e81067cfaea6', b'2', b'fastmcp:queue', b'fastmcp:stream', b'1768817743.488626', b'fastmcp']
2026-01-19 15:45:43,490 - DEBUG - Getting redeliveries
2026-01-19 15:45:43,490 - DEBUG - >>> None: [b'XAUTOCLAIM', b'fastmcp:stream', b'docket-workers', b'DESKTOP-EP5TI1Q#20692', b'300000', b'0-0', b'COUNT', b'10']
2026-01-19 15:45:43,490 - DEBUG - Getting new deliveries
2026-01-19 15:45:43,491 - DEBUG - >>> None: [b'XREADGROUP', b'GROUP', b'docket-workers', b'DESKTOP-EP5TI1Q#20692', b'COUNT', b'10', b'BLOCK', b'0', b'STREAMS', b'fastmcp:stream', b'>']
2026-01-19 15:45:43,740 - DEBUG - Scheduling due tasks
2026-01-19 15:45:43,741 - DEBUG - >>> None: [b'EVALSHA', b'39773dffbc51ce836d528fa7bc63e81067cfaea6', b'2', b'fastmcp:queue', b'fastmcp:stream', b'1768817743.740966', b'fastmcp']
2026-01-19 15:45:43,741 - DEBUG - Getting redeliveries
2026-01-19 15:45:43,742 - DEBUG - >>> None: [b'XAUTOCLAIM', b'fastmcp:stream', b'docket-workers', b'DESKTOP-EP5TI1Q#20692', b'300000', b'0-0', b'COUNT', b'10']
2026-01-19 15:45:43,742 - DEBUG - Getting new deliveries
2026-01-19 15:45:43,743 - DEBUG - >>> None: [b'XREADGROUP', b'GROUP', b'docket-workers', b'DESKTOP-EP5TI1Q#20692', b'COUNT', b'10', b'BLOCK', b'0', b'STREAMS', b'fastmcp:stream', b'>']
2026-01-19 15:45:44,014 - DEBUG - Scheduling due tasks
2026-01-19 15:45:44,014 - DEBUG - >>> None: [b'EVALSHA', b'39773dffbc51ce836d528fa7bc63e81067cfaea6', b'2', b'fastmcp:queue', b'fastmcp:stream', b'1768817744.014609', b'fastmcp']
2026-01-19 15:45:44,015 - DEBUG - Getting redeliveries
2026-01-19 15:45:44,015 - DEBUG - >>> None: [b'XAUTOCLAIM', b'fastmcp:stream', b'docket-workers', b'DESKTOP-EP5TI1Q#20692', b'300000', b'0-0', b'COUNT', b'10']
2026-01-19 15:45:44,016 - DEBUG - Getting new deliveries
2026-01-19 15:45:44,016 - DEBUG - >>> None: [b'XREADGROUP', b'GROUP', b'docket-workers', b'DESKTOP-EP5TI1Q#20692', b'COUNT', b'10', b'BLOCK', b'0', b'STREAMS', b'fastmcp:stream', b'>']
2026-01-19 15:45:44,296 - DEBUG - Scheduling due tasks
2026-01-19 15:45:44,297 - DEBUG - >>> None: [b'EVALSHA', b'39773dffbc51ce836d528fa7bc63e81067cfaea6', b'2', b'fastmcp:queue', b'fastmcp:stream', b'1768817744.296737', b'fastmcp']
2026-01-19 15:45:44,297 - DEBUG - Getting redeliveries
2026-01-19 15:45:44,299 - DEBUG - >>> None: [b'XAUTOCLAIM', b'fastmcp:stream', b'docket-workers', b'DESKTOP-EP5TI1Q#20692', b'300000', b'0-0', b'COUNT', b'10']
2026-01-19 15:45:44,303 - DEBUG - Getting new deliveries
2026-01-19 15:45:44,305 - DEBUG - >>> None: [b'XREADGROUP', b'GROUP', b'docket-workers', b'DESKTOP-EP5TI1Q#20692', b'COUNT', b'10', b'BLOCK', b'0', b'STREAMS', b'fastmcp:stream', b'>']
2026-01-19 15:45:44,559 - DEBUG - Scheduling due tasks
2026-01-19 15:45:44,559 - DEBUG - >>> None: [b'EVALSHA', b'39773dffbc51ce836d528fa7bc63e81067cfaea6', b'2', b'fastmcp:queue', b'fastmcp:stream', b'1768817744.559643', b'fastmcp']
2026-01-19 15:45:44,560 - DEBUG - Getting redeliveries
2026-01-19 15:45:44,560 - DEBUG - >>> None: [b'XAUTOCLAIM', b'fastmcp:stream', b'docket-workers', b'DESKTOP-EP5TI1Q#20692', b'300000', b'0-0', b'COUNT', b'10']
2026-01-19 15:45:44,560 - DEBUG - Getting new deliveries
2026-01-19 15:45:44,560 - DEBUG - >>> None: [b'XREADGROUP', b'GROUP', b'docket-workers', b'DESKTOP-EP5TI1Q#20692', b'COUNT', b'10', b'BLOCK', b'0', b'STREAMS', b'fastmcp:stream', b'>']
2026-01-19 15:45:44,824 - DEBUG - Scheduling due tasks
2026-01-19 15:45:44,825 - DEBUG - >>> None: [b'EVALSHA', b'39773dffbc51ce836d528fa7bc63e81067cfaea6', b'2', b'fastmcp:queue', b'fastmcp:stream', b'1768817744.825146', b'fastmcp']
2026-01-19 15:45:44,825 - DEBUG - Getting redeliveries
2026-01-19 15:45:44,825 - DEBUG - >>> None: [b'XAUTOCLAIM', b'fastmcp:stream', b'docket-workers', b'DESKTOP-EP5TI1Q#20692', b'300000', b'0-0', b'COUNT', b'10']
2026-01-19 15:45:44,826 - DEBUG - Getting new deliveries
2026-01-19 15:45:44,826 - DEBUG - >>> None: [b'XREADGROUP', b'GROUP', b'docket-workers', b'DESKTOP-EP5TI1Q#20692', b'COUNT', b'10', b'BLOCK', b'0', b'STREAMS', b'fastmcp:stream', b'>']
2026-01-19 15:45:45,077 - DEBUG - Scheduling due tasks
2026-01-19 15:45:45,077 - DEBUG - >>> None: [b'EVALSHA', b'39773dffbc51ce836d528fa7bc63e81067cfaea6', b'2', b'fastmcp:queue', b'fastmcp:stream', b'1768817745.077494', b'fastmcp']
2026-01-19 15:45:45,078 - DEBUG - Getting redeliveries
2026-01-19 15:45:45,078 - DEBUG - >>> None: [b'XAUTOCLAIM', b'fastmcp:stream', b'docket-workers', b'DESKTOP-EP5TI1Q#20692', b'300000', b'0-0', b'COUNT', b'10']
2026-01-19 15:45:45,078 - DEBUG - Getting new deliveries
2026-01-19 15:45:45,079 - DEBUG - >>> None: [b'XREADGROUP', b'GROUP', b'docket-workers', b'DESKTOP-EP5TI1Q#20692', b'COUNT', b'10', b'BLOCK', b'0', b'STREAMS', b'fastmcp:stream', b'>']
2026-01-19 15:45:45,344 - DEBUG - Scheduling due tasks
2026-01-19 15:45:45,344 - DEBUG - >>> None: [b'EVALSHA', b'39773dffbc51ce836d528fa7bc63e81067cfaea6', b'2', b'fastmcp:queue', b'fastmcp:stream', b'1768817745.344781', b'fastmcp']
2026-01-19 15:45:45,345 - DEBUG - Getting redeliveries
2026-01-19 15:45:45,345 - DEBUG - >>> None: [b'XAUTOCLAIM', b'fastmcp:stream', b'docket-workers', b'DESKTOP-EP5TI1Q#20692', b'300000', b'0-0', b'COUNT', b'10']
2026-01-19 15:45:45,345 - DEBUG - Getting new deliveries
2026-01-19 15:45:45,346 - DEBUG - >>> None: [b'XREADGROUP', b'GROUP', b'docket-workers', b'DESKTOP-EP5TI1Q#20692', b'COUNT', b'10', b'BLOCK', b'0', b'STREAMS', b'fastmcp:stream', b'>']
2026-01-19 15:45:45,360 - DEBUG - >>> None: [b'MULTI']
2026-01-19 15:45:45,361 - DEBUG - >>> None: [b'ZREMRANGEBYSCORE', b'fastmcp:workers', b'0', b'1768817735.360157']
2026-01-19 15:45:45,361 - DEBUG - >>> None: [b'ZADD', b'fastmcp:workers', b'1768817745.360157', b'DESKTOP-EP5TI1Q#20692']
2026-01-19 15:45:45,361 - DEBUG - >>> None: [b'ZREMRANGEBYSCORE', b'fastmcp:task-workers:trace', b'0', b'1768817735.360157']
2026-01-19 15:45:45,361 - DEBUG - >>> None: [b'ZADD', b'fastmcp:task-workers:trace', b'1768817745.360157', b'DESKTOP-EP5TI1Q#20692']
2026-01-19 15:45:45,362 - DEBUG - >>> None: [b'ZREMRANGEBYSCORE', b'fastmcp:task-workers:fail', b'0', b'1768817735.360157']
2026-01-19 15:45:45,362 - DEBUG - >>> None: [b'ZADD', b'fastmcp:task-workers:fail', b'1768817745.360157', b'DESKTOP-EP5TI1Q#20692']
2026-01-19 15:45:45,362 - DEBUG - >>> None: [b'ZREMRANGEBYSCORE', b'fastmcp:task-workers:sleep', b'0', b'1768817735.360157']
2026-01-19 15:45:45,362 - DEBUG - >>> None: [b'ZADD', b'fastmcp:task-workers:sleep', b'1768817745.360157', b'DESKTOP-EP5TI1Q#20692']
2026-01-19 15:45:45,362 - DEBUG - >>> None: [b'SADD', b'fastmcp:worker-tasks:DESKTOP-EP5TI1Q#20692', b'trace', b'fail', b'sleep']
2026-01-19 15:45:45,362 - DEBUG - >>> None: [b'EXPIRE', b'fastmcp:worker-tasks:DESKTOP-EP5TI1Q#20692', b'10']
2026-01-19 15:45:45,362 - DEBUG - >>> None: [b'EXEC']
2026-01-19 15:45:45,363 - DEBUG - >>> None: [b'MULTI']
2026-01-19 15:45:45,363 - DEBUG - >>> None: [b'XLEN', b'fastmcp:stream']
2026-01-19 15:45:45,364 - DEBUG - >>> None: [b'ZCOUNT', b'fastmcp:queue', b'0', b'1768817745.360157']
2026-01-19 15:45:45,364 - DEBUG - >>> None: [b'ZCOUNT', b'fastmcp:queue', b'1768817745.360157', b'+inf']
2026-01-19 15:45:45,364 - DEBUG - >>> None: [b'EXEC']
2026-01-19 15:45:45,606 - DEBUG - Scheduling due tasks
2026-01-19 15:45:45,607 - DEBUG - >>> None: [b'EVALSHA', b'39773dffbc51ce836d528fa7bc63e81067cfaea6', b'2', b'fastmcp:queue', b'fastmcp:stream', b'1768817745.606942', b'fastmcp']
2026-01-19 15:45:45,607 - DEBUG - Getting redeliveries
2026-01-19 15:45:45,607 - DEBUG - >>> None: [b'XAUTOCLAIM', b'fastmcp:stream', b'docket-workers', b'DESKTOP-EP5TI1Q#20692', b'300000', b'0-0', b'COUNT', b'10']
2026-01-19 15:45:45,608 - DEBUG - Getting new deliveries
2026-01-19 15:45:45,608 - DEBUG - >>> None: [b'XREADGROUP', b'GROUP', b'docket-workers', b'DESKTOP-EP5TI1Q#20692', b'COUNT', b'10', b'BLOCK', b'0', b'STREAMS', b'fastmcp:stream', b'>']
2026-01-19 15:45:45,864 - DEBUG - Scheduling due tasks
2026-01-19 15:45:45,900 - DEBUG - >>> None: [b'EVALSHA', b'39773dffbc51ce836d528fa7bc63e81067cfaea6', b'2', b'fastmcp:queue', b'fastmcp:stream', b'1768817745.900397', b'fastmcp']
2026-01-19 15:45:45,901 - DEBUG - Getting redeliveries
2026-01-19 15:45:45,901 - DEBUG - >>> None: [b'XAUTOCLAIM', b'fastmcp:stream', b'docket-workers', b'DESKTOP-EP5TI1Q#20692', b'300000', b'0-0', b'COUNT', b'10']
2026-01-19 15:45:45,901 - DEBUG - Getting new deliveries
2026-01-19 15:45:45,901 - DEBUG - >>> None: [b'XREADGROUP', b'GROUP', b'docket-workers', b'DESKTOP-EP5TI1Q#20692', b'COUNT', b'10', b'BLOCK', b'0', b'STREAMS', b'fastmcp:stream', b'>']
2026-01-19 15:45:46,160 - DEBUG - Scheduling due tasks
2026-01-19 15:45:46,161 - DEBUG - >>> None: [b'EVALSHA', b'39773dffbc51ce836d528fa7bc63e81067cfaea6', b'2', b'fastmcp:queue', b'fastmcp:stream', b'1768817746.161148', b'fastmcp']
2026-01-19 15:45:46,161 - DEBUG - Getting redeliveries
2026-01-19 15:45:46,162 - DEBUG - >>> None: [b'XAUTOCLAIM', b'fastmcp:stream', b'docket-workers', b'DESKTOP-EP5TI1Q#20692', b'300000', b'0-0', b'COUNT', b'10']
2026-01-19 15:45:46,162 - DEBUG - Getting new deliveries
2026-01-19 15:45:46,162 - DEBUG - >>> None: [b'XREADGROUP', b'GROUP', b'docket-workers', b'DESKTOP-EP5TI1Q#20692', b'COUNT', b'10', b'BLOCK', b'0', b'STREAMS', b'fastmcp:stream', b'>']
2026-01-19 15:45:46,419 - DEBUG - Scheduling due tasks
2026-01-19 15:45:46,420 - DEBUG - >>> None: [b'EVALSHA', b'39773dffbc51ce836d528fa7bc63e81067cfaea6', b'2', b'fastmcp:queue', b'fastmcp:stream', b'1768817746.420107', b'fastmcp']
2026-01-19 15:45:46,420 - DEBUG - Getting redeliveries
2026-01-19 15:45:46,421 - DEBUG - >>> None: [b'XAUTOCLAIM', b'fastmcp:stream', b'docket-workers', b'DESKTOP-EP5TI1Q#20692', b'300000', b'0-0', b'COUNT', b'10']
2026-01-19 15:45:46,421 - DEBUG - Getting new deliveries
2026-01-19 15:45:46,421 - DEBUG - >>> None: [b'XREADGROUP', b'GROUP', b'docket-workers', b'DESKTOP-EP5TI1Q#20692', b'COUNT', b'10', b'BLOCK', b'0', b'STREAMS', b'fastmcp:stream', b'>']
2026-01-19 15:45:46,681 - DEBUG - Scheduling due tasks
2026-01-19 15:45:46,682 - DEBUG - >>> None: [b'EVALSHA', b'39773dffbc51ce836d528fa7bc63e81067cfaea6', b'2', b'fastmcp:queue', b'fastmcp:stream', b'1768817746.681888', b'fastmcp']
2026-01-19 15:45:46,682 - DEBUG - Getting redeliveries
2026-01-19 15:45:46,683 - DEBUG - >>> None: [b'XAUTOCLAIM', b'fastmcp:stream', b'docket-workers', b'DESKTOP-EP5TI1Q#20692', b'300000', b'0-0', b'COUNT', b'10']
2026-01-19 15:45:46,683 - DEBUG - Getting new deliveries
2026-01-19 15:45:46,683 - DEBUG - >>> None: [b'XREADGROUP', b'GROUP', b'docket-workers', b'DESKTOP-EP5TI1Q#20692', b'COUNT', b'10', b'BLOCK', b'0', b'STREAMS', b'fastmcp:stream', b'>']
2026-01-19 15:45:46,948 - DEBUG - Scheduling due tasks
2026-01-19 15:45:46,948 - DEBUG - >>> None: [b'EVALSHA', b'39773dffbc51ce836d528fa7bc63e81067cfaea6', b'2', b'fastmcp:queue', b'fastmcp:stream', b'1768817746.948728', b'fastmcp']
2026-01-19 15:45:46,949 - DEBUG - Getting redeliveries
2026-01-19 15:45:46,949 - DEBUG - >>> None: [b'XAUTOCLAIM', b'fastmcp:stream', b'docket-workers', b'DESKTOP-EP5TI1Q#20692', b'300000', b'0-0', b'COUNT', b'10']
2026-01-19 15:45:46,949 - DEBUG - Getting new deliveries
2026-01-19 15:45:46,949 - DEBUG - >>> None: [b'XREADGROUP', b'GROUP', b'docket-workers', b'DESKTOP-EP5TI1Q#20692', b'COUNT', b'10', b'BLOCK', b'0', b'STREAMS', b'fastmcp:stream', b'>']
2026-01-19 15:45:47,213 - DEBUG - Scheduling due tasks
2026-01-19 15:45:47,213 - DEBUG - >>> None: [b'EVALSHA', b'39773dffbc51ce836d528fa7bc63e81067cfaea6', b'2', b'fastmcp:queue', b'fastmcp:stream', b'1768817747.213445', b'fastmcp']
2026-01-19 15:45:47,214 - DEBUG - Getting redeliveries
2026-01-19 15:45:47,214 - DEBUG - >>> None: [b'XAUTOCLAIM', b'fastmcp:stream', b'docket-workers', b'DESKTOP-EP5TI1Q#20692', b'300000', b'0-0', b'COUNT', b'10']
2026-01-19 15:45:47,214 - DEBUG - Getting new deliveries
2026-01-19 15:45:47,215 - DEBUG - >>> None: [b'XREADGROUP', b'GROUP', b'docket-workers', b'DESKTOP-EP5TI1Q#20692', b'COUNT', b'10', b'BLOCK', b'0', b'STREAMS', b'fastmcp:stream', b'>']
2026-01-19 15:45:47,371 - DEBUG - >>> None: [b'MULTI']
2026-01-19 15:45:47,371 - DEBUG - >>> None: [b'ZREMRANGEBYSCORE', b'fastmcp:workers', b'0', b'1768817737.370959']
2026-01-19 15:45:47,371 - DEBUG - >>> None: [b'ZADD', b'fastmcp:workers', b'1768817747.370959', b'DESKTOP-EP5TI1Q#20692']
2026-01-19 15:45:47,371 - DEBUG - >>> None: [b'ZREMRANGEBYSCORE', b'fastmcp:task-workers:trace', b'0', b'1768817737.370959']
2026-01-19 15:45:47,371 - DEBUG - >>> None: [b'ZADD', b'fastmcp:task-workers:trace', b'1768817747.370959', b'DESKTOP-EP5TI1Q#20692']
2026-01-19 15:45:47,371 - DEBUG - >>> None: [b'ZREMRANGEBYSCORE', b'fastmcp:task-workers:fail', b'0', b'1768817737.370959']
2026-01-19 15:45:47,372 - DEBUG - >>> None: [b'ZADD', b'fastmcp:task-workers:fail', b'1768817747.370959', b'DESKTOP-EP5TI1Q#20692']
2026-01-19 15:45:47,372 - DEBUG - >>> None: [b'ZREMRANGEBYSCORE', b'fastmcp:task-workers:sleep', b'0', b'1768817737.370959']
2026-01-19 15:45:47,372 - DEBUG - >>> None: [b'ZADD', b'fastmcp:task-workers:sleep', b'1768817747.370959', b'DESKTOP-EP5TI1Q#20692']
2026-01-19 15:45:47,372 - DEBUG - >>> None: [b'SADD', b'fastmcp:worker-tasks:DESKTOP-EP5TI1Q#20692', b'trace', b'fail', b'sleep']
2026-01-19 15:45:47,372 - DEBUG - >>> None: [b'EXPIRE', b'fastmcp:worker-tasks:DESKTOP-EP5TI1Q#20692', b'10']
2026-01-19 15:45:47,372 - DEBUG - >>> None: [b'EXEC']
2026-01-19 15:45:47,373 - DEBUG - >>> None: [b'MULTI']
2026-01-19 15:45:47,373 - DEBUG - >>> None: [b'XLEN', b'fastmcp:stream']
2026-01-19 15:45:47,373 - DEBUG - >>> None: [b'ZCOUNT', b'fastmcp:queue', b'0', b'1768817747.370959']
2026-01-19 15:45:47,373 - DEBUG - >>> None: [b'ZCOUNT', b'fastmcp:queue', b'1768817747.370959', b'+inf']
2026-01-19 15:45:47,373 - DEBUG - >>> None: [b'EXEC']
2026-01-19 15:45:47,467 - DEBUG - Scheduling due tasks
2026-01-19 15:45:47,468 - DEBUG - >>> None: [b'EVALSHA', b'39773dffbc51ce836d528fa7bc63e81067cfaea6', b'2', b'fastmcp:queue', b'fastmcp:stream', b'1768817747.468038', b'fastmcp']
2026-01-19 15:45:47,468 - DEBUG - Getting redeliveries
2026-01-19 15:45:47,469 - DEBUG - >>> None: [b'XAUTOCLAIM', b'fastmcp:stream', b'docket-workers', b'DESKTOP-EP5TI1Q#20692', b'300000', b'0-0', b'COUNT', b'10']
2026-01-19 15:45:47,469 - DEBUG - Getting new deliveries
2026-01-19 15:45:47,469 - DEBUG - >>> None: [b'XREADGROUP', b'GROUP', b'docket-workers', b'DESKTOP-EP5TI1Q#20692', b'COUNT', b'10', b'BLOCK', b'0', b'STREAMS', b'fastmcp:stream', b'>']
2026-01-19 15:45:47,719 - DEBUG - Scheduling due tasks
2026-01-19 15:45:47,720 - DEBUG - >>> None: [b'EVALSHA', b'39773dffbc51ce836d528fa7bc63e81067cfaea6', b'2', b'fastmcp:queue', b'fastmcp:stream', b'1768817747.720106', b'fastmcp']
2026-01-19 15:45:47,721 - DEBUG - Getting redeliveries
2026-01-19 15:45:47,721 - DEBUG - >>> None: [b'XAUTOCLAIM', b'fastmcp:stream', b'docket-workers', b'DESKTOP-EP5TI1Q#20692', b'300000', b'0-0', b'COUNT', b'10']
2026-01-19 15:45:47,721 - DEBUG - Getting new deliveries
2026-01-19 15:45:47,721 - DEBUG - >>> None: [b'XREADGROUP', b'GROUP', b'docket-workers', b'DESKTOP-EP5TI1Q#20692', b'COUNT', b'10', b'BLOCK', b'0', b'STREAMS', b'fastmcp:stream', b'>']
2026-01-19 15:45:47,987 - DEBUG - Scheduling due tasks
2026-01-19 15:45:47,987 - DEBUG - >>> None: [b'EVALSHA', b'39773dffbc51ce836d528fa7bc63e81067cfaea6', b'2', b'fastmcp:queue', b'fastmcp:stream', b'1768817747.987387', b'fastmcp']
2026-01-19 15:45:47,988 - DEBUG - Getting redeliveries
2026-01-19 15:45:47,988 - DEBUG - >>> None: [b'XAUTOCLAIM', b'fastmcp:stream', b'docket-workers', b'DESKTOP-EP5TI1Q#20692', b'300000', b'0-0', b'COUNT', b'10']
2026-01-19 15:45:47,988 - DEBUG - Getting new deliveries
2026-01-19 15:45:47,988 - DEBUG - >>> None: [b'XREADGROUP', b'GROUP', b'docket-workers', b'DESKTOP-EP5TI1Q#20692', b'COUNT', b'10', b'BLOCK', b'0', b'STREAMS', b'fastmcp:stream', b'>']
2026-01-19 15:45:48,243 - DEBUG - Scheduling due tasks
2026-01-19 15:45:48,244 - DEBUG - >>> None: [b'EVALSHA', b'39773dffbc51ce836d528fa7bc63e81067cfaea6', b'2', b'fastmcp:queue', b'fastmcp:stream', b'1768817748.243716', b'fastmcp']
2026-01-19 15:45:48,244 - DEBUG - Getting redeliveries
2026-01-19 15:45:48,244 - DEBUG - >>> None: [b'XAUTOCLAIM', b'fastmcp:stream', b'docket-workers', b'DESKTOP-EP5TI1Q#20692', b'300000', b'0-0', b'COUNT', b'10']
2026-01-19 15:45:48,245 - DEBUG - Getting new deliveries
2026-01-19 15:45:48,245 - DEBUG - >>> None: [b'XREADGROUP', b'GROUP', b'docket-workers', b'DESKTOP-EP5TI1Q#20692', b'COUNT', b'10', b'BLOCK', b'0', b'STREAMS', b'fastmcp:stream', b'>']
2026-01-19 15:45:48,512 - DEBUG - Scheduling due tasks
2026-01-19 15:45:48,512 - DEBUG - >>> None: [b'EVALSHA', b'39773dffbc51ce836d528fa7bc63e81067cfaea6', b'2', b'fastmcp:queue', b'fastmcp:stream', b'1768817748.512753', b'fastmcp']
2026-01-19 15:45:48,513 - DEBUG - Getting redeliveries
2026-01-19 15:45:48,513 - DEBUG - >>> None: [b'XAUTOCLAIM', b'fastmcp:stream', b'docket-workers', b'DESKTOP-EP5TI1Q#20692', b'300000', b'0-0', b'COUNT', b'10']
2026-01-19 15:45:48,514 - DEBUG - Getting new deliveries
2026-01-19 15:45:48,514 - DEBUG - >>> None: [b'XREADGROUP', b'GROUP', b'docket-workers', b'DESKTOP-EP5TI1Q#20692', b'COUNT', b'10', b'BLOCK', b'0', b'STREAMS', b'fastmcp:stream', b'>']
2026-01-19 15:45:48,777 - DEBUG - Scheduling due tasks
2026-01-19 15:45:48,778 - DEBUG - >>> None: [b'EVALSHA', b'39773dffbc51ce836d528fa7bc63e81067cfaea6', b'2', b'fastmcp:queue', b'fastmcp:stream', b'1768817748.777832', b'fastmcp']
2026-01-19 15:45:48,778 - DEBUG - Getting redeliveries
2026-01-19 15:45:48,778 - DEBUG - >>> None: [b'XAUTOCLAIM', b'fastmcp:stream', b'docket-workers', b'DESKTOP-EP5TI1Q#20692', b'300000', b'0-0', b'COUNT', b'10']
2026-01-19 15:45:48,778 - DEBUG - Getting new deliveries
2026-01-19 15:45:48,779 - DEBUG - >>> None: [b'XREADGROUP', b'GROUP', b'docket-workers', b'DESKTOP-EP5TI1Q#20692', b'COUNT', b'10', b'BLOCK', b'0', b'STREAMS', b'fastmcp:stream', b'>']
2026-01-19 15:45:49,040 - DEBUG - Scheduling due tasks
2026-01-19 15:45:49,040 - DEBUG - >>> None: [b'EVALSHA', b'39773dffbc51ce836d528fa7bc63e81067cfaea6', b'2', b'fastmcp:queue', b'fastmcp:stream', b'1768817749.040839', b'fastmcp']
2026-01-19 15:45:49,041 - DEBUG - Getting redeliveries
2026-01-19 15:45:49,041 - DEBUG - >>> None: [b'XAUTOCLAIM', b'fastmcp:stream', b'docket-workers', b'DESKTOP-EP5TI1Q#20692', b'300000', b'0-0', b'COUNT', b'10']
2026-01-19 15:45:49,041 - DEBUG - Getting new deliveries
2026-01-19 15:45:49,041 - DEBUG - >>> None: [b'XREADGROUP', b'GROUP', b'docket-workers', b'DESKTOP-EP5TI1Q#20692', b'COUNT', b'10', b'BLOCK', b'0', b'STREAMS', b'fastmcp:stream', b'>']
2026-01-19 15:45:49,306 - DEBUG - Scheduling due tasks
2026-01-19 15:45:49,306 - DEBUG - >>> None: [b'EVALSHA', b'39773dffbc51ce836d528fa7bc63e81067cfaea6', b'2', b'fastmcp:queue', b'fastmcp:stream', b'1768817749.306165', b'fastmcp']
2026-01-19 15:45:49,306 - DEBUG - Getting redeliveries
2026-01-19 15:45:49,307 - DEBUG - >>> None: [b'XAUTOCLAIM', b'fastmcp:stream', b'docket-workers', b'DESKTOP-EP5TI1Q#20692', b'300000', b'0-0', b'COUNT', b'10']
2026-01-19 15:45:49,307 - DEBUG - Getting new deliveries
2026-01-19 15:45:49,307 - DEBUG - >>> None: [b'XREADGROUP', b'GROUP', b'docket-workers', b'DESKTOP-EP5TI1Q#20692', b'COUNT', b'10', b'BLOCK', b'0', b'STREAMS', b'fastmcp:stream', b'>']
2026-01-19 15:45:49,378 - DEBUG - >>> None: [b'MULTI']
2026-01-19 15:45:49,378 - DEBUG - >>> None: [b'ZREMRANGEBYSCORE', b'fastmcp:workers', b'0', b'1768817739.377965']
2026-01-19 15:45:49,378 - DEBUG - >>> None: [b'ZADD', b'fastmcp:workers', b'1768817749.377965', b'DESKTOP-EP5TI1Q#20692']
2026-01-19 15:45:49,379 - DEBUG - >>> None: [b'ZREMRANGEBYSCORE', b'fastmcp:task-workers:trace', b'0', b'1768817739.377965']
2026-01-19 15:45:49,379 - DEBUG - >>> None: [b'ZADD', b'fastmcp:task-workers:trace', b'1768817749.377965', b'DESKTOP-EP5TI1Q#20692']
2026-01-19 15:45:49,379 - DEBUG - >>> None: [b'ZREMRANGEBYSCORE', b'fastmcp:task-workers:fail', b'0', b'1768817739.377965']
2026-01-19 15:45:49,379 - DEBUG - >>> None: [b'ZADD', b'fastmcp:task-workers:fail', b'1768817749.377965', b'DESKTOP-EP5TI1Q#20692']
2026-01-19 15:45:49,379 - DEBUG - >>> None: [b'ZREMRANGEBYSCORE', b'fastmcp:task-workers:sleep', b'0', b'1768817739.377965']
2026-01-19 15:45:49,379 - DEBUG - >>> None: [b'ZADD', b'fastmcp:task-workers:sleep', b'1768817749.377965', b'DESKTOP-EP5TI1Q#20692']
2026-01-19 15:45:49,379 - DEBUG - >>> None: [b'SADD', b'fastmcp:worker-tasks:DESKTOP-EP5TI1Q#20692', b'trace', b'fail', b'sleep']
2026-01-19 15:45:49,379 - DEBUG - >>> None: [b'EXPIRE', b'fastmcp:worker-tasks:DESKTOP-EP5TI1Q#20692', b'10']
2026-01-19 15:45:49,379 - DEBUG - >>> None: [b'EXEC']
2026-01-19 15:45:49,380 - DEBUG - >>> None: [b'MULTI']
2026-01-19 15:45:49,380 - DEBUG - >>> None: [b'XLEN', b'fastmcp:stream']
2026-01-19 15:45:49,380 - DEBUG - >>> None: [b'ZCOUNT', b'fastmcp:queue', b'0', b'1768817749.377965']
2026-01-19 15:45:49,380 - DEBUG - >>> None: [b'ZCOUNT', b'fastmcp:queue', b'1768817749.377965', b'+inf']
2026-01-19 15:45:49,380 - DEBUG - >>> None: [b'EXEC']
2026-01-19 15:45:49,560 - DEBUG - Scheduling due tasks
2026-01-19 15:45:49,560 - DEBUG - >>> None: [b'EVALSHA', b'39773dffbc51ce836d528fa7bc63e81067cfaea6', b'2', b'fastmcp:queue', b'fastmcp:stream', b'1768817749.56064', b'fastmcp']
2026-01-19 15:45:49,561 - DEBUG - Getting redeliveries
2026-01-19 15:45:49,562 - DEBUG - >>> None: [b'XAUTOCLAIM', b'fastmcp:stream', b'docket-workers', b'DESKTOP-EP5TI1Q#20692', b'300000', b'0-0', b'COUNT', b'10']
2026-01-19 15:45:49,562 - DEBUG - Getting new deliveries
2026-01-19 15:45:49,562 - DEBUG - >>> None: [b'XREADGROUP', b'GROUP', b'docket-workers', b'DESKTOP-EP5TI1Q#20692', b'COUNT', b'10', b'BLOCK', b'0', b'STREAMS', b'fastmcp:stream', b'>']
2026-01-19 15:45:49,819 - DEBUG - Scheduling due tasks
2026-01-19 15:45:49,819 - DEBUG - >>> None: [b'EVALSHA', b'39773dffbc51ce836d528fa7bc63e81067cfaea6', b'2', b'fastmcp:queue', b'fastmcp:stream', b'1768817749.819346', b'fastmcp']
2026-01-19 15:45:49,819 - DEBUG - Getting redeliveries
2026-01-19 15:45:49,820 - DEBUG - >>> None: [b'XAUTOCLAIM', b'fastmcp:stream', b'docket-workers', b'DESKTOP-EP5TI1Q#20692', b'300000', b'0-0', b'COUNT', b'10']
2026-01-19 15:45:49,821 - DEBUG - Getting new deliveries
2026-01-19 15:45:49,821 - DEBUG - >>> None: [b'XREADGROUP', b'GROUP', b'docket-workers', b'DESKTOP-EP5TI1Q#20692', b'COUNT', b'10', b'BLOCK', b'0', b'STREAMS', b'fastmcp:stream', b'>']
2026-01-19 15:45:50,074 - DEBUG - Scheduling due tasks
2026-01-19 15:45:50,074 - DEBUG - >>> None: [b'EVALSHA', b'39773dffbc51ce836d528fa7bc63e81067cfaea6', b'2', b'fastmcp:queue', b'fastmcp:stream', b'1768817750.074394', b'fastmcp']
2026-01-19 15:45:50,075 - DEBUG - Getting redeliveries
2026-01-19 15:45:50,075 - DEBUG - >>> None: [b'XAUTOCLAIM', b'fastmcp:stream', b'docket-workers', b'DESKTOP-EP5TI1Q#20692', b'300000', b'0-0', b'COUNT', b'10']
2026-01-19 15:45:50,075 - DEBUG - Getting new deliveries
2026-01-19 15:45:50,076 - DEBUG - >>> None: [b'XREADGROUP', b'GROUP', b'docket-workers', b'DESKTOP-EP5TI1Q#20692', b'COUNT', b'10', b'BLOCK', b'0', b'STREAMS', b'fastmcp:stream', b'>']
2026-01-19 15:45:50,337 - DEBUG - Scheduling due tasks
2026-01-19 15:45:50,338 - DEBUG - >>> None: [b'EVALSHA', b'39773dffbc51ce836d528fa7bc63e81067cfaea6', b'2', b'fastmcp:queue', b'fastmcp:stream', b'1768817750.337872', b'fastmcp']
2026-01-19 15:45:50,338 - DEBUG - Getting redeliveries
2026-01-19 15:45:50,338 - DEBUG - >>> None: [b'XAUTOCLAIM', b'fastmcp:stream', b'docket-workers', b'DESKTOP-EP5TI1Q#20692', b'300000', b'0-0', b'COUNT', b'10']
2026-01-19 15:45:50,338 - DEBUG - Getting new deliveries
2026-01-19 15:45:50,338 - DEBUG - >>> None: [b'XREADGROUP', b'GROUP', b'docket-workers', b'DESKTOP-EP5TI1Q#20692', b'COUNT', b'10', b'BLOCK', b'0', b'STREAMS', b'fastmcp:stream', b'>']
2026-01-19 15:45:50,596 - DEBUG - Scheduling due tasks
2026-01-19 15:45:50,597 - DEBUG - >>> None: [b'EVALSHA', b'39773dffbc51ce836d528fa7bc63e81067cfaea6', b'2', b'fastmcp:queue', b'fastmcp:stream', b'1768817750.596816', b'fastmcp']
2026-01-19 15:45:50,597 - DEBUG - Getting redeliveries
2026-01-19 15:45:50,598 - DEBUG - >>> None: [b'XAUTOCLAIM', b'fastmcp:stream', b'docket-workers', b'DESKTOP-EP5TI1Q#20692', b'300000', b'0-0', b'COUNT', b'10']
2026-01-19 15:45:50,598 - DEBUG - Getting new deliveries
2026-01-19 15:45:50,598 - DEBUG - >>> None: [b'XREADGROUP', b'GROUP', b'docket-workers', b'DESKTOP-EP5TI1Q#20692', b'COUNT', b'10', b'BLOCK', b'0', b'STREAMS', b'fastmcp:stream', b'>']
2026-01-19 15:45:50,855 - DEBUG - Scheduling due tasks
2026-01-19 15:45:50,855 - DEBUG - >>> None: [b'EVALSHA', b'39773dffbc51ce836d528fa7bc63e81067cfaea6', b'2', b'fastmcp:queue', b'fastmcp:stream', b'1768817750.855373', b'fastmcp']
2026-01-19 15:45:50,856 - DEBUG - Getting redeliveries
2026-01-19 15:45:50,856 - DEBUG - >>> None: [b'XAUTOCLAIM', b'fastmcp:stream', b'docket-workers', b'DESKTOP-EP5TI1Q#20692', b'300000', b'0-0', b'COUNT', b'10']
2026-01-19 15:45:50,856 - DEBUG - Getting new deliveries
2026-01-19 15:45:50,856 - DEBUG - >>> None: [b'XREADGROUP', b'GROUP', b'docket-workers', b'DESKTOP-EP5TI1Q#20692', b'COUNT', b'10', b'BLOCK', b'0', b'STREAMS', b'fastmcp:stream', b'>']
2026-01-19 15:45:51,110 - DEBUG - Scheduling due tasks
2026-01-19 15:45:51,111 - DEBUG - >>> None: [b'EVALSHA', b'39773dffbc51ce836d528fa7bc63e81067cfaea6', b'2', b'fastmcp:queue', b'fastmcp:stream', b'1768817751.110951', b'fastmcp']
2026-01-19 15:45:51,111 - DEBUG - Getting redeliveries
2026-01-19 15:45:51,112 - DEBUG - >>> None: [b'XAUTOCLAIM', b'fastmcp:stream', b'docket-workers', b'DESKTOP-EP5TI1Q#20692', b'300000', b'0-0', b'COUNT', b'10']
2026-01-19 15:45:51,112 - DEBUG - Getting new deliveries
2026-01-19 15:45:51,112 - DEBUG - >>> None: [b'XREADGROUP', b'GROUP', b'docket-workers', b'DESKTOP-EP5TI1Q#20692', b'COUNT', b'10', b'BLOCK', b'0', b'STREAMS', b'fastmcp:stream', b'>']
2026-01-19 15:45:51,376 - DEBUG - Scheduling due tasks
2026-01-19 15:45:51,377 - DEBUG - >>> None: [b'EVALSHA', b'39773dffbc51ce836d528fa7bc63e81067cfaea6', b'2', b'fastmcp:queue', b'fastmcp:stream', b'1768817751.37687', b'fastmcp']
2026-01-19 15:45:51,378 - DEBUG - Getting redeliveries
2026-01-19 15:45:51,378 - DEBUG - >>> None: [b'XAUTOCLAIM', b'fastmcp:stream', b'docket-workers', b'DESKTOP-EP5TI1Q#20692', b'300000', b'0-0', b'COUNT', b'10']
2026-01-19 15:45:51,378 - DEBUG - Getting new deliveries
2026-01-19 15:45:51,378 - DEBUG - >>> None: [b'XREADGROUP', b'GROUP', b'docket-workers', b'DESKTOP-EP5TI1Q#20692', b'COUNT', b'10', b'BLOCK', b'0', b'STREAMS', b'fastmcp:stream', b'>']
2026-01-19 15:45:51,393 - DEBUG - >>> None: [b'MULTI']
2026-01-19 15:45:51,393 - DEBUG - >>> None: [b'ZREMRANGEBYSCORE', b'fastmcp:workers', b'0', b'1768817741.392154']
2026-01-19 15:45:51,393 - DEBUG - >>> None: [b'ZADD', b'fastmcp:workers', b'1768817751.392154', b'DESKTOP-EP5TI1Q#20692']
2026-01-19 15:45:51,394 - DEBUG - >>> None: [b'ZREMRANGEBYSCORE', b'fastmcp:task-workers:trace', b'0', b'1768817741.392154']
2026-01-19 15:45:51,394 - DEBUG - >>> None: [b'ZADD', b'fastmcp:task-workers:trace', b'1768817751.392154', b'DESKTOP-EP5TI1Q#20692']
2026-01-19 15:45:51,394 - DEBUG - >>> None: [b'ZREMRANGEBYSCORE', b'fastmcp:task-workers:fail', b'0', b'1768817741.392154']
2026-01-19 15:45:51,394 - DEBUG - >>> None: [b'ZADD', b'fastmcp:task-workers:fail', b'1768817751.392154', b'DESKTOP-EP5TI1Q#20692']
2026-01-19 15:45:51,394 - DEBUG - >>> None: [b'ZREMRANGEBYSCORE', b'fastmcp:task-workers:sleep', b'0', b'1768817741.392154']
2026-01-19 15:45:51,394 - DEBUG - >>> None: [b'ZADD', b'fastmcp:task-workers:sleep', b'1768817751.392154', b'DESKTOP-EP5TI1Q#20692']
2026-01-19 15:45:51,395 - DEBUG - >>> None: [b'SADD', b'fastmcp:worker-tasks:DESKTOP-EP5TI1Q#20692', b'trace', b'fail', b'sleep']
2026-01-19 15:45:51,395 - DEBUG - >>> None: [b'EXPIRE', b'fastmcp:worker-tasks:DESKTOP-EP5TI1Q#20692', b'10']
2026-01-19 15:45:51,395 - DEBUG - >>> None: [b'EXEC']
2026-01-19 15:45:51,396 - DEBUG - >>> None: [b'MULTI']
2026-01-19 15:45:51,397 - DEBUG - >>> None: [b'XLEN', b'fastmcp:stream']
2026-01-19 15:45:51,397 - DEBUG - >>> None: [b'ZCOUNT', b'fastmcp:queue', b'0', b'1768817751.392154']
2026-01-19 15:45:51,397 - DEBUG - >>> None: [b'ZCOUNT', b'fastmcp:queue', b'1768817751.392154', b'+inf']
2026-01-19 15:45:51,397 - DEBUG - >>> None: [b'EXEC']
2026-01-19 15:45:51,629 - DEBUG - Scheduling due tasks
2026-01-19 15:45:51,629 - DEBUG - >>> None: [b'EVALSHA', b'39773dffbc51ce836d528fa7bc63e81067cfaea6', b'2', b'fastmcp:queue', b'fastmcp:stream', b'1768817751.629734', b'fastmcp']
2026-01-19 15:45:51,630 - DEBUG - Getting redeliveries
2026-01-19 15:45:51,630 - DEBUG - >>> None: [b'XAUTOCLAIM', b'fastmcp:stream', b'docket-workers', b'DESKTOP-EP5TI1Q#20692', b'300000', b'0-0', b'COUNT', b'10']
2026-01-19 15:45:51,630 - DEBUG - Getting new deliveries
2026-01-19 15:45:51,631 - DEBUG - >>> None: [b'XREADGROUP', b'GROUP', b'docket-workers', b'DESKTOP-EP5TI1Q#20692', b'COUNT', b'10', b'BLOCK', b'0', b'STREAMS', b'fastmcp:stream', b'>']
2026-01-19 15:45:51,893 - DEBUG - Scheduling due tasks
2026-01-19 15:45:51,893 - DEBUG - >>> None: [b'EVALSHA', b'39773dffbc51ce836d528fa7bc63e81067cfaea6', b'2', b'fastmcp:queue', b'fastmcp:stream', b'1768817751.893484', b'fastmcp']
2026-01-19 15:45:51,894 - DEBUG - Getting redeliveries
2026-01-19 15:45:51,895 - DEBUG - >>> None: [b'XAUTOCLAIM', b'fastmcp:stream', b'docket-workers', b'DESKTOP-EP5TI1Q#20692', b'300000', b'0-0', b'COUNT', b'10']
2026-01-19 15:45:51,895 - DEBUG - Getting new deliveries
2026-01-19 15:45:51,895 - DEBUG - >>> None: [b'XREADGROUP', b'GROUP', b'docket-workers', b'DESKTOP-EP5TI1Q#20692', b'COUNT', b'10', b'BLOCK', b'0', b'STREAMS', b'fastmcp:stream', b'>']
2026-01-19 15:45:52,145 - DEBUG - Scheduling due tasks
2026-01-19 15:45:52,145 - DEBUG - >>> None: [b'EVALSHA', b'39773dffbc51ce836d528fa7bc63e81067cfaea6', b'2', b'fastmcp:queue', b'fastmcp:stream', b'1768817752.145816', b'fastmcp']
2026-01-19 15:45:52,146 - DEBUG - Getting redeliveries
2026-01-19 15:45:52,146 - DEBUG - >>> None: [b'XAUTOCLAIM', b'fastmcp:stream', b'docket-workers', b'DESKTOP-EP5TI1Q#20692', b'300000', b'0-0', b'COUNT', b'10']
2026-01-19 15:45:52,146 - DEBUG - Getting new deliveries
2026-01-19 15:45:52,146 - DEBUG - >>> None: [b'XREADGROUP', b'GROUP', b'docket-workers', b'DESKTOP-EP5TI1Q#20692', b'COUNT', b'10', b'BLOCK', b'0', b'STREAMS', b'fastmcp:stream', b'>']
2026-01-19 15:45:52,410 - DEBUG - Scheduling due tasks
2026-01-19 15:45:52,411 - DEBUG - >>> None: [b'EVALSHA', b'39773dffbc51ce836d528fa7bc63e81067cfaea6', b'2', b'fastmcp:queue', b'fastmcp:stream', b'1768817752.411034', b'fastmcp']
2026-01-19 15:45:52,411 - DEBUG - Getting redeliveries
2026-01-19 15:45:52,411 - DEBUG - >>> None: [b'XAUTOCLAIM', b'fastmcp:stream', b'docket-workers', b'DESKTOP-EP5TI1Q#20692', b'300000', b'0-0', b'COUNT', b'10']
2026-01-19 15:45:52,411 - DEBUG - Getting new deliveries
2026-01-19 15:45:52,412 - DEBUG - >>> None: [b'XREADGROUP', b'GROUP', b'docket-workers', b'DESKTOP-EP5TI1Q#20692', b'COUNT', b'10', b'BLOCK', b'0', b'STREAMS', b'fastmcp:stream', b'>']
2026-01-19 15:45:52,664 - DEBUG - Scheduling due tasks
2026-01-19 15:45:52,664 - DEBUG - >>> None: [b'EVALSHA', b'39773dffbc51ce836d528fa7bc63e81067cfaea6', b'2', b'fastmcp:queue', b'fastmcp:stream', b'1768817752.664305', b'fastmcp']
2026-01-19 15:45:52,665 - DEBUG - Getting redeliveries
2026-01-19 15:45:52,665 - DEBUG - >>> None: [b'XAUTOCLAIM', b'fastmcp:stream', b'docket-workers', b'DESKTOP-EP5TI1Q#20692', b'300000', b'0-0', b'COUNT', b'10']
2026-01-19 15:45:52,665 - DEBUG - Getting new deliveries
2026-01-19 15:45:52,665 - DEBUG - >>> None: [b'XREADGROUP', b'GROUP', b'docket-workers', b'DESKTOP-EP5TI1Q#20692', b'COUNT', b'10', b'BLOCK', b'0', b'STREAMS', b'fastmcp:stream', b'>']
2026-01-19 15:45:52,924 - DEBUG - Scheduling due tasks
2026-01-19 15:45:52,924 - DEBUG - >>> None: [b'EVALSHA', b'39773dffbc51ce836d528fa7bc63e81067cfaea6', b'2', b'fastmcp:queue', b'fastmcp:stream', b'1768817752.924773', b'fastmcp']
2026-01-19 15:45:52,925 - DEBUG - Getting redeliveries
2026-01-19 15:45:52,925 - DEBUG - >>> None: [b'XAUTOCLAIM', b'fastmcp:stream', b'docket-workers', b'DESKTOP-EP5TI1Q#20692', b'300000', b'0-0', b'COUNT', b'10']
2026-01-19 15:45:52,926 - DEBUG - Getting new deliveries
2026-01-19 15:45:52,926 - DEBUG - >>> None: [b'XREADGROUP', b'GROUP', b'docket-workers', b'DESKTOP-EP5TI1Q#20692', b'COUNT', b'10', b'BLOCK', b'0', b'STREAMS', b'fastmcp:stream', b'>']
2026-01-19 15:45:53,182 - DEBUG - Scheduling due tasks
2026-01-19 15:45:53,182 - DEBUG - >>> None: [b'EVALSHA', b'39773dffbc51ce836d528fa7bc63e81067cfaea6', b'2', b'fastmcp:queue', b'fastmcp:stream', b'1768817753.182412', b'fastmcp']
2026-01-19 15:45:53,183 - DEBUG - Getting redeliveries
2026-01-19 15:45:53,183 - DEBUG - >>> None: [b'XAUTOCLAIM', b'fastmcp:stream', b'docket-workers', b'DESKTOP-EP5TI1Q#20692', b'300000', b'0-0', b'COUNT', b'10']
2026-01-19 15:45:53,183 - DEBUG - Getting new deliveries
2026-01-19 15:45:53,183 - DEBUG - >>> None: [b'XREADGROUP', b'GROUP', b'docket-workers', b'DESKTOP-EP5TI1Q#20692', b'COUNT', b'10', b'BLOCK', b'0', b'STREAMS', b'fastmcp:stream', b'>']
2026-01-19 15:45:53,409 - DEBUG - >>> None: [b'MULTI']
2026-01-19 15:45:53,410 - DEBUG - >>> None: [b'ZREMRANGEBYSCORE', b'fastmcp:workers', b'0', b'1768817743.407621']
2026-01-19 15:45:53,410 - DEBUG - >>> None: [b'ZADD', b'fastmcp:workers', b'1768817753.407621', b'DESKTOP-EP5TI1Q#20692']
2026-01-19 15:45:53,410 - DEBUG - >>> None: [b'ZREMRANGEBYSCORE', b'fastmcp:task-workers:trace', b'0', b'1768817743.407621']
2026-01-19 15:45:53,411 - DEBUG - >>> None: [b'ZADD', b'fastmcp:task-workers:trace', b'1768817753.407621', b'DESKTOP-EP5TI1Q#20692']
2026-01-19 15:45:53,411 - DEBUG - >>> None: [b'ZREMRANGEBYSCORE', b'fastmcp:task-workers:fail', b'0', b'1768817743.407621']
2026-01-19 15:45:53,412 - DEBUG - >>> None: [b'ZADD', b'fastmcp:task-workers:fail', b'1768817753.407621', b'DESKTOP-EP5TI1Q#20692']
2026-01-19 15:45:53,412 - DEBUG - >>> None: [b'ZREMRANGEBYSCORE', b'fastmcp:task-workers:sleep', b'0', b'1768817743.407621']
2026-01-19 15:45:53,412 - DEBUG - >>> None: [b'ZADD', b'fastmcp:task-workers:sleep', b'1768817753.407621', b'DESKTOP-EP5TI1Q#20692']
2026-01-19 15:45:53,413 - DEBUG - >>> None: [b'SADD', b'fastmcp:worker-tasks:DESKTOP-EP5TI1Q#20692', b'trace', b'fail', b'sleep']
2026-01-19 15:45:53,413 - DEBUG - >>> None: [b'EXPIRE', b'fastmcp:worker-tasks:DESKTOP-EP5TI1Q#20692', b'10']
2026-01-19 15:45:53,414 - DEBUG - >>> None: [b'EXEC']
2026-01-19 15:45:53,417 - DEBUG - >>> None: [b'MULTI']
2026-01-19 15:45:53,417 - DEBUG - >>> None: [b'XLEN', b'fastmcp:stream']
2026-01-19 15:45:53,417 - DEBUG - >>> None: [b'ZCOUNT', b'fastmcp:queue', b'0', b'1768817753.407621']
2026-01-19 15:45:53,418 - DEBUG - >>> None: [b'ZCOUNT', b'fastmcp:queue', b'1768817753.407621', b'+inf']
2026-01-19 15:45:53,418 - DEBUG - >>> None: [b'EXEC']
2026-01-19 15:45:53,439 - DEBUG - Scheduling due tasks
2026-01-19 15:45:53,440 - DEBUG - >>> None: [b'EVALSHA', b'39773dffbc51ce836d528fa7bc63e81067cfaea6', b'2', b'fastmcp:queue', b'fastmcp:stream', b'1768817753.440097', b'fastmcp']
2026-01-19 15:45:53,441 - DEBUG - Getting redeliveries
2026-01-19 15:45:53,441 - DEBUG - >>> None: [b'XAUTOCLAIM', b'fastmcp:stream', b'docket-workers', b'DESKTOP-EP5TI1Q#20692', b'300000', b'0-0', b'COUNT', b'10']
2026-01-19 15:45:53,441 - DEBUG - Getting new deliveries
2026-01-19 15:45:53,441 - DEBUG - >>> None: [b'XREADGROUP', b'GROUP', b'docket-workers', b'DESKTOP-EP5TI1Q#20692', b'COUNT', b'10', b'BLOCK', b'0', b'STREAMS', b'fastmcp:stream', b'>']
2026-01-19 15:45:53,704 - DEBUG - Scheduling due tasks
2026-01-19 15:45:53,704 - DEBUG - >>> None: [b'EVALSHA', b'39773dffbc51ce836d528fa7bc63e81067cfaea6', b'2', b'fastmcp:queue', b'fastmcp:stream', b'1768817753.704377', b'fastmcp']
2026-01-19 15:45:53,704 - DEBUG - Getting redeliveries
2026-01-19 15:45:53,705 - DEBUG - >>> None: [b'XAUTOCLAIM', b'fastmcp:stream', b'docket-workers', b'DESKTOP-EP5TI1Q#20692', b'300000', b'0-0', b'COUNT', b'10']
2026-01-19 15:45:53,705 - DEBUG - Getting new deliveries
2026-01-19 15:45:53,705 - DEBUG - >>> None: [b'XREADGROUP', b'GROUP', b'docket-workers', b'DESKTOP-EP5TI1Q#20692', b'COUNT', b'10', b'BLOCK', b'0', b'STREAMS', b'fastmcp:stream', b'>']
2026-01-19 15:45:53,965 - DEBUG - Scheduling due tasks
2026-01-19 15:45:53,965 - DEBUG - >>> None: [b'EVALSHA', b'39773dffbc51ce836d528fa7bc63e81067cfaea6', b'2', b'fastmcp:queue', b'fastmcp:stream', b'1768817753.96532', b'fastmcp']
2026-01-19 15:45:53,966 - DEBUG - Getting redeliveries
2026-01-19 15:45:53,966 - DEBUG - >>> None: [b'XAUTOCLAIM', b'fastmcp:stream', b'docket-workers', b'DESKTOP-EP5TI1Q#20692', b'300000', b'0-0', b'COUNT', b'10']
2026-01-19 15:45:53,966 - DEBUG - Getting new deliveries
2026-01-19 15:45:53,966 - DEBUG - >>> None: [b'XREADGROUP', b'GROUP', b'docket-workers', b'DESKTOP-EP5TI1Q#20692', b'COUNT', b'10', b'BLOCK', b'0', b'STREAMS', b'fastmcp:stream', b'>']
2026-01-19 15:45:54,231 - DEBUG - Scheduling due tasks
2026-01-19 15:45:54,231 - DEBUG - >>> None: [b'EVALSHA', b'39773dffbc51ce836d528fa7bc63e81067cfaea6', b'2', b'fastmcp:queue', b'fastmcp:stream', b'1768817754.231558', b'fastmcp']
2026-01-19 15:45:54,232 - DEBUG - Getting redeliveries
2026-01-19 15:45:54,232 - DEBUG - >>> None: [b'XAUTOCLAIM', b'fastmcp:stream', b'docket-workers', b'DESKTOP-EP5TI1Q#20692', b'300000', b'0-0', b'COUNT', b'10']
2026-01-19 15:45:54,232 - DEBUG - Getting new deliveries
2026-01-19 15:45:54,232 - DEBUG - >>> None: [b'XREADGROUP', b'GROUP', b'docket-workers', b'DESKTOP-EP5TI1Q#20692', b'COUNT', b'10', b'BLOCK', b'0', b'STREAMS', b'fastmcp:stream', b'>']
2026-01-19 15:45:54,495 - DEBUG - Scheduling due tasks
2026-01-19 15:45:54,496 - DEBUG - >>> None: [b'EVALSHA', b'39773dffbc51ce836d528fa7bc63e81067cfaea6', b'2', b'fastmcp:queue', b'fastmcp:stream', b'1768817754.495937', b'fastmcp']
2026-01-19 15:45:54,497 - DEBUG - Getting redeliveries
2026-01-19 15:45:54,497 - DEBUG - >>> None: [b'XAUTOCLAIM', b'fastmcp:stream', b'docket-workers', b'DESKTOP-EP5TI1Q#20692', b'300000', b'0-0', b'COUNT', b'10']
2026-01-19 15:45:54,498 - DEBUG - Getting new deliveries
2026-01-19 15:45:54,498 - DEBUG - >>> None: [b'XREADGROUP', b'GROUP', b'docket-workers', b'DESKTOP-EP5TI1Q#20692', b'COUNT', b'10', b'BLOCK', b'0', b'STREAMS', b'fastmcp:stream', b'>']
2026-01-19 15:45:54,747 - DEBUG - Scheduling due tasks
2026-01-19 15:45:54,748 - DEBUG - >>> None: [b'EVALSHA', b'39773dffbc51ce836d528fa7bc63e81067cfaea6', b'2', b'fastmcp:queue', b'fastmcp:stream', b'1768817754.748044', b'fastmcp']
2026-01-19 15:45:54,755 - DEBUG - Getting redeliveries
2026-01-19 15:45:54,755 - DEBUG - >>> None: [b'XAUTOCLAIM', b'fastmcp:stream', b'docket-workers', b'DESKTOP-EP5TI1Q#20692', b'300000', b'0-0', b'COUNT', b'10']
2026-01-19 15:45:54,755 - DEBUG - Getting new deliveries
2026-01-19 15:45:54,755 - DEBUG - >>> None: [b'XREADGROUP', b'GROUP', b'docket-workers', b'DESKTOP-EP5TI1Q#20692', b'COUNT', b'10', b'BLOCK', b'0', b'STREAMS', b'fastmcp:stream', b'>']
2026-01-19 15:45:55,005 - DEBUG - Scheduling due tasks
2026-01-19 15:45:55,006 - DEBUG - >>> None: [b'EVALSHA', b'39773dffbc51ce836d528fa7bc63e81067cfaea6', b'2', b'fastmcp:queue', b'fastmcp:stream', b'1768817755.0061', b'fastmcp']
2026-01-19 15:45:55,008 - DEBUG - Getting redeliveries
2026-01-19 15:45:55,008 - DEBUG - >>> None: [b'XAUTOCLAIM', b'fastmcp:stream', b'docket-workers', b'DESKTOP-EP5TI1Q#20692', b'300000', b'0-0', b'COUNT', b'10']
2026-01-19 15:45:55,009 - DEBUG - Getting new deliveries
2026-01-19 15:45:55,009 - DEBUG - >>> None: [b'XREADGROUP', b'GROUP', b'docket-workers', b'DESKTOP-EP5TI1Q#20692', b'COUNT', b'10', b'BLOCK', b'0', b'STREAMS', b'fastmcp:stream', b'>']
2026-01-19 15:45:55,265 - DEBUG - Scheduling due tasks
2026-01-19 15:45:55,265 - DEBUG - >>> None: [b'EVALSHA', b'39773dffbc51ce836d528fa7bc63e81067cfaea6', b'2', b'fastmcp:queue', b'fastmcp:stream', b'1768817755.265603', b'fastmcp']
2026-01-19 15:45:55,266 - DEBUG - Getting redeliveries
2026-01-19 15:45:55,267 - DEBUG - >>> None: [b'XAUTOCLAIM', b'fastmcp:stream', b'docket-workers', b'DESKTOP-EP5TI1Q#20692', b'300000', b'0-0', b'COUNT', b'10']
2026-01-19 15:45:55,267 - DEBUG - Getting new deliveries
2026-01-19 15:45:55,267 - DEBUG - >>> None: [b'XREADGROUP', b'GROUP', b'docket-workers', b'DESKTOP-EP5TI1Q#20692', b'COUNT', b'10', b'BLOCK', b'0', b'STREAMS', b'fastmcp:stream', b'>']
2026-01-19 15:45:55,423 - DEBUG - >>> None: [b'MULTI']
2026-01-19 15:45:55,434 - DEBUG - >>> None: [b'ZREMRANGEBYSCORE', b'fastmcp:workers', b'0', b'1768817745.423136']
2026-01-19 15:45:55,434 - DEBUG - >>> None: [b'ZADD', b'fastmcp:workers', b'1768817755.423136', b'DESKTOP-EP5TI1Q#20692']
2026-01-19 15:45:55,434 - DEBUG - >>> None: [b'ZREMRANGEBYSCORE', b'fastmcp:task-workers:trace', b'0', b'1768817745.423136']
2026-01-19 15:45:55,434 - DEBUG - >>> None: [b'ZADD', b'fastmcp:task-workers:trace', b'1768817755.423136', b'DESKTOP-EP5TI1Q#20692']
2026-01-19 15:45:55,434 - DEBUG - >>> None: [b'ZREMRANGEBYSCORE', b'fastmcp:task-workers:fail', b'0', b'1768817745.423136']
2026-01-19 15:45:55,434 - DEBUG - >>> None: [b'ZADD', b'fastmcp:task-workers:fail', b'1768817755.423136', b'DESKTOP-EP5TI1Q#20692']
2026-01-19 15:45:55,435 - DEBUG - >>> None: [b'ZREMRANGEBYSCORE', b'fastmcp:task-workers:sleep', b'0', b'1768817745.423136']
2026-01-19 15:45:55,435 - DEBUG - >>> None: [b'ZADD', b'fastmcp:task-workers:sleep', b'1768817755.423136', b'DESKTOP-EP5TI1Q#20692']
2026-01-19 15:45:55,435 - DEBUG - >>> None: [b'SADD', b'fastmcp:worker-tasks:DESKTOP-EP5TI1Q#20692', b'trace', b'fail', b'sleep']
2026-01-19 15:45:55,435 - DEBUG - >>> None: [b'EXPIRE', b'fastmcp:worker-tasks:DESKTOP-EP5TI1Q#20692', b'10']
2026-01-19 15:45:55,435 - DEBUG - >>> None: [b'EXEC']
2026-01-19 15:45:55,436 - DEBUG - >>> None: [b'MULTI']
2026-01-19 15:45:55,436 - DEBUG - >>> None: [b'XLEN', b'fastmcp:stream']
2026-01-19 15:45:55,436 - DEBUG - >>> None: [b'ZCOUNT', b'fastmcp:queue', b'0', b'1768817755.423136']
2026-01-19 15:45:55,436 - DEBUG - >>> None: [b'ZCOUNT', b'fastmcp:queue', b'1768817755.423136', b'+inf']
2026-01-19 15:45:55,436 - DEBUG - >>> None: [b'EXEC']
2026-01-19 15:45:55,518 - DEBUG - Scheduling due tasks
2026-01-19 15:45:55,518 - DEBUG - >>> None: [b'EVALSHA', b'39773dffbc51ce836d528fa7bc63e81067cfaea6', b'2', b'fastmcp:queue', b'fastmcp:stream', b'1768817755.518585', b'fastmcp']
2026-01-19 15:45:55,519 - DEBUG - Getting redeliveries
2026-01-19 15:45:55,519 - DEBUG - >>> None: [b'XAUTOCLAIM', b'fastmcp:stream', b'docket-workers', b'DESKTOP-EP5TI1Q#20692', b'300000', b'0-0', b'COUNT', b'10']
2026-01-19 15:45:55,520 - DEBUG - Getting new deliveries
2026-01-19 15:45:55,520 - DEBUG - >>> None: [b'XREADGROUP', b'GROUP', b'docket-workers', b'DESKTOP-EP5TI1Q#20692', b'COUNT', b'10', b'BLOCK', b'0', b'STREAMS', b'fastmcp:stream', b'>']
2026-01-19 15:45:55,770 - DEBUG - Scheduling due tasks
2026-01-19 15:45:55,771 - DEBUG - >>> None: [b'EVALSHA', b'39773dffbc51ce836d528fa7bc63e81067cfaea6', b'2', b'fastmcp:queue', b'fastmcp:stream', b'1768817755.770982', b'fastmcp']
2026-01-19 15:45:55,772 - DEBUG - Getting redeliveries
2026-01-19 15:45:55,772 - DEBUG - >>> None: [b'XAUTOCLAIM', b'fastmcp:stream', b'docket-workers', b'DESKTOP-EP5TI1Q#20692', b'300000', b'0-0', b'COUNT', b'10']
2026-01-19 15:45:55,772 - DEBUG - Getting new deliveries
2026-01-19 15:45:55,772 - DEBUG - >>> None: [b'XREADGROUP', b'GROUP', b'docket-workers', b'DESKTOP-EP5TI1Q#20692', b'COUNT', b'10', b'BLOCK', b'0', b'STREAMS', b'fastmcp:stream', b'>']
2026-01-19 15:45:56,028 - DEBUG - Scheduling due tasks
2026-01-19 15:45:56,029 - DEBUG - >>> None: [b'EVALSHA', b'39773dffbc51ce836d528fa7bc63e81067cfaea6', b'2', b'fastmcp:queue', b'fastmcp:stream', b'1768817756.028885', b'fastmcp']
2026-01-19 15:45:56,029 - DEBUG - Getting redeliveries
2026-01-19 15:45:56,030 - DEBUG - >>> None: [b'XAUTOCLAIM', b'fastmcp:stream', b'docket-workers', b'DESKTOP-EP5TI1Q#20692', b'300000', b'0-0', b'COUNT', b'10']
2026-01-19 15:45:56,030 - DEBUG - Getting new deliveries
2026-01-19 15:45:56,030 - DEBUG - >>> None: [b'XREADGROUP', b'GROUP', b'docket-workers', b'DESKTOP-EP5TI1Q#20692', b'COUNT', b'10', b'BLOCK', b'0', b'STREAMS', b'fastmcp:stream', b'>']
2026-01-19 15:45:56,283 - DEBUG - Scheduling due tasks
2026-01-19 15:45:56,284 - DEBUG - >>> None: [b'EVALSHA', b'39773dffbc51ce836d528fa7bc63e81067cfaea6', b'2', b'fastmcp:queue', b'fastmcp:stream', b'1768817756.28389', b'fastmcp']
2026-01-19 15:45:56,284 - DEBUG - Getting redeliveries
2026-01-19 15:45:56,284 - DEBUG - >>> None: [b'XAUTOCLAIM', b'fastmcp:stream', b'docket-workers', b'DESKTOP-EP5TI1Q#20692', b'300000', b'0-0', b'COUNT', b'10']
2026-01-19 15:45:56,284 - DEBUG - Getting new deliveries
2026-01-19 15:45:56,284 - DEBUG - >>> None: [b'XREADGROUP', b'GROUP', b'docket-workers', b'DESKTOP-EP5TI1Q#20692', b'COUNT', b'10', b'BLOCK', b'0', b'STREAMS', b'fastmcp:stream', b'>']
2026-01-19 15:45:56,546 - DEBUG - Scheduling due tasks
2026-01-19 15:45:56,548 - DEBUG - >>> None: [b'EVALSHA', b'39773dffbc51ce836d528fa7bc63e81067cfaea6', b'2', b'fastmcp:queue', b'fastmcp:stream', b'1768817756.547722', b'fastmcp']
2026-01-19 15:45:56,549 - DEBUG - Getting redeliveries
2026-01-19 15:45:56,550 - DEBUG - >>> None: [b'XAUTOCLAIM', b'fastmcp:stream', b'docket-workers', b'DESKTOP-EP5TI1Q#20692', b'300000', b'0-0', b'COUNT', b'10']
2026-01-19 15:45:56,550 - DEBUG - Getting new deliveries
2026-01-19 15:45:56,550 - DEBUG - >>> None: [b'XREADGROUP', b'GROUP', b'docket-workers', b'DESKTOP-EP5TI1Q#20692', b'COUNT', b'10', b'BLOCK', b'0', b'STREAMS', b'fastmcp:stream', b'>']
2026-01-19 15:45:56,809 - DEBUG - Scheduling due tasks
2026-01-19 15:45:56,810 - DEBUG - >>> None: [b'EVALSHA', b'39773dffbc51ce836d528fa7bc63e81067cfaea6', b'2', b'fastmcp:queue', b'fastmcp:stream', b'1768817756.809944', b'fastmcp']
2026-01-19 15:45:56,810 - DEBUG - Getting redeliveries
2026-01-19 15:45:56,811 - DEBUG - >>> None: [b'XAUTOCLAIM', b'fastmcp:stream', b'docket-workers', b'DESKTOP-EP5TI1Q#20692', b'300000', b'0-0', b'COUNT', b'10']
2026-01-19 15:45:56,811 - DEBUG - Getting new deliveries
2026-01-19 15:45:56,811 - DEBUG - >>> None: [b'XREADGROUP', b'GROUP', b'docket-workers', b'DESKTOP-EP5TI1Q#20692', b'COUNT', b'10', b'BLOCK', b'0', b'STREAMS', b'fastmcp:stream', b'>']
2026-01-19 15:45:57,063 - DEBUG - Scheduling due tasks
2026-01-19 15:45:57,063 - DEBUG - >>> None: [b'EVALSHA', b'39773dffbc51ce836d528fa7bc63e81067cfaea6', b'2', b'fastmcp:queue', b'fastmcp:stream', b'1768817757.063256', b'fastmcp']
2026-01-19 15:45:57,064 - DEBUG - Getting redeliveries
2026-01-19 15:45:57,065 - DEBUG - >>> None: [b'XAUTOCLAIM', b'fastmcp:stream', b'docket-workers', b'DESKTOP-EP5TI1Q#20692', b'300000', b'0-0', b'COUNT', b'10']
2026-01-19 15:45:57,065 - DEBUG - Getting new deliveries
2026-01-19 15:45:57,065 - DEBUG - >>> None: [b'XREADGROUP', b'GROUP', b'docket-workers', b'DESKTOP-EP5TI1Q#20692', b'COUNT', b'10', b'BLOCK', b'0', b'STREAMS', b'fastmcp:stream', b'>']
2026-01-19 15:45:57,314 - DEBUG - Scheduling due tasks
2026-01-19 15:45:57,316 - DEBUG - >>> None: [b'EVALSHA', b'39773dffbc51ce836d528fa7bc63e81067cfaea6', b'2', b'fastmcp:queue', b'fastmcp:stream', b'1768817757.31525', b'fastmcp']
2026-01-19 15:45:57,317 - DEBUG - Getting redeliveries
2026-01-19 15:45:57,317 - DEBUG - >>> None: [b'XAUTOCLAIM', b'fastmcp:stream', b'docket-workers', b'DESKTOP-EP5TI1Q#20692', b'300000', b'0-0', b'COUNT', b'10']
2026-01-19 15:45:57,317 - DEBUG - Getting new deliveries
2026-01-19 15:45:57,317 - DEBUG - >>> None: [b'XREADGROUP', b'GROUP', b'docket-workers', b'DESKTOP-EP5TI1Q#20692', b'COUNT', b'10', b'BLOCK', b'0', b'STREAMS', b'fastmcp:stream', b'>']
2026-01-19 15:45:57,442 - DEBUG - >>> None: [b'MULTI']
2026-01-19 15:45:57,442 - DEBUG - >>> None: [b'ZREMRANGEBYSCORE', b'fastmcp:workers', b'0', b'1768817747.442068']
2026-01-19 15:45:57,442 - DEBUG - >>> None: [b'ZADD', b'fastmcp:workers', b'1768817757.442068', b'DESKTOP-EP5TI1Q#20692']
2026-01-19 15:45:57,442 - DEBUG - >>> None: [b'ZREMRANGEBYSCORE', b'fastmcp:task-workers:trace', b'0', b'1768817747.442068']
2026-01-19 15:45:57,442 - DEBUG - >>> None: [b'ZADD', b'fastmcp:task-workers:trace', b'1768817757.442068', b'DESKTOP-EP5TI1Q#20692']
2026-01-19 15:45:57,443 - DEBUG - >>> None: [b'ZREMRANGEBYSCORE', b'fastmcp:task-workers:fail', b'0', b'1768817747.442068']
2026-01-19 15:45:57,443 - DEBUG - >>> None: [b'ZADD', b'fastmcp:task-workers:fail', b'1768817757.442068', b'DESKTOP-EP5TI1Q#20692']
2026-01-19 15:45:57,443 - DEBUG - >>> None: [b'ZREMRANGEBYSCORE', b'fastmcp:task-workers:sleep', b'0', b'1768817747.442068']
2026-01-19 15:45:57,443 - DEBUG - >>> None: [b'ZADD', b'fastmcp:task-workers:sleep', b'1768817757.442068', b'DESKTOP-EP5TI1Q#20692']
2026-01-19 15:45:57,443 - DEBUG - >>> None: [b'SADD', b'fastmcp:worker-tasks:DESKTOP-EP5TI1Q#20692', b'trace', b'fail', b'sleep']
2026-01-19 15:45:57,443 - DEBUG - >>> None: [b'EXPIRE', b'fastmcp:worker-tasks:DESKTOP-EP5TI1Q#20692', b'10']
2026-01-19 15:45:57,443 - DEBUG - >>> None: [b'EXEC']
2026-01-19 15:45:57,443 - DEBUG - >>> None: [b'MULTI']
2026-01-19 15:45:57,444 - DEBUG - >>> None: [b'XLEN', b'fastmcp:stream']
2026-01-19 15:45:57,444 - DEBUG - >>> None: [b'ZCOUNT', b'fastmcp:queue', b'0', b'1768817757.442068']
2026-01-19 15:45:57,444 - DEBUG - >>> None: [b'ZCOUNT', b'fastmcp:queue', b'1768817757.442068', b'+inf']
2026-01-19 15:45:57,444 - DEBUG - >>> None: [b'EXEC']
2026-01-19 15:45:57,578 - DEBUG - Scheduling due tasks
2026-01-19 15:45:57,580 - DEBUG - >>> None: [b'EVALSHA', b'39773dffbc51ce836d528fa7bc63e81067cfaea6', b'2', b'fastmcp:queue', b'fastmcp:stream', b'1768817757.579112', b'fastmcp']
2026-01-19 15:45:57,581 - DEBUG - Getting redeliveries
2026-01-19 15:45:57,581 - DEBUG - >>> None: [b'XAUTOCLAIM', b'fastmcp:stream', b'docket-workers', b'DESKTOP-EP5TI1Q#20692', b'300000', b'0-0', b'COUNT', b'10']
2026-01-19 15:45:57,582 - DEBUG - Getting new deliveries
2026-01-19 15:45:57,582 - DEBUG - >>> None: [b'XREADGROUP', b'GROUP', b'docket-workers', b'DESKTOP-EP5TI1Q#20692', b'COUNT', b'10', b'BLOCK', b'0', b'STREAMS', b'fastmcp:stream', b'>']
2026-01-19 15:45:57,834 - DEBUG - Scheduling due tasks
2026-01-19 15:45:57,834 - DEBUG - >>> None: [b'EVALSHA', b'39773dffbc51ce836d528fa7bc63e81067cfaea6', b'2', b'fastmcp:queue', b'fastmcp:stream', b'1768817757.834417', b'fastmcp']
2026-01-19 15:45:57,837 - DEBUG - Getting redeliveries
2026-01-19 15:45:57,837 - DEBUG - >>> None: [b'XAUTOCLAIM', b'fastmcp:stream', b'docket-workers', b'DESKTOP-EP5TI1Q#20692', b'300000', b'0-0', b'COUNT', b'10']
2026-01-19 15:45:57,838 - DEBUG - Getting new deliveries
2026-01-19 15:45:57,838 - DEBUG - >>> None: [b'XREADGROUP', b'GROUP', b'docket-workers', b'DESKTOP-EP5TI1Q#20692', b'COUNT', b'10', b'BLOCK', b'0', b'STREAMS', b'fastmcp:stream', b'>']
2026-01-19 15:45:58,091 - DEBUG - Scheduling due tasks
2026-01-19 15:45:58,092 - DEBUG - >>> None: [b'EVALSHA', b'39773dffbc51ce836d528fa7bc63e81067cfaea6', b'2', b'fastmcp:queue', b'fastmcp:stream', b'1768817758.092005', b'fastmcp']
2026-01-19 15:45:58,093 - DEBUG - Getting redeliveries
2026-01-19 15:45:58,093 - DEBUG - >>> None: [b'XAUTOCLAIM', b'fastmcp:stream', b'docket-workers', b'DESKTOP-EP5TI1Q#20692', b'300000', b'0-0', b'COUNT', b'10']
2026-01-19 15:45:58,094 - DEBUG - Getting new deliveries
2026-01-19 15:45:58,094 - DEBUG - >>> None: [b'XREADGROUP', b'GROUP', b'docket-workers', b'DESKTOP-EP5TI1Q#20692', b'COUNT', b'10', b'BLOCK', b'0', b'STREAMS', b'fastmcp:stream', b'>']
2026-01-19 15:45:58,351 - DEBUG - Scheduling due tasks
2026-01-19 15:45:58,351 - DEBUG - >>> None: [b'EVALSHA', b'39773dffbc51ce836d528fa7bc63e81067cfaea6', b'2', b'fastmcp:queue', b'fastmcp:stream', b'1768817758.351422', b'fastmcp']
2026-01-19 15:45:58,352 - DEBUG - Getting redeliveries
2026-01-19 15:45:58,353 - DEBUG - >>> None: [b'XAUTOCLAIM', b'fastmcp:stream', b'docket-workers', b'DESKTOP-EP5TI1Q#20692', b'300000', b'0-0', b'COUNT', b'10']
2026-01-19 15:45:58,353 - DEBUG - Getting new deliveries
2026-01-19 15:45:58,354 - DEBUG - >>> None: [b'XREADGROUP', b'GROUP', b'docket-workers', b'DESKTOP-EP5TI1Q#20692', b'COUNT', b'10', b'BLOCK', b'0', b'STREAMS', b'fastmcp:stream', b'>']
2026-01-19 15:45:58,605 - DEBUG - Scheduling due tasks
2026-01-19 15:45:58,606 - DEBUG - >>> None: [b'EVALSHA', b'39773dffbc51ce836d528fa7bc63e81067cfaea6', b'2', b'fastmcp:queue', b'fastmcp:stream', b'1768817758.605945', b'fastmcp']
2026-01-19 15:45:58,607 - DEBUG - Getting redeliveries
2026-01-19 15:45:58,607 - DEBUG - >>> None: [b'XAUTOCLAIM', b'fastmcp:stream', b'docket-workers', b'DESKTOP-EP5TI1Q#20692', b'300000', b'0-0', b'COUNT', b'10']
2026-01-19 15:45:58,608 - DEBUG - Getting new deliveries
2026-01-19 15:45:58,608 - DEBUG - >>> None: [b'XREADGROUP', b'GROUP', b'docket-workers', b'DESKTOP-EP5TI1Q#20692', b'COUNT', b'10', b'BLOCK', b'0', b'STREAMS', b'fastmcp:stream', b'>']
2026-01-19 15:45:58,860 - DEBUG - Scheduling due tasks
2026-01-19 15:45:58,860 - DEBUG - >>> None: [b'EVALSHA', b'39773dffbc51ce836d528fa7bc63e81067cfaea6', b'2', b'fastmcp:queue', b'fastmcp:stream', b'1768817758.860588', b'fastmcp']
2026-01-19 15:45:58,861 - DEBUG - Getting redeliveries
2026-01-19 15:45:58,861 - DEBUG - >>> None: [b'XAUTOCLAIM', b'fastmcp:stream', b'docket-workers', b'DESKTOP-EP5TI1Q#20692', b'300000', b'0-0', b'COUNT', b'10']
2026-01-19 15:45:58,862 - DEBUG - Getting new deliveries
2026-01-19 15:45:58,862 - DEBUG - >>> None: [b'XREADGROUP', b'GROUP', b'docket-workers', b'DESKTOP-EP5TI1Q#20692', b'COUNT', b'10', b'BLOCK', b'0', b'STREAMS', b'fastmcp:stream', b'>']
2026-01-19 15:45:59,116 - DEBUG - Scheduling due tasks
2026-01-19 15:45:59,116 - DEBUG - >>> None: [b'EVALSHA', b'39773dffbc51ce836d528fa7bc63e81067cfaea6', b'2', b'fastmcp:queue', b'fastmcp:stream', b'1768817759.116528', b'fastmcp']
2026-01-19 15:45:59,118 - DEBUG - Getting redeliveries
2026-01-19 15:45:59,118 - DEBUG - >>> None: [b'XAUTOCLAIM', b'fastmcp:stream', b'docket-workers', b'DESKTOP-EP5TI1Q#20692', b'300000', b'0-0', b'COUNT', b'10']
2026-01-19 15:45:59,119 - DEBUG - Getting new deliveries
2026-01-19 15:45:59,120 - DEBUG - >>> None: [b'XREADGROUP', b'GROUP', b'docket-workers', b'DESKTOP-EP5TI1Q#20692', b'COUNT', b'10', b'BLOCK', b'0', b'STREAMS', b'fastmcp:stream', b'>']
2026-01-19 15:45:59,370 - DEBUG - Scheduling due tasks
2026-01-19 15:45:59,371 - DEBUG - >>> None: [b'EVALSHA', b'39773dffbc51ce836d528fa7bc63e81067cfaea6', b'2', b'fastmcp:queue', b'fastmcp:stream', b'1768817759.370855', b'fastmcp']
2026-01-19 15:45:59,371 - DEBUG - Getting redeliveries
2026-01-19 15:45:59,372 - DEBUG - >>> None: [b'XAUTOCLAIM', b'fastmcp:stream', b'docket-workers', b'DESKTOP-EP5TI1Q#20692', b'300000', b'0-0', b'COUNT', b'10']
2026-01-19 15:45:59,372 - DEBUG - Getting new deliveries
2026-01-19 15:45:59,373 - DEBUG - >>> None: [b'XREADGROUP', b'GROUP', b'docket-workers', b'DESKTOP-EP5TI1Q#20692', b'COUNT', b'10', b'BLOCK', b'0', b'STREAMS', b'fastmcp:stream', b'>']
2026-01-19 15:45:59,451 - DEBUG - >>> None: [b'MULTI']
2026-01-19 15:45:59,452 - DEBUG - >>> None: [b'ZREMRANGEBYSCORE', b'fastmcp:workers', b'0', b'1768817749.450459']
2026-01-19 15:45:59,452 - DEBUG - >>> None: [b'ZADD', b'fastmcp:workers', b'1768817759.450459', b'DESKTOP-EP5TI1Q#20692']
2026-01-19 15:45:59,452 - DEBUG - >>> None: [b'ZREMRANGEBYSCORE', b'fastmcp:task-workers:trace', b'0', b'1768817749.450459']
2026-01-19 15:45:59,452 - DEBUG - >>> None: [b'ZADD', b'fastmcp:task-workers:trace', b'1768817759.450459', b'DESKTOP-EP5TI1Q#20692']
2026-01-19 15:45:59,452 - DEBUG - >>> None: [b'ZREMRANGEBYSCORE', b'fastmcp:task-workers:fail', b'0', b'1768817749.450459']
2026-01-19 15:45:59,453 - DEBUG - >>> None: [b'ZADD', b'fastmcp:task-workers:fail', b'1768817759.450459', b'DESKTOP-EP5TI1Q#20692']
2026-01-19 15:45:59,453 - DEBUG - >>> None: [b'ZREMRANGEBYSCORE', b'fastmcp:task-workers:sleep', b'0', b'1768817749.450459']
2026-01-19 15:45:59,453 - DEBUG - >>> None: [b'ZADD', b'fastmcp:task-workers:sleep', b'1768817759.450459', b'DESKTOP-EP5TI1Q#20692']
2026-01-19 15:45:59,453 - DEBUG - >>> None: [b'SADD', b'fastmcp:worker-tasks:DESKTOP-EP5TI1Q#20692', b'trace', b'fail', b'sleep']
2026-01-19 15:45:59,453 - DEBUG - >>> None: [b'EXPIRE', b'fastmcp:worker-tasks:DESKTOP-EP5TI1Q#20692', b'10']
2026-01-19 15:45:59,453 - DEBUG - >>> None: [b'EXEC']
2026-01-19 15:45:59,456 - DEBUG - >>> None: [b'MULTI']
2026-01-19 15:45:59,456 - DEBUG - >>> None: [b'XLEN', b'fastmcp:stream']
2026-01-19 15:45:59,456 - DEBUG - >>> None: [b'ZCOUNT', b'fastmcp:queue', b'0', b'1768817759.450459']
2026-01-19 15:45:59,456 - DEBUG - >>> None: [b'ZCOUNT', b'fastmcp:queue', b'1768817759.450459', b'+inf']
2026-01-19 15:45:59,456 - DEBUG - >>> None: [b'EXEC']
2026-01-19 15:45:59,627 - DEBUG - Scheduling due tasks
2026-01-19 15:45:59,628 - DEBUG - >>> None: [b'EVALSHA', b'39773dffbc51ce836d528fa7bc63e81067cfaea6', b'2', b'fastmcp:queue', b'fastmcp:stream', b'1768817759.627689', b'fastmcp']
2026-01-19 15:45:59,629 - DEBUG - Getting redeliveries
2026-01-19 15:45:59,629 - DEBUG - >>> None: [b'XAUTOCLAIM', b'fastmcp:stream', b'docket-workers', b'DESKTOP-EP5TI1Q#20692', b'300000', b'0-0', b'COUNT', b'10']
2026-01-19 15:45:59,630 - DEBUG - Getting new deliveries
2026-01-19 15:45:59,630 - DEBUG - >>> None: [b'XREADGROUP', b'GROUP', b'docket-workers', b'DESKTOP-EP5TI1Q#20692', b'COUNT', b'10', b'BLOCK', b'0', b'STREAMS', b'fastmcp:stream', b'>']
2026-01-19 15:45:59,885 - DEBUG - Scheduling due tasks
2026-01-19 15:45:59,889 - DEBUG - >>> None: [b'EVALSHA', b'39773dffbc51ce836d528fa7bc63e81067cfaea6', b'2', b'fastmcp:queue', b'fastmcp:stream', b'1768817759.888586', b'fastmcp']
2026-01-19 15:45:59,891 - DEBUG - Getting redeliveries
2026-01-19 15:45:59,892 - DEBUG - >>> None: [b'XAUTOCLAIM', b'fastmcp:stream', b'docket-workers', b'DESKTOP-EP5TI1Q#20692', b'300000', b'0-0', b'COUNT', b'10']
2026-01-19 15:45:59,893 - DEBUG - Getting new deliveries
2026-01-19 15:45:59,893 - DEBUG - >>> None: [b'XREADGROUP', b'GROUP', b'docket-workers', b'DESKTOP-EP5TI1Q#20692', b'COUNT', b'10', b'BLOCK', b'0', b'STREAMS', b'fastmcp:stream', b'>']
2026-01-19 15:46:00,150 - DEBUG - Scheduling due tasks
2026-01-19 15:46:00,150 - DEBUG - >>> None: [b'EVALSHA', b'39773dffbc51ce836d528fa7bc63e81067cfaea6', b'2', b'fastmcp:queue', b'fastmcp:stream', b'1768817760.150615', b'fastmcp']
2026-01-19 15:46:00,152 - DEBUG - Getting redeliveries
2026-01-19 15:46:00,152 - DEBUG - >>> None: [b'XAUTOCLAIM', b'fastmcp:stream', b'docket-workers', b'DESKTOP-EP5TI1Q#20692', b'300000', b'0-0', b'COUNT', b'10']
2026-01-19 15:46:00,153 - DEBUG - Getting new deliveries
2026-01-19 15:46:00,154 - DEBUG - >>> None: [b'XREADGROUP', b'GROUP', b'docket-workers', b'DESKTOP-EP5TI1Q#20692', b'COUNT', b'10', b'BLOCK', b'0', b'STREAMS', b'fastmcp:stream', b'>']
2026-01-19 15:46:00,405 - DEBUG - Scheduling due tasks
2026-01-19 15:46:00,405 - DEBUG - >>> None: [b'EVALSHA', b'39773dffbc51ce836d528fa7bc63e81067cfaea6', b'2', b'fastmcp:queue', b'fastmcp:stream', b'1768817760.405311', b'fastmcp']
2026-01-19 15:46:00,406 - DEBUG - Getting redeliveries
2026-01-19 15:46:00,406 - DEBUG - >>> None: [b'XAUTOCLAIM', b'fastmcp:stream', b'docket-workers', b'DESKTOP-EP5TI1Q#20692', b'300000', b'0-0', b'COUNT', b'10']
2026-01-19 15:46:00,407 - DEBUG - Getting new deliveries
2026-01-19 15:46:00,407 - DEBUG - >>> None: [b'XREADGROUP', b'GROUP', b'docket-workers', b'DESKTOP-EP5TI1Q#20692', b'COUNT', b'10', b'BLOCK', b'0', b'STREAMS', b'fastmcp:stream', b'>']
2026-01-19 15:46:00,658 - DEBUG - Scheduling due tasks
2026-01-19 15:46:00,658 - DEBUG - >>> None: [b'EVALSHA', b'39773dffbc51ce836d528fa7bc63e81067cfaea6', b'2', b'fastmcp:queue', b'fastmcp:stream', b'1768817760.658486', b'fastmcp']
2026-01-19 15:46:00,659 - DEBUG - Getting redeliveries
2026-01-19 15:46:00,660 - DEBUG - >>> None: [b'XAUTOCLAIM', b'fastmcp:stream', b'docket-workers', b'DESKTOP-EP5TI1Q#20692', b'300000', b'0-0', b'COUNT', b'10']
2026-01-19 15:46:00,660 - DEBUG - Getting new deliveries
2026-01-19 15:46:00,660 - DEBUG - >>> None: [b'XREADGROUP', b'GROUP', b'docket-workers', b'DESKTOP-EP5TI1Q#20692', b'COUNT', b'10', b'BLOCK', b'0', b'STREAMS', b'fastmcp:stream', b'>']
2026-01-19 15:46:00,913 - DEBUG - Scheduling due tasks
2026-01-19 15:46:00,913 - DEBUG - >>> None: [b'EVALSHA', b'39773dffbc51ce836d528fa7bc63e81067cfaea6', b'2', b'fastmcp:queue', b'fastmcp:stream', b'1768817760.913451', b'fastmcp']
2026-01-19 15:46:00,914 - DEBUG - Getting redeliveries
2026-01-19 15:46:00,915 - DEBUG - >>> None: [b'XAUTOCLAIM', b'fastmcp:stream', b'docket-workers', b'DESKTOP-EP5TI1Q#20692', b'300000', b'0-0', b'COUNT', b'10']
2026-01-19 15:46:00,915 - DEBUG - Getting new deliveries
2026-01-19 15:46:00,915 - DEBUG - >>> None: [b'XREADGROUP', b'GROUP', b'docket-workers', b'DESKTOP-EP5TI1Q#20692', b'COUNT', b'10', b'BLOCK', b'0', b'STREAMS', b'fastmcp:stream', b'>']
2026-01-19 15:46:01,169 - DEBUG - Scheduling due tasks
2026-01-19 15:46:01,170 - DEBUG - >>> None: [b'EVALSHA', b'39773dffbc51ce836d528fa7bc63e81067cfaea6', b'2', b'fastmcp:queue', b'fastmcp:stream', b'1768817761.170349', b'fastmcp']
2026-01-19 15:46:01,173 - DEBUG - Getting redeliveries
2026-01-19 15:46:01,173 - DEBUG - >>> None: [b'XAUTOCLAIM', b'fastmcp:stream', b'docket-workers', b'DESKTOP-EP5TI1Q#20692', b'300000', b'0-0', b'COUNT', b'10']
2026-01-19 15:46:01,174 - DEBUG - Getting new deliveries
2026-01-19 15:46:01,174 - DEBUG - >>> None: [b'XREADGROUP', b'GROUP', b'docket-workers', b'DESKTOP-EP5TI1Q#20692', b'COUNT', b'10', b'BLOCK', b'0', b'STREAMS', b'fastmcp:stream', b'>']
2026-01-19 15:46:01,425 - DEBUG - Scheduling due tasks
2026-01-19 15:46:01,426 - DEBUG - >>> None: [b'EVALSHA', b'39773dffbc51ce836d528fa7bc63e81067cfaea6', b'2', b'fastmcp:queue', b'fastmcp:stream', b'1768817761.425723', b'fastmcp']
2026-01-19 15:46:01,428 - DEBUG - Getting redeliveries
2026-01-19 15:46:01,429 - DEBUG - >>> None: [b'XAUTOCLAIM', b'fastmcp:stream', b'docket-workers', b'DESKTOP-EP5TI1Q#20692', b'300000', b'0-0', b'COUNT', b'10']
2026-01-19 15:46:01,429 - DEBUG - Getting new deliveries
2026-01-19 15:46:01,430 - DEBUG - >>> None: [b'XREADGROUP', b'GROUP', b'docket-workers', b'DESKTOP-EP5TI1Q#20692', b'COUNT', b'10', b'BLOCK', b'0', b'STREAMS', b'fastmcp:stream', b'>']
2026-01-19 15:46:01,474 - DEBUG - >>> None: [b'MULTI']
2026-01-19 15:46:01,474 - DEBUG - >>> None: [b'ZREMRANGEBYSCORE', b'fastmcp:workers', b'0', b'1768817751.473068']
2026-01-19 15:46:01,474 - DEBUG - >>> None: [b'ZADD', b'fastmcp:workers', b'1768817761.473068', b'DESKTOP-EP5TI1Q#20692']
2026-01-19 15:46:01,475 - DEBUG - >>> None: [b'ZREMRANGEBYSCORE', b'fastmcp:task-workers:trace', b'0', b'1768817751.473068']
2026-01-19 15:46:01,475 - DEBUG - >>> None: [b'ZADD', b'fastmcp:task-workers:trace', b'1768817761.473068', b'DESKTOP-EP5TI1Q#20692']
2026-01-19 15:46:01,475 - DEBUG - >>> None: [b'ZREMRANGEBYSCORE', b'fastmcp:task-workers:fail', b'0', b'1768817751.473068']
2026-01-19 15:46:01,476 - DEBUG - >>> None: [b'ZADD', b'fastmcp:task-workers:fail', b'1768817761.473068', b'DESKTOP-EP5TI1Q#20692']
2026-01-19 15:46:01,476 - DEBUG - >>> None: [b'ZREMRANGEBYSCORE', b'fastmcp:task-workers:sleep', b'0', b'1768817751.473068']
2026-01-19 15:46:01,476 - DEBUG - >>> None: [b'ZADD', b'fastmcp:task-workers:sleep', b'1768817761.473068', b'DESKTOP-EP5TI1Q#20692']
2026-01-19 15:46:01,476 - DEBUG - >>> None: [b'SADD', b'fastmcp:worker-tasks:DESKTOP-EP5TI1Q#20692', b'trace', b'fail', b'sleep']
2026-01-19 15:46:01,476 - DEBUG - >>> None: [b'EXPIRE', b'fastmcp:worker-tasks:DESKTOP-EP5TI1Q#20692', b'10']
2026-01-19 15:46:01,477 - DEBUG - >>> None: [b'EXEC']
2026-01-19 15:46:01,479 - DEBUG - >>> None: [b'MULTI']
2026-01-19 15:46:01,479 - DEBUG - >>> None: [b'XLEN', b'fastmcp:stream']
2026-01-19 15:46:01,479 - DEBUG - >>> None: [b'ZCOUNT', b'fastmcp:queue', b'0', b'1768817761.473068']
2026-01-19 15:46:01,480 - DEBUG - >>> None: [b'ZCOUNT', b'fastmcp:queue', b'1768817761.473068', b'+inf']
2026-01-19 15:46:01,480 - DEBUG - >>> None: [b'EXEC']
2026-01-19 15:46:01,679 - DEBUG - Scheduling due tasks
2026-01-19 15:46:01,679 - DEBUG - >>> None: [b'EVALSHA', b'39773dffbc51ce836d528fa7bc63e81067cfaea6', b'2', b'fastmcp:queue', b'fastmcp:stream', b'1768817761.679482', b'fastmcp']
2026-01-19 15:46:01,680 - DEBUG - Getting redeliveries
2026-01-19 15:46:01,680 - DEBUG - >>> None: [b'XAUTOCLAIM', b'fastmcp:stream', b'docket-workers', b'DESKTOP-EP5TI1Q#20692', b'300000', b'0-0', b'COUNT', b'10']
2026-01-19 15:46:01,681 - DEBUG - Getting new deliveries
2026-01-19 15:46:01,681 - DEBUG - >>> None: [b'XREADGROUP', b'GROUP', b'docket-workers', b'DESKTOP-EP5TI1Q#20692', b'COUNT', b'10', b'BLOCK', b'0', b'STREAMS', b'fastmcp:stream', b'>']
2026-01-19 15:46:01,933 - DEBUG - Scheduling due tasks
2026-01-19 15:46:01,934 - DEBUG - >>> None: [b'EVALSHA', b'39773dffbc51ce836d528fa7bc63e81067cfaea6', b'2', b'fastmcp:queue', b'fastmcp:stream', b'1768817761.933897', b'fastmcp']
2026-01-19 15:46:01,949 - DEBUG - Getting redeliveries
2026-01-19 15:46:01,950 - DEBUG - >>> None: [b'XAUTOCLAIM', b'fastmcp:stream', b'docket-workers', b'DESKTOP-EP5TI1Q#20692', b'300000', b'0-0', b'COUNT', b'10']
2026-01-19 15:46:01,950 - DEBUG - Getting new deliveries
2026-01-19 15:46:01,951 - DEBUG - >>> None: [b'XREADGROUP', b'GROUP', b'docket-workers', b'DESKTOP-EP5TI1Q#20692', b'COUNT', b'10', b'BLOCK', b'0', b'STREAMS', b'fastmcp:stream', b'>']
2026-01-19 15:46:02,186 - DEBUG - Scheduling due tasks
2026-01-19 15:46:02,186 - DEBUG - >>> None: [b'EVALSHA', b'39773dffbc51ce836d528fa7bc63e81067cfaea6', b'2', b'fastmcp:queue', b'fastmcp:stream', b'1768817762.186332', b'fastmcp']
2026-01-19 15:46:02,216 - DEBUG - Getting redeliveries
2026-01-19 15:46:02,251 - DEBUG - >>> None: [b'XAUTOCLAIM', b'fastmcp:stream', b'docket-workers', b'DESKTOP-EP5TI1Q#20692', b'300000', b'0-0', b'COUNT', b'10']
2026-01-19 15:46:02,252 - DEBUG - Getting new deliveries
2026-01-19 15:46:02,253 - DEBUG - >>> None: [b'XREADGROUP', b'GROUP', b'docket-workers', b'DESKTOP-EP5TI1Q#20692', b'COUNT', b'10', b'BLOCK', b'0', b'STREAMS', b'fastmcp:stream', b'>']
2026-01-19 15:46:02,439 - DEBUG - Scheduling due tasks
2026-01-19 15:46:02,440 - DEBUG - >>> None: [b'EVALSHA', b'39773dffbc51ce836d528fa7bc63e81067cfaea6', b'2', b'fastmcp:queue', b'fastmcp:stream', b'1768817762.440188', b'fastmcp']
2026-01-19 15:46:02,518 - DEBUG - Getting redeliveries
2026-01-19 15:46:02,519 - DEBUG - >>> None: [b'XAUTOCLAIM', b'fastmcp:stream', b'docket-workers', b'DESKTOP-EP5TI1Q#20692', b'300000', b'0-0', b'COUNT', b'10']
2026-01-19 15:46:02,520 - DEBUG - Getting new deliveries
2026-01-19 15:46:02,520 - DEBUG - >>> None: [b'XREADGROUP', b'GROUP', b'docket-workers', b'DESKTOP-EP5TI1Q#20692', b'COUNT', b'10', b'BLOCK', b'0', b'STREAMS', b'fastmcp:stream', b'>']
2026-01-19 15:46:02,693 - DEBUG - Scheduling due tasks
2026-01-19 15:46:02,693 - DEBUG - >>> None: [b'EVALSHA', b'39773dffbc51ce836d528fa7bc63e81067cfaea6', b'2', b'fastmcp:queue', b'fastmcp:stream', b'1768817762.693443', b'fastmcp']
2026-01-19 15:46:02,773 - DEBUG - Getting redeliveries
2026-01-19 15:46:02,774 - DEBUG - >>> None: [b'XAUTOCLAIM', b'fastmcp:stream', b'docket-workers', b'DESKTOP-EP5TI1Q#20692', b'300000', b'0-0', b'COUNT', b'10']
2026-01-19 15:46:02,774 - DEBUG - Getting new deliveries
2026-01-19 15:46:02,775 - DEBUG - >>> None: [b'XREADGROUP', b'GROUP', b'docket-workers', b'DESKTOP-EP5TI1Q#20692', b'COUNT', b'10', b'BLOCK', b'0', b'STREAMS', b'fastmcp:stream', b'>']
2026-01-19 15:46:02,949 - DEBUG - Scheduling due tasks
2026-01-19 15:46:02,950 - DEBUG - >>> None: [b'EVALSHA', b'39773dffbc51ce836d528fa7bc63e81067cfaea6', b'2', b'fastmcp:queue', b'fastmcp:stream', b'1768817762.950208', b'fastmcp']
2026-01-19 15:46:03,029 - DEBUG - Getting redeliveries
2026-01-19 15:46:03,030 - DEBUG - >>> None: [b'XAUTOCLAIM', b'fastmcp:stream', b'docket-workers', b'DESKTOP-EP5TI1Q#20692', b'300000', b'0-0', b'COUNT', b'10']
2026-01-19 15:46:03,031 - DEBUG - Getting new deliveries
2026-01-19 15:46:03,031 - DEBUG - >>> None: [b'XREADGROUP', b'GROUP', b'docket-workers', b'DESKTOP-EP5TI1Q#20692', b'COUNT', b'10', b'BLOCK', b'0', b'STREAMS', b'fastmcp:stream', b'>']
2026-01-19 15:46:03,205 - DEBUG - Scheduling due tasks
2026-01-19 15:46:03,205 - DEBUG - >>> None: [b'EVALSHA', b'39773dffbc51ce836d528fa7bc63e81067cfaea6', b'2', b'fastmcp:queue', b'fastmcp:stream', b'1768817763.205666', b'fastmcp']
2026-01-19 15:46:03,284 - DEBUG - Getting redeliveries
2026-01-19 15:46:03,285 - DEBUG - >>> None: [b'XAUTOCLAIM', b'fastmcp:stream', b'docket-workers', b'DESKTOP-EP5TI1Q#20692', b'300000', b'0-0', b'COUNT', b'10']
2026-01-19 15:46:03,285 - DEBUG - Getting new deliveries
2026-01-19 15:46:03,286 - DEBUG - >>> None: [b'XREADGROUP', b'GROUP', b'docket-workers', b'DESKTOP-EP5TI1Q#20692', b'COUNT', b'10', b'BLOCK', b'0', b'STREAMS', b'fastmcp:stream', b'>']
2026-01-19 15:46:03,459 - DEBUG - Scheduling due tasks
2026-01-19 15:46:03,460 - DEBUG - >>> None: [b'EVALSHA', b'39773dffbc51ce836d528fa7bc63e81067cfaea6', b'2', b'fastmcp:queue', b'fastmcp:stream', b'1768817763.460319', b'fastmcp']
2026-01-19 15:46:03,492 - DEBUG - >>> None: [b'MULTI']
2026-01-19 15:46:03,492 - DEBUG - >>> None: [b'ZREMRANGEBYSCORE', b'fastmcp:workers', b'0', b'1768817753.491666']
2026-01-19 15:46:03,492 - DEBUG - >>> None: [b'ZADD', b'fastmcp:workers', b'1768817763.491666', b'DESKTOP-EP5TI1Q#20692']
2026-01-19 15:46:03,493 - DEBUG - >>> None: [b'ZREMRANGEBYSCORE', b'fastmcp:task-workers:trace', b'0', b'1768817753.491666']
2026-01-19 15:46:03,493 - DEBUG - >>> None: [b'ZADD', b'fastmcp:task-workers:trace', b'1768817763.491666', b'DESKTOP-EP5TI1Q#20692']
2026-01-19 15:46:03,493 - DEBUG - >>> None: [b'ZREMRANGEBYSCORE', b'fastmcp:task-workers:fail', b'0', b'1768817753.491666']
2026-01-19 15:46:03,493 - DEBUG - >>> None: [b'ZADD', b'fastmcp:task-workers:fail', b'1768817763.491666', b'DESKTOP-EP5TI1Q#20692']
2026-01-19 15:46:03,494 - DEBUG - >>> None: [b'ZREMRANGEBYSCORE', b'fastmcp:task-workers:sleep', b'0', b'1768817753.491666']
2026-01-19 15:46:03,494 - DEBUG - >>> None: [b'ZADD', b'fastmcp:task-workers:sleep', b'1768817763.491666', b'DESKTOP-EP5TI1Q#20692']
2026-01-19 15:46:03,494 - DEBUG - >>> None: [b'SADD', b'fastmcp:worker-tasks:DESKTOP-EP5TI1Q#20692', b'trace', b'fail', b'sleep']
2026-01-19 15:46:03,495 - DEBUG - >>> None: [b'EXPIRE', b'fastmcp:worker-tasks:DESKTOP-EP5TI1Q#20692', b'10']
2026-01-19 15:46:03,495 - DEBUG - >>> None: [b'EXEC']
2026-01-19 15:46:03,496 - DEBUG - >>> None: [b'MULTI']
2026-01-19 15:46:03,497 - DEBUG - >>> None: [b'XLEN', b'fastmcp:stream']
2026-01-19 15:46:03,497 - DEBUG - >>> None: [b'ZCOUNT', b'fastmcp:queue', b'0', b'1768817763.491666']
2026-01-19 15:46:03,497 - DEBUG - >>> None: [b'ZCOUNT', b'fastmcp:queue', b'1768817763.491666', b'+inf']
2026-01-19 15:46:03,497 - DEBUG - >>> None: [b'EXEC']
2026-01-19 15:46:03,540 - DEBUG - Getting redeliveries
2026-01-19 15:46:03,540 - DEBUG - >>> None: [b'XAUTOCLAIM', b'fastmcp:stream', b'docket-workers', b'DESKTOP-EP5TI1Q#20692', b'300000', b'0-0', b'COUNT', b'10']
2026-01-19 15:46:03,541 - DEBUG - Getting new deliveries
2026-01-19 15:46:03,542 - DEBUG - >>> None: [b'XREADGROUP', b'GROUP', b'docket-workers', b'DESKTOP-EP5TI1Q#20692', b'COUNT', b'10', b'BLOCK', b'0', b'STREAMS', b'fastmcp:stream', b'>']
2026-01-19 15:46:03,716 - DEBUG - Scheduling due tasks
2026-01-19 15:46:03,717 - DEBUG - >>> None: [b'EVALSHA', b'39773dffbc51ce836d528fa7bc63e81067cfaea6', b'2', b'fastmcp:queue', b'fastmcp:stream', b'1768817763.717012', b'fastmcp']
2026-01-19 15:46:03,795 - DEBUG - Getting redeliveries
2026-01-19 15:46:03,796 - DEBUG - >>> None: [b'XAUTOCLAIM', b'fastmcp:stream', b'docket-workers', b'DESKTOP-EP5TI1Q#20692', b'300000', b'0-0', b'COUNT', b'10']
2026-01-19 15:46:03,796 - DEBUG - Getting new deliveries
2026-01-19 15:46:03,797 - DEBUG - >>> None: [b'XREADGROUP', b'GROUP', b'docket-workers', b'DESKTOP-EP5TI1Q#20692', b'COUNT', b'10', b'BLOCK', b'0', b'STREAMS', b'fastmcp:stream', b'>']
2026-01-19 15:46:03,970 - DEBUG - Scheduling due tasks
2026-01-19 15:46:03,971 - DEBUG - >>> None: [b'EVALSHA', b'39773dffbc51ce836d528fa7bc63e81067cfaea6', b'2', b'fastmcp:queue', b'fastmcp:stream', b'1768817763.971078', b'fastmcp']
2026-01-19 15:46:04,050 - DEBUG - Getting redeliveries
2026-01-19 15:46:04,051 - DEBUG - >>> None: [b'XAUTOCLAIM', b'fastmcp:stream', b'docket-workers', b'DESKTOP-EP5TI1Q#20692', b'300000', b'0-0', b'COUNT', b'10']
2026-01-19 15:46:04,051 - DEBUG - Getting new deliveries
2026-01-19 15:46:04,051 - DEBUG - >>> None: [b'XREADGROUP', b'GROUP', b'docket-workers', b'DESKTOP-EP5TI1Q#20692', b'COUNT', b'10', b'BLOCK', b'0', b'STREAMS', b'fastmcp:stream', b'>']
2026-01-19 15:46:04,224 - DEBUG - Scheduling due tasks
2026-01-19 15:46:04,225 - DEBUG - >>> None: [b'EVALSHA', b'39773dffbc51ce836d528fa7bc63e81067cfaea6', b'2', b'fastmcp:queue', b'fastmcp:stream', b'1768817764.225346', b'fastmcp']
2026-01-19 15:46:04,305 - DEBUG - Getting redeliveries
2026-01-19 15:46:04,306 - DEBUG - >>> None: [b'XAUTOCLAIM', b'fastmcp:stream', b'docket-workers', b'DESKTOP-EP5TI1Q#20692', b'300000', b'0-0', b'COUNT', b'10']
2026-01-19 15:46:04,307 - DEBUG - Getting new deliveries
2026-01-19 15:46:04,308 - DEBUG - >>> None: [b'XREADGROUP', b'GROUP', b'docket-workers', b'DESKTOP-EP5TI1Q#20692', b'COUNT', b'10', b'BLOCK', b'0', b'STREAMS', b'fastmcp:stream', b'>']
2026-01-19 15:46:04,478 - DEBUG - Scheduling due tasks
2026-01-19 15:46:04,479 - DEBUG - >>> None: [b'EVALSHA', b'39773dffbc51ce836d528fa7bc63e81067cfaea6', b'2', b'fastmcp:queue', b'fastmcp:stream', b'1768817764.479256', b'fastmcp']
2026-01-19 15:46:04,574 - DEBUG - Getting redeliveries
2026-01-19 15:46:04,574 - DEBUG - >>> None: [b'XAUTOCLAIM', b'fastmcp:stream', b'docket-workers', b'DESKTOP-EP5TI1Q#20692', b'300000', b'0-0', b'COUNT', b'10']
2026-01-19 15:46:04,575 - DEBUG - Getting new deliveries
2026-01-19 15:46:04,575 - DEBUG - >>> None: [b'XREADGROUP', b'GROUP', b'docket-workers', b'DESKTOP-EP5TI1Q#20692', b'COUNT', b'10', b'BLOCK', b'0', b'STREAMS', b'fastmcp:stream', b'>']
2026-01-19 15:46:04,734 - DEBUG - Scheduling due tasks
2026-01-19 15:46:04,735 - DEBUG - >>> None: [b'EVALSHA', b'39773dffbc51ce836d528fa7bc63e81067cfaea6', b'2', b'fastmcp:queue', b'fastmcp:stream', b'1768817764.734823', b'fastmcp']
2026-01-19 15:46:04,830 - DEBUG - Getting redeliveries
2026-01-19 15:46:04,830 - DEBUG - >>> None: [b'XAUTOCLAIM', b'fastmcp:stream', b'docket-workers', b'DESKTOP-EP5TI1Q#20692', b'300000', b'0-0', b'COUNT', b'10']
2026-01-19 15:46:04,831 - DEBUG - Getting new deliveries
2026-01-19 15:46:04,831 - DEBUG - >>> None: [b'XREADGROUP', b'GROUP', b'docket-workers', b'DESKTOP-EP5TI1Q#20692', b'COUNT', b'10', b'BLOCK', b'0', b'STREAMS', b'fastmcp:stream', b'>']
2026-01-19 15:46:04,988 - DEBUG - Scheduling due tasks
2026-01-19 15:46:04,989 - DEBUG - >>> None: [b'EVALSHA', b'39773dffbc51ce836d528fa7bc63e81067cfaea6', b'2', b'fastmcp:queue', b'fastmcp:stream', b'1768817764.989279', b'fastmcp']
2026-01-19 15:46:05,085 - DEBUG - Getting redeliveries
2026-01-19 15:46:05,086 - DEBUG - >>> None: [b'XAUTOCLAIM', b'fastmcp:stream', b'docket-workers', b'DESKTOP-EP5TI1Q#20692', b'300000', b'0-0', b'COUNT', b'10']
2026-01-19 15:46:05,086 - DEBUG - Getting new deliveries
2026-01-19 15:46:05,087 - DEBUG - >>> None: [b'XREADGROUP', b'GROUP', b'docket-workers', b'DESKTOP-EP5TI1Q#20692', b'COUNT', b'10', b'BLOCK', b'0', b'STREAMS', b'fastmcp:stream', b'>']
2026-01-19 15:46:05,244 - DEBUG - Scheduling due tasks
2026-01-19 15:46:05,245 - DEBUG - >>> None: [b'EVALSHA', b'39773dffbc51ce836d528fa7bc63e81067cfaea6', b'2', b'fastmcp:queue', b'fastmcp:stream', b'1768817765.244912', b'fastmcp']
2026-01-19 15:46:05,340 - DEBUG - Getting redeliveries
2026-01-19 15:46:05,340 - DEBUG - >>> None: [b'XAUTOCLAIM', b'fastmcp:stream', b'docket-workers', b'DESKTOP-EP5TI1Q#20692', b'300000', b'0-0', b'COUNT', b'10']
2026-01-19 15:46:05,341 - DEBUG - Getting new deliveries
2026-01-19 15:46:05,341 - DEBUG - >>> None: [b'XREADGROUP', b'GROUP', b'docket-workers', b'DESKTOP-EP5TI1Q#20692', b'COUNT', b'10', b'BLOCK', b'0', b'STREAMS', b'fastmcp:stream', b'>']
2026-01-19 15:46:05,501 - DEBUG - Scheduling due tasks
2026-01-19 15:46:05,501 - DEBUG - >>> None: [b'EVALSHA', b'39773dffbc51ce836d528fa7bc63e81067cfaea6', b'2', b'fastmcp:queue', b'fastmcp:stream', b'1768817765.50145', b'fastmcp']
2026-01-19 15:46:05,503 - DEBUG - >>> None: [b'MULTI']
2026-01-19 15:46:05,503 - DEBUG - >>> None: [b'ZREMRANGEBYSCORE', b'fastmcp:workers', b'0', b'1768817755.502812']
2026-01-19 15:46:05,504 - DEBUG - >>> None: [b'ZADD', b'fastmcp:workers', b'1768817765.502812', b'DESKTOP-EP5TI1Q#20692']
2026-01-19 15:46:05,504 - DEBUG - >>> None: [b'ZREMRANGEBYSCORE', b'fastmcp:task-workers:trace', b'0', b'1768817755.502812']
2026-01-19 15:46:05,504 - DEBUG - >>> None: [b'ZADD', b'fastmcp:task-workers:trace', b'1768817765.502812', b'DESKTOP-EP5TI1Q#20692']
2026-01-19 15:46:05,504 - DEBUG - >>> None: [b'ZREMRANGEBYSCORE', b'fastmcp:task-workers:fail', b'0', b'1768817755.502812']
2026-01-19 15:46:05,504 - DEBUG - >>> None: [b'ZADD', b'fastmcp:task-workers:fail', b'1768817765.502812', b'DESKTOP-EP5TI1Q#20692']
2026-01-19 15:46:05,505 - DEBUG - >>> None: [b'ZREMRANGEBYSCORE', b'fastmcp:task-workers:sleep', b'0', b'1768817755.502812']
2026-01-19 15:46:05,505 - DEBUG - >>> None: [b'ZADD', b'fastmcp:task-workers:sleep', b'1768817765.502812', b'DESKTOP-EP5TI1Q#20692']
2026-01-19 15:46:05,505 - DEBUG - >>> None: [b'SADD', b'fastmcp:worker-tasks:DESKTOP-EP5TI1Q#20692', b'trace', b'fail', b'sleep']
2026-01-19 15:46:05,505 - DEBUG - >>> None: [b'EXPIRE', b'fastmcp:worker-tasks:DESKTOP-EP5TI1Q#20692', b'10']
2026-01-19 15:46:05,505 - DEBUG - >>> None: [b'EXEC']
2026-01-19 15:46:05,507 - DEBUG - >>> None: [b'MULTI']
2026-01-19 15:46:05,507 - DEBUG - >>> None: [b'XLEN', b'fastmcp:stream']
2026-01-19 15:46:05,508 - DEBUG - >>> None: [b'ZCOUNT', b'fastmcp:queue', b'0', b'1768817765.502812']
2026-01-19 15:46:05,508 - DEBUG - >>> None: [b'ZCOUNT', b'fastmcp:queue', b'1768817765.502812', b'+inf']
2026-01-19 15:46:05,508 - DEBUG - >>> None: [b'EXEC']
2026-01-19 15:46:05,596 - DEBUG - Getting redeliveries
2026-01-19 15:46:05,597 - DEBUG - >>> None: [b'XAUTOCLAIM', b'fastmcp:stream', b'docket-workers', b'DESKTOP-EP5TI1Q#20692', b'300000', b'0-0', b'COUNT', b'10']
2026-01-19 15:46:05,598 - DEBUG - Getting new deliveries
2026-01-19 15:46:05,598 - DEBUG - >>> None: [b'XREADGROUP', b'GROUP', b'docket-workers', b'DESKTOP-EP5TI1Q#20692', b'COUNT', b'10', b'BLOCK', b'0', b'STREAMS', b'fastmcp:stream', b'>']
2026-01-19 15:46:05,755 - DEBUG - Scheduling due tasks
2026-01-19 15:46:05,756 - DEBUG - >>> None: [b'EVALSHA', b'39773dffbc51ce836d528fa7bc63e81067cfaea6', b'2', b'fastmcp:queue', b'fastmcp:stream', b'1768817765.756223', b'fastmcp']
2026-01-19 15:46:05,851 - DEBUG - Getting redeliveries
2026-01-19 15:46:05,852 - DEBUG - >>> None: [b'XAUTOCLAIM', b'fastmcp:stream', b'docket-workers', b'DESKTOP-EP5TI1Q#20692', b'300000', b'0-0', b'COUNT', b'10']
2026-01-19 15:46:05,852 - DEBUG - Getting new deliveries
2026-01-19 15:46:05,853 - DEBUG - >>> None: [b'XREADGROUP', b'GROUP', b'docket-workers', b'DESKTOP-EP5TI1Q#20692', b'COUNT', b'10', b'BLOCK', b'0', b'STREAMS', b'fastmcp:stream', b'>']
2026-01-19 15:46:06,010 - DEBUG - Scheduling due tasks
2026-01-19 15:46:06,011 - DEBUG - >>> None: [b'EVALSHA', b'39773dffbc51ce836d528fa7bc63e81067cfaea6', b'2', b'fastmcp:queue', b'fastmcp:stream', b'1768817766.011281', b'fastmcp']
2026-01-19 15:46:06,106 - DEBUG - Getting redeliveries
2026-01-19 15:46:06,107 - DEBUG - >>> None: [b'XAUTOCLAIM', b'fastmcp:stream', b'docket-workers', b'DESKTOP-EP5TI1Q#20692', b'300000', b'0-0', b'COUNT', b'10']
2026-01-19 15:46:06,107 - DEBUG - Getting new deliveries
2026-01-19 15:46:06,108 - DEBUG - >>> None: [b'XREADGROUP', b'GROUP', b'docket-workers', b'DESKTOP-EP5TI1Q#20692', b'COUNT', b'10', b'BLOCK', b'0', b'STREAMS', b'fastmcp:stream', b'>']
2026-01-19 15:46:06,268 - DEBUG - Scheduling due tasks
2026-01-19 15:46:06,268 - DEBUG - >>> None: [b'EVALSHA', b'39773dffbc51ce836d528fa7bc63e81067cfaea6', b'2', b'fastmcp:queue', b'fastmcp:stream', b'1768817766.268495', b'fastmcp']
2026-01-19 15:46:06,362 - DEBUG - Getting redeliveries
2026-01-19 15:46:06,363 - DEBUG - >>> None: [b'XAUTOCLAIM', b'fastmcp:stream', b'docket-workers', b'DESKTOP-EP5TI1Q#20692', b'300000', b'0-0', b'COUNT', b'10']
2026-01-19 15:46:06,363 - DEBUG - Getting new deliveries
2026-01-19 15:46:06,364 - DEBUG - >>> None: [b'XREADGROUP', b'GROUP', b'docket-workers', b'DESKTOP-EP5TI1Q#20692', b'COUNT', b'10', b'BLOCK', b'0', b'STREAMS', b'fastmcp:stream', b'>']
2026-01-19 15:46:06,521 - DEBUG - Scheduling due tasks
2026-01-19 15:46:06,522 - DEBUG - >>> None: [b'EVALSHA', b'39773dffbc51ce836d528fa7bc63e81067cfaea6', b'2', b'fastmcp:queue', b'fastmcp:stream', b'1768817766.521587', b'fastmcp']
2026-01-19 15:46:06,630 - DEBUG - Getting redeliveries
2026-01-19 15:46:06,630 - DEBUG - >>> None: [b'XAUTOCLAIM', b'fastmcp:stream', b'docket-workers', b'DESKTOP-EP5TI1Q#20692', b'300000', b'0-0', b'COUNT', b'10']
2026-01-19 15:46:06,631 - DEBUG - Getting new deliveries
2026-01-19 15:46:06,631 - DEBUG - >>> None: [b'XREADGROUP', b'GROUP', b'docket-workers', b'DESKTOP-EP5TI1Q#20692', b'COUNT', b'10', b'BLOCK', b'0', b'STREAMS', b'fastmcp:stream', b'>']
2026-01-19 15:46:06,789 - DEBUG - Scheduling due tasks
2026-01-19 15:46:06,790 - DEBUG - >>> None: [b'EVALSHA', b'39773dffbc51ce836d528fa7bc63e81067cfaea6', b'2', b'fastmcp:queue', b'fastmcp:stream', b'1768817766.789545', b'fastmcp']
2026-01-19 15:46:06,885 - DEBUG - Getting redeliveries
2026-01-19 15:46:06,886 - DEBUG - >>> None: [b'XAUTOCLAIM', b'fastmcp:stream', b'docket-workers', b'DESKTOP-EP5TI1Q#20692', b'300000', b'0-0', b'COUNT', b'10']
2026-01-19 15:46:06,886 - DEBUG - Getting new deliveries
2026-01-19 15:46:06,886 - DEBUG - >>> None: [b'XREADGROUP', b'GROUP', b'docket-workers', b'DESKTOP-EP5TI1Q#20692', b'COUNT', b'10', b'BLOCK', b'0', b'STREAMS', b'fastmcp:stream', b'>']
2026-01-19 15:46:07,044 - DEBUG - Scheduling due tasks
2026-01-19 15:46:07,044 - DEBUG - >>> None: [b'EVALSHA', b'39773dffbc51ce836d528fa7bc63e81067cfaea6', b'2', b'fastmcp:queue', b'fastmcp:stream', b'1768817767.04463', b'fastmcp']
2026-01-19 15:46:07,140 - DEBUG - Getting redeliveries
2026-01-19 15:46:07,140 - DEBUG - >>> None: [b'XAUTOCLAIM', b'fastmcp:stream', b'docket-workers', b'DESKTOP-EP5TI1Q#20692', b'300000', b'0-0', b'COUNT', b'10']
2026-01-19 15:46:07,141 - DEBUG - Getting new deliveries
2026-01-19 15:46:07,141 - DEBUG - >>> None: [b'XREADGROUP', b'GROUP', b'docket-workers', b'DESKTOP-EP5TI1Q#20692', b'COUNT', b'10', b'BLOCK', b'0', b'STREAMS', b'fastmcp:stream', b'>']
2026-01-19 15:46:07,299 - DEBUG - Scheduling due tasks
2026-01-19 15:46:07,299 - DEBUG - >>> None: [b'EVALSHA', b'39773dffbc51ce836d528fa7bc63e81067cfaea6', b'2', b'fastmcp:queue', b'fastmcp:stream', b'1768817767.299499', b'fastmcp']
2026-01-19 15:46:07,395 - DEBUG - Getting redeliveries
2026-01-19 15:46:07,395 - DEBUG - >>> None: [b'XAUTOCLAIM', b'fastmcp:stream', b'docket-workers', b'DESKTOP-EP5TI1Q#20692', b'300000', b'0-0', b'COUNT', b'10']
2026-01-19 15:46:07,396 - DEBUG - Getting new deliveries
2026-01-19 15:46:07,397 - DEBUG - >>> None: [b'XREADGROUP', b'GROUP', b'docket-workers', b'DESKTOP-EP5TI1Q#20692', b'COUNT', b'10', b'BLOCK', b'0', b'STREAMS', b'fastmcp:stream', b'>']
2026-01-19 15:46:07,523 - DEBUG - >>> None: [b'MULTI']
2026-01-19 15:46:07,524 - DEBUG - >>> None: [b'ZREMRANGEBYSCORE', b'fastmcp:workers', b'0', b'1768817757.522996']
2026-01-19 15:46:07,524 - DEBUG - >>> None: [b'ZADD', b'fastmcp:workers', b'1768817767.522996', b'DESKTOP-EP5TI1Q#20692']
2026-01-19 15:46:07,524 - DEBUG - >>> None: [b'ZREMRANGEBYSCORE', b'fastmcp:task-workers:trace', b'0', b'1768817757.522996']
2026-01-19 15:46:07,524 - DEBUG - >>> None: [b'ZADD', b'fastmcp:task-workers:trace', b'1768817767.522996', b'DESKTOP-EP5TI1Q#20692']
2026-01-19 15:46:07,525 - DEBUG - >>> None: [b'ZREMRANGEBYSCORE', b'fastmcp:task-workers:fail', b'0', b'1768817757.522996']
2026-01-19 15:46:07,525 - DEBUG - >>> None: [b'ZADD', b'fastmcp:task-workers:fail', b'1768817767.522996', b'DESKTOP-EP5TI1Q#20692']
2026-01-19 15:46:07,525 - DEBUG - >>> None: [b'ZREMRANGEBYSCORE', b'fastmcp:task-workers:sleep', b'0', b'1768817757.522996']
2026-01-19 15:46:07,525 - DEBUG - >>> None: [b'ZADD', b'fastmcp:task-workers:sleep', b'1768817767.522996', b'DESKTOP-EP5TI1Q#20692']
2026-01-19 15:46:07,525 - DEBUG - >>> None: [b'SADD', b'fastmcp:worker-tasks:DESKTOP-EP5TI1Q#20692', b'trace', b'fail', b'sleep']
2026-01-19 15:46:07,525 - DEBUG - >>> None: [b'EXPIRE', b'fastmcp:worker-tasks:DESKTOP-EP5TI1Q#20692', b'10']
2026-01-19 15:46:07,526 - DEBUG - >>> None: [b'EXEC']
2026-01-19 15:46:07,527 - DEBUG - >>> None: [b'MULTI']
2026-01-19 15:46:07,528 - DEBUG - >>> None: [b'XLEN', b'fastmcp:stream']
2026-01-19 15:46:07,528 - DEBUG - >>> None: [b'ZCOUNT', b'fastmcp:queue', b'0', b'1768817767.522996']
2026-01-19 15:46:07,528 - DEBUG - >>> None: [b'ZCOUNT', b'fastmcp:queue', b'1768817767.522996', b'+inf']
2026-01-19 15:46:07,528 - DEBUG - >>> None: [b'EXEC']
2026-01-19 15:46:07,554 - DEBUG - Scheduling due tasks
2026-01-19 15:46:07,555 - DEBUG - >>> None: [b'EVALSHA', b'39773dffbc51ce836d528fa7bc63e81067cfaea6', b'2', b'fastmcp:queue', b'fastmcp:stream', b'1768817767.555197', b'fastmcp']
2026-01-19 15:46:07,650 - DEBUG - Getting redeliveries
2026-01-19 15:46:07,651 - DEBUG - >>> None: [b'XAUTOCLAIM', b'fastmcp:stream', b'docket-workers', b'DESKTOP-EP5TI1Q#20692', b'300000', b'0-0', b'COUNT', b'10']
2026-01-19 15:46:07,651 - DEBUG - Getting new deliveries
2026-01-19 15:46:07,652 - DEBUG - >>> None: [b'XREADGROUP', b'GROUP', b'docket-workers', b'DESKTOP-EP5TI1Q#20692', b'COUNT', b'10', b'BLOCK', b'0', b'STREAMS', b'fastmcp:stream', b'>']
2026-01-19 15:46:07,809 - DEBUG - Scheduling due tasks
2026-01-19 15:46:07,810 - DEBUG - >>> None: [b'EVALSHA', b'39773dffbc51ce836d528fa7bc63e81067cfaea6', b'2', b'fastmcp:queue', b'fastmcp:stream', b'1768817767.810224', b'fastmcp']
2026-01-19 15:46:07,904 - DEBUG - Getting redeliveries
2026-01-19 15:46:07,905 - DEBUG - >>> None: [b'XAUTOCLAIM', b'fastmcp:stream', b'docket-workers', b'DESKTOP-EP5TI1Q#20692', b'300000', b'0-0', b'COUNT', b'10']
2026-01-19 15:46:07,905 - DEBUG - Getting new deliveries
2026-01-19 15:46:07,905 - DEBUG - >>> None: [b'XREADGROUP', b'GROUP', b'docket-workers', b'DESKTOP-EP5TI1Q#20692', b'COUNT', b'10', b'BLOCK', b'0', b'STREAMS', b'fastmcp:stream', b'>']
2026-01-19 15:46:08,064 - DEBUG - Scheduling due tasks
2026-01-19 15:46:08,065 - DEBUG - >>> None: [b'EVALSHA', b'39773dffbc51ce836d528fa7bc63e81067cfaea6', b'2', b'fastmcp:queue', b'fastmcp:stream', b'1768817768.065054', b'fastmcp']
2026-01-19 15:46:08,158 - DEBUG - Getting redeliveries
2026-01-19 15:46:08,159 - DEBUG - >>> None: [b'XAUTOCLAIM', b'fastmcp:stream', b'docket-workers', b'DESKTOP-EP5TI1Q#20692', b'300000', b'0-0', b'COUNT', b'10']
2026-01-19 15:46:08,160 - DEBUG - Getting new deliveries
2026-01-19 15:46:08,161 - DEBUG - >>> None: [b'XREADGROUP', b'GROUP', b'docket-workers', b'DESKTOP-EP5TI1Q#20692', b'COUNT', b'10', b'BLOCK', b'0', b'STREAMS', b'fastmcp:stream', b'>']
2026-01-19 15:46:08,319 - DEBUG - Scheduling due tasks
2026-01-19 15:46:08,319 - DEBUG - >>> None: [b'EVALSHA', b'39773dffbc51ce836d528fa7bc63e81067cfaea6', b'2', b'fastmcp:queue', b'fastmcp:stream', b'1768817768.319649', b'fastmcp']
2026-01-19 15:46:08,414 - DEBUG - Getting redeliveries
2026-01-19 15:46:08,415 - DEBUG - >>> None: [b'XAUTOCLAIM', b'fastmcp:stream', b'docket-workers', b'DESKTOP-EP5TI1Q#20692', b'300000', b'0-0', b'COUNT', b'10']
2026-01-19 15:46:08,415 - DEBUG - Getting new deliveries
2026-01-19 15:46:08,415 - DEBUG - >>> None: [b'XREADGROUP', b'GROUP', b'docket-workers', b'DESKTOP-EP5TI1Q#20692', b'COUNT', b'10', b'BLOCK', b'0', b'STREAMS', b'fastmcp:stream', b'>']
2026-01-19 15:46:08,571 - DEBUG - Scheduling due tasks
2026-01-19 15:46:08,572 - DEBUG - >>> None: [b'EVALSHA', b'39773dffbc51ce836d528fa7bc63e81067cfaea6', b'2', b'fastmcp:queue', b'fastmcp:stream', b'1768817768.571818', b'fastmcp']
2026-01-19 15:46:08,667 - DEBUG - Getting redeliveries
2026-01-19 15:46:08,667 - DEBUG - >>> None: [b'XAUTOCLAIM', b'fastmcp:stream', b'docket-workers', b'DESKTOP-EP5TI1Q#20692', b'300000', b'0-0', b'COUNT', b'10']
2026-01-19 15:46:08,668 - DEBUG - Getting new deliveries
2026-01-19 15:46:08,668 - DEBUG - >>> None: [b'XREADGROUP', b'GROUP', b'docket-workers', b'DESKTOP-EP5TI1Q#20692', b'COUNT', b'10', b'BLOCK', b'0', b'STREAMS', b'fastmcp:stream', b'>']
2026-01-19 15:46:08,824 - DEBUG - Scheduling due tasks
2026-01-19 15:46:08,825 - DEBUG - >>> None: [b'EVALSHA', b'39773dffbc51ce836d528fa7bc63e81067cfaea6', b'2', b'fastmcp:queue', b'fastmcp:stream', b'1768817768.825112', b'fastmcp']
2026-01-19 15:46:08,920 - DEBUG - Getting redeliveries
2026-01-19 15:46:08,920 - DEBUG - >>> None: [b'XAUTOCLAIM', b'fastmcp:stream', b'docket-workers', b'DESKTOP-EP5TI1Q#20692', b'300000', b'0-0', b'COUNT', b'10']
2026-01-19 15:46:08,921 - DEBUG - Getting new deliveries
2026-01-19 15:46:08,924 - DEBUG - >>> None: [b'XREADGROUP', b'GROUP', b'docket-workers', b'DESKTOP-EP5TI1Q#20692', b'COUNT', b'10', b'BLOCK', b'0', b'STREAMS', b'fastmcp:stream', b'>']
2026-01-19 15:46:09,122 - DEBUG - Scheduling due tasks
2026-01-19 15:46:09,122 - DEBUG - >>> None: [b'EVALSHA', b'39773dffbc51ce836d528fa7bc63e81067cfaea6', b'2', b'fastmcp:queue', b'fastmcp:stream', b'1768817769.122408', b'fastmcp']
2026-01-19 15:46:09,191 - DEBUG - Getting redeliveries
2026-01-19 15:46:09,191 - DEBUG - >>> None: [b'XAUTOCLAIM', b'fastmcp:stream', b'docket-workers', b'DESKTOP-EP5TI1Q#20692', b'300000', b'0-0', b'COUNT', b'10']
2026-01-19 15:46:09,200 - DEBUG - Getting new deliveries
2026-01-19 15:46:09,202 - DEBUG - >>> None: [b'XREADGROUP', b'GROUP', b'docket-workers', b'DESKTOP-EP5TI1Q#20692', b'COUNT', b'10', b'BLOCK', b'0', b'STREAMS', b'fastmcp:stream', b'>']
2026-01-19 15:46:09,394 - DEBUG - Scheduling due tasks
2026-01-19 15:46:09,394 - DEBUG - >>> None: [b'EVALSHA', b'39773dffbc51ce836d528fa7bc63e81067cfaea6', b'2', b'fastmcp:queue', b'fastmcp:stream', b'1768817769.394775', b'fastmcp']
2026-01-19 15:46:09,487 - DEBUG - Getting redeliveries
2026-01-19 15:46:09,487 - DEBUG - >>> None: [b'XAUTOCLAIM', b'fastmcp:stream', b'docket-workers', b'DESKTOP-EP5TI1Q#20692', b'300000', b'0-0', b'COUNT', b'10']
2026-01-19 15:46:09,488 - DEBUG - Getting new deliveries
2026-01-19 15:46:09,488 - DEBUG - >>> None: [b'XREADGROUP', b'GROUP', b'docket-workers', b'DESKTOP-EP5TI1Q#20692', b'COUNT', b'10', b'BLOCK', b'0', b'STREAMS', b'fastmcp:stream', b'>']
2026-01-19 15:46:09,541 - DEBUG - >>> None: [b'MULTI']
2026-01-19 15:46:09,541 - DEBUG - >>> None: [b'ZREMRANGEBYSCORE', b'fastmcp:workers', b'0', b'1768817759.540488']
2026-01-19 15:46:09,541 - DEBUG - >>> None: [b'ZADD', b'fastmcp:workers', b'1768817769.540488', b'DESKTOP-EP5TI1Q#20692']
2026-01-19 15:46:09,541 - DEBUG - >>> None: [b'ZREMRANGEBYSCORE', b'fastmcp:task-workers:trace', b'0', b'1768817759.540488']
2026-01-19 15:46:09,542 - DEBUG - >>> None: [b'ZADD', b'fastmcp:task-workers:trace', b'1768817769.540488', b'DESKTOP-EP5TI1Q#20692']
2026-01-19 15:46:09,542 - DEBUG - >>> None: [b'ZREMRANGEBYSCORE', b'fastmcp:task-workers:fail', b'0', b'1768817759.540488']
2026-01-19 15:46:09,542 - DEBUG - >>> None: [b'ZADD', b'fastmcp:task-workers:fail', b'1768817769.540488', b'DESKTOP-EP5TI1Q#20692']
2026-01-19 15:46:09,543 - DEBUG - >>> None: [b'ZREMRANGEBYSCORE', b'fastmcp:task-workers:sleep', b'0', b'1768817759.540488']
2026-01-19 15:46:09,543 - DEBUG - >>> None: [b'ZADD', b'fastmcp:task-workers:sleep', b'1768817769.540488', b'DESKTOP-EP5TI1Q#20692']
2026-01-19 15:46:09,543 - DEBUG - >>> None: [b'SADD', b'fastmcp:worker-tasks:DESKTOP-EP5TI1Q#20692', b'trace', b'fail', b'sleep']
2026-01-19 15:46:09,543 - DEBUG - >>> None: [b'EXPIRE', b'fastmcp:worker-tasks:DESKTOP-EP5TI1Q#20692', b'10']
2026-01-19 15:46:09,543 - DEBUG - >>> None: [b'EXEC']
2026-01-19 15:46:09,544 - DEBUG - >>> None: [b'MULTI']
2026-01-19 15:46:09,544 - DEBUG - >>> None: [b'XLEN', b'fastmcp:stream']
2026-01-19 15:46:09,544 - DEBUG - >>> None: [b'ZCOUNT', b'fastmcp:queue', b'0', b'1768817769.540488']
2026-01-19 15:46:09,545 - DEBUG - >>> None: [b'ZCOUNT', b'fastmcp:queue', b'1768817769.540488', b'+inf']
2026-01-19 15:46:09,545 - DEBUG - >>> None: [b'EXEC']
2026-01-19 15:46:09,650 - DEBUG - Scheduling due tasks
2026-01-19 15:46:09,651 - DEBUG - >>> None: [b'EVALSHA', b'39773dffbc51ce836d528fa7bc63e81067cfaea6', b'2', b'fastmcp:queue', b'fastmcp:stream', b'1768817769.650946', b'fastmcp']
2026-01-19 15:46:09,752 - DEBUG - Getting redeliveries
2026-01-19 15:46:09,752 - DEBUG - >>> None: [b'XAUTOCLAIM', b'fastmcp:stream', b'docket-workers', b'DESKTOP-EP5TI1Q#20692', b'300000', b'0-0', b'COUNT', b'10']
2026-01-19 15:46:09,753 - DEBUG - Getting new deliveries
2026-01-19 15:46:09,753 - DEBUG - >>> None: [b'XREADGROUP', b'GROUP', b'docket-workers', b'DESKTOP-EP5TI1Q#20692', b'COUNT', b'10', b'BLOCK', b'0', b'STREAMS', b'fastmcp:stream', b'>']
2026-01-19 15:46:09,913 - DEBUG - Scheduling due tasks
2026-01-19 15:46:09,913 - DEBUG - >>> None: [b'EVALSHA', b'39773dffbc51ce836d528fa7bc63e81067cfaea6', b'2', b'fastmcp:queue', b'fastmcp:stream', b'1768817769.913478', b'fastmcp']
2026-01-19 15:46:10,011 - DEBUG - Getting redeliveries
2026-01-19 15:46:10,011 - DEBUG - >>> None: [b'XAUTOCLAIM', b'fastmcp:stream', b'docket-workers', b'DESKTOP-EP5TI1Q#20692', b'300000', b'0-0', b'COUNT', b'10']
2026-01-19 15:46:10,012 - DEBUG - Getting new deliveries
2026-01-19 15:46:10,012 - DEBUG - >>> None: [b'XREADGROUP', b'GROUP', b'docket-workers', b'DESKTOP-EP5TI1Q#20692', b'COUNT', b'10', b'BLOCK', b'0', b'STREAMS', b'fastmcp:stream', b'>']
2026-01-19 15:46:10,165 - DEBUG - Scheduling due tasks
2026-01-19 15:46:10,166 - DEBUG - >>> None: [b'EVALSHA', b'39773dffbc51ce836d528fa7bc63e81067cfaea6', b'2', b'fastmcp:queue', b'fastmcp:stream', b'1768817770.165992', b'fastmcp']
2026-01-19 15:46:10,278 - DEBUG - Getting redeliveries
2026-01-19 15:46:10,278 - DEBUG - >>> None: [b'XAUTOCLAIM', b'fastmcp:stream', b'docket-workers', b'DESKTOP-EP5TI1Q#20692', b'300000', b'0-0', b'COUNT', b'10']
2026-01-19 15:46:10,278 - DEBUG - Getting new deliveries
2026-01-19 15:46:10,278 - DEBUG - >>> None: [b'XREADGROUP', b'GROUP', b'docket-workers', b'DESKTOP-EP5TI1Q#20692', b'COUNT', b'10', b'BLOCK', b'0', b'STREAMS', b'fastmcp:stream', b'>']
2026-01-19 15:46:10,421 - DEBUG - Scheduling due tasks
2026-01-19 15:46:10,433 - DEBUG - >>> None: [b'EVALSHA', b'39773dffbc51ce836d528fa7bc63e81067cfaea6', b'2', b'fastmcp:queue', b'fastmcp:stream', b'1768817770.433363', b'fastmcp']
2026-01-19 15:46:10,534 - DEBUG - Getting redeliveries
2026-01-19 15:46:10,536 - DEBUG - >>> None: [b'XAUTOCLAIM', b'fastmcp:stream', b'docket-workers', b'DESKTOP-EP5TI1Q#20692', b'300000', b'0-0', b'COUNT', b'10']
2026-01-19 15:46:10,537 - DEBUG - Getting new deliveries
2026-01-19 15:46:10,537 - DEBUG - >>> None: [b'XREADGROUP', b'GROUP', b'docket-workers', b'DESKTOP-EP5TI1Q#20692', b'COUNT', b'10', b'BLOCK', b'0', b'STREAMS', b'fastmcp:stream', b'>']
2026-01-19 15:46:10,699 - DEBUG - Scheduling due tasks
2026-01-19 15:46:10,700 - DEBUG - >>> None: [b'EVALSHA', b'39773dffbc51ce836d528fa7bc63e81067cfaea6', b'2', b'fastmcp:queue', b'fastmcp:stream', b'1768817770.700286', b'fastmcp']
2026-01-19 15:46:10,796 - DEBUG - Getting redeliveries
2026-01-19 15:46:10,797 - DEBUG - >>> None: [b'XAUTOCLAIM', b'fastmcp:stream', b'docket-workers', b'DESKTOP-EP5TI1Q#20692', b'300000', b'0-0', b'COUNT', b'10']
2026-01-19 15:46:10,797 - DEBUG - Getting new deliveries
2026-01-19 15:46:10,797 - DEBUG - >>> None: [b'XREADGROUP', b'GROUP', b'docket-workers', b'DESKTOP-EP5TI1Q#20692', b'COUNT', b'10', b'BLOCK', b'0', b'STREAMS', b'fastmcp:stream', b'>']
2026-01-19 15:46:10,969 - DEBUG - Scheduling due tasks
2026-01-19 15:46:10,969 - DEBUG - >>> None: [b'EVALSHA', b'39773dffbc51ce836d528fa7bc63e81067cfaea6', b'2', b'fastmcp:queue', b'fastmcp:stream', b'1768817770.969766', b'fastmcp']
2026-01-19 15:46:11,049 - DEBUG - Getting redeliveries
2026-01-19 15:46:11,049 - DEBUG - >>> None: [b'XAUTOCLAIM', b'fastmcp:stream', b'docket-workers', b'DESKTOP-EP5TI1Q#20692', b'300000', b'0-0', b'COUNT', b'10']
2026-01-19 15:46:11,050 - DEBUG - Getting new deliveries
2026-01-19 15:46:11,050 - DEBUG - >>> None: [b'XREADGROUP', b'GROUP', b'docket-workers', b'DESKTOP-EP5TI1Q#20692', b'COUNT', b'10', b'BLOCK', b'0', b'STREAMS', b'fastmcp:stream', b'>']
2026-01-19 15:46:11,222 - DEBUG - Scheduling due tasks
2026-01-19 15:46:11,222 - DEBUG - >>> None: [b'EVALSHA', b'39773dffbc51ce836d528fa7bc63e81067cfaea6', b'2', b'fastmcp:queue', b'fastmcp:stream', b'1768817771.222404', b'fastmcp']
2026-01-19 15:46:11,310 - DEBUG - Getting redeliveries
2026-01-19 15:46:11,310 - DEBUG - >>> None: [b'XAUTOCLAIM', b'fastmcp:stream', b'docket-workers', b'DESKTOP-EP5TI1Q#20692', b'300000', b'0-0', b'COUNT', b'10']
2026-01-19 15:46:11,310 - DEBUG - Getting new deliveries
2026-01-19 15:46:11,311 - DEBUG - >>> None: [b'XREADGROUP', b'GROUP', b'docket-workers', b'DESKTOP-EP5TI1Q#20692', b'COUNT', b'10', b'BLOCK', b'0', b'STREAMS', b'fastmcp:stream', b'>']
2026-01-19 15:46:11,482 - DEBUG - Scheduling due tasks
2026-01-19 15:46:11,483 - DEBUG - >>> None: [b'EVALSHA', b'39773dffbc51ce836d528fa7bc63e81067cfaea6', b'2', b'fastmcp:queue', b'fastmcp:stream', b'1768817771.482883', b'fastmcp']
2026-01-19 15:46:11,546 - DEBUG - >>> None: [b'MULTI']
2026-01-19 15:46:11,547 - DEBUG - >>> None: [b'ZREMRANGEBYSCORE', b'fastmcp:workers', b'0', b'1768817761.546297']
2026-01-19 15:46:11,547 - DEBUG - >>> None: [b'ZADD', b'fastmcp:workers', b'1768817771.546297', b'DESKTOP-EP5TI1Q#20692']
2026-01-19 15:46:11,547 - DEBUG - >>> None: [b'ZREMRANGEBYSCORE', b'fastmcp:task-workers:trace', b'0', b'1768817761.546297']
2026-01-19 15:46:11,547 - DEBUG - >>> None: [b'ZADD', b'fastmcp:task-workers:trace', b'1768817771.546297', b'DESKTOP-EP5TI1Q#20692']
2026-01-19 15:46:11,547 - DEBUG - >>> None: [b'ZREMRANGEBYSCORE', b'fastmcp:task-workers:fail', b'0', b'1768817761.546297']
2026-01-19 15:46:11,547 - DEBUG - >>> None: [b'ZADD', b'fastmcp:task-workers:fail', b'1768817771.546297', b'DESKTOP-EP5TI1Q#20692']
2026-01-19 15:46:11,547 - DEBUG - >>> None: [b'ZREMRANGEBYSCORE', b'fastmcp:task-workers:sleep', b'0', b'1768817761.546297']
2026-01-19 15:46:11,547 - DEBUG - >>> None: [b'ZADD', b'fastmcp:task-workers:sleep', b'1768817771.546297', b'DESKTOP-EP5TI1Q#20692']
2026-01-19 15:46:11,547 - DEBUG - >>> None: [b'SADD', b'fastmcp:worker-tasks:DESKTOP-EP5TI1Q#20692', b'trace', b'fail', b'sleep']
2026-01-19 15:46:11,547 - DEBUG - >>> None: [b'EXPIRE', b'fastmcp:worker-tasks:DESKTOP-EP5TI1Q#20692', b'10']
2026-01-19 15:46:11,547 - DEBUG - >>> None: [b'EXEC']
2026-01-19 15:46:11,549 - DEBUG - >>> None: [b'MULTI']
2026-01-19 15:46:11,549 - DEBUG - >>> None: [b'XLEN', b'fastmcp:stream']
2026-01-19 15:46:11,549 - DEBUG - >>> None: [b'ZCOUNT', b'fastmcp:queue', b'0', b'1768817771.546297']
2026-01-19 15:46:11,549 - DEBUG - >>> None: [b'ZCOUNT', b'fastmcp:queue', b'1768817771.546297', b'+inf']
2026-01-19 15:46:11,549 - DEBUG - >>> None: [b'EXEC']
2026-01-19 15:46:11,565 - DEBUG - Getting redeliveries
2026-01-19 15:46:11,566 - DEBUG - >>> None: [b'XAUTOCLAIM', b'fastmcp:stream', b'docket-workers', b'DESKTOP-EP5TI1Q#20692', b'300000', b'0-0', b'COUNT', b'10']
2026-01-19 15:46:11,567 - DEBUG - Getting new deliveries
2026-01-19 15:46:11,567 - DEBUG - >>> None: [b'XREADGROUP', b'GROUP', b'docket-workers', b'DESKTOP-EP5TI1Q#20692', b'COUNT', b'10', b'BLOCK', b'0', b'STREAMS', b'fastmcp:stream', b'>']
2026-01-19 15:46:11,741 - DEBUG - Scheduling due tasks
2026-01-19 15:46:11,741 - DEBUG - >>> None: [b'EVALSHA', b'39773dffbc51ce836d528fa7bc63e81067cfaea6', b'2', b'fastmcp:queue', b'fastmcp:stream', b'1768817771.741715', b'fastmcp']
2026-01-19 15:46:11,830 - DEBUG - Getting redeliveries
2026-01-19 15:46:11,830 - DEBUG - >>> None: [b'XAUTOCLAIM', b'fastmcp:stream', b'docket-workers', b'DESKTOP-EP5TI1Q#20692', b'300000', b'0-0', b'COUNT', b'10']
2026-01-19 15:46:11,830 - DEBUG - Getting new deliveries
2026-01-19 15:46:11,830 - DEBUG - >>> None: [b'XREADGROUP', b'GROUP', b'docket-workers', b'DESKTOP-EP5TI1Q#20692', b'COUNT', b'10', b'BLOCK', b'0', b'STREAMS', b'fastmcp:stream', b'>']
2026-01-19 15:46:11,997 - DEBUG - Scheduling due tasks
2026-01-19 15:46:11,998 - DEBUG - >>> None: [b'EVALSHA', b'39773dffbc51ce836d528fa7bc63e81067cfaea6', b'2', b'fastmcp:queue', b'fastmcp:stream', b'1768817771.997958', b'fastmcp']
2026-01-19 15:46:12,091 - DEBUG - Getting redeliveries
2026-01-19 15:46:12,092 - DEBUG - >>> None: [b'XAUTOCLAIM', b'fastmcp:stream', b'docket-workers', b'DESKTOP-EP5TI1Q#20692', b'300000', b'0-0', b'COUNT', b'10']
2026-01-19 15:46:12,092 - DEBUG - Getting new deliveries
2026-01-19 15:46:12,092 - DEBUG - >>> None: [b'XREADGROUP', b'GROUP', b'docket-workers', b'DESKTOP-EP5TI1Q#20692', b'COUNT', b'10', b'BLOCK', b'0', b'STREAMS', b'fastmcp:stream', b'>']
2026-01-19 15:46:12,264 - DEBUG - Scheduling due tasks
2026-01-19 15:46:12,264 - DEBUG - >>> None: [b'EVALSHA', b'39773dffbc51ce836d528fa7bc63e81067cfaea6', b'2', b'fastmcp:queue', b'fastmcp:stream', b'1768817772.264243', b'fastmcp']
2026-01-19 15:46:12,349 - DEBUG - Getting redeliveries
2026-01-19 15:46:12,349 - DEBUG - >>> None: [b'XAUTOCLAIM', b'fastmcp:stream', b'docket-workers', b'DESKTOP-EP5TI1Q#20692', b'300000', b'0-0', b'COUNT', b'10']
2026-01-19 15:46:12,350 - DEBUG - Getting new deliveries
2026-01-19 15:46:12,350 - DEBUG - >>> None: [b'XREADGROUP', b'GROUP', b'docket-workers', b'DESKTOP-EP5TI1Q#20692', b'COUNT', b'10', b'BLOCK', b'0', b'STREAMS', b'fastmcp:stream', b'>']
2026-01-19 15:46:12,516 - DEBUG - Scheduling due tasks
2026-01-19 15:46:12,516 - DEBUG - >>> None: [b'EVALSHA', b'39773dffbc51ce836d528fa7bc63e81067cfaea6', b'2', b'fastmcp:queue', b'fastmcp:stream', b'1768817772.516652', b'fastmcp']
2026-01-19 15:46:12,614 - DEBUG - Getting redeliveries
2026-01-19 15:46:12,615 - DEBUG - >>> None: [b'XAUTOCLAIM', b'fastmcp:stream', b'docket-workers', b'DESKTOP-EP5TI1Q#20692', b'300000', b'0-0', b'COUNT', b'10']
2026-01-19 15:46:12,615 - DEBUG - Getting new deliveries
2026-01-19 15:46:12,615 - DEBUG - >>> None: [b'XREADGROUP', b'GROUP', b'docket-workers', b'DESKTOP-EP5TI1Q#20692', b'COUNT', b'10', b'BLOCK', b'0', b'STREAMS', b'fastmcp:stream', b'>']
2026-01-19 15:46:12,781 - DEBUG - Scheduling due tasks
2026-01-19 15:46:12,781 - DEBUG - >>> None: [b'EVALSHA', b'39773dffbc51ce836d528fa7bc63e81067cfaea6', b'2', b'fastmcp:queue', b'fastmcp:stream', b'1768817772.781446', b'fastmcp']
2026-01-19 15:46:12,866 - DEBUG - Getting redeliveries
2026-01-19 15:46:12,866 - DEBUG - >>> None: [b'XAUTOCLAIM', b'fastmcp:stream', b'docket-workers', b'DESKTOP-EP5TI1Q#20692', b'300000', b'0-0', b'COUNT', b'10']
2026-01-19 15:46:12,867 - DEBUG - Getting new deliveries
2026-01-19 15:46:12,867 - DEBUG - >>> None: [b'XREADGROUP', b'GROUP', b'docket-workers', b'DESKTOP-EP5TI1Q#20692', b'COUNT', b'10', b'BLOCK', b'0', b'STREAMS', b'fastmcp:stream', b'>']
2026-01-19 15:46:13,046 - DEBUG - Scheduling due tasks
2026-01-19 15:46:13,046 - DEBUG - >>> None: [b'EVALSHA', b'39773dffbc51ce836d528fa7bc63e81067cfaea6', b'2', b'fastmcp:queue', b'fastmcp:stream', b'1768817773.046735', b'fastmcp']
2026-01-19 15:46:13,133 - DEBUG - Getting redeliveries
2026-01-19 15:46:13,168 - DEBUG - >>> None: [b'XAUTOCLAIM', b'fastmcp:stream', b'docket-workers', b'DESKTOP-EP5TI1Q#20692', b'300000', b'0-0', b'COUNT', b'10']
2026-01-19 15:46:13,169 - DEBUG - Getting new deliveries
2026-01-19 15:46:13,169 - DEBUG - >>> None: [b'XREADGROUP', b'GROUP', b'docket-workers', b'DESKTOP-EP5TI1Q#20692', b'COUNT', b'10', b'BLOCK', b'0', b'STREAMS', b'fastmcp:stream', b'>']
2026-01-19 15:46:13,298 - DEBUG - Scheduling due tasks
2026-01-19 15:46:13,299 - DEBUG - >>> None: [b'EVALSHA', b'39773dffbc51ce836d528fa7bc63e81067cfaea6', b'2', b'fastmcp:queue', b'fastmcp:stream', b'1768817773.299077', b'fastmcp']
2026-01-19 15:46:13,432 - DEBUG - Getting redeliveries
2026-01-19 15:46:13,433 - DEBUG - >>> None: [b'XAUTOCLAIM', b'fastmcp:stream', b'docket-workers', b'DESKTOP-EP5TI1Q#20692', b'300000', b'0-0', b'COUNT', b'10']
2026-01-19 15:46:13,433 - DEBUG - Getting new deliveries
2026-01-19 15:46:13,434 - DEBUG - >>> None: [b'XREADGROUP', b'GROUP', b'docket-workers', b'DESKTOP-EP5TI1Q#20692', b'COUNT', b'10', b'BLOCK', b'0', b'STREAMS', b'fastmcp:stream', b'>']
2026-01-19 15:46:13,565 - DEBUG - Scheduling due tasks
2026-01-19 15:46:13,565 - DEBUG - >>> None: [b'EVALSHA', b'39773dffbc51ce836d528fa7bc63e81067cfaea6', b'2', b'fastmcp:queue', b'fastmcp:stream', b'1768817773.565654', b'fastmcp']
2026-01-19 15:46:13,567 - DEBUG - >>> None: [b'MULTI']
2026-01-19 15:46:13,567 - DEBUG - >>> None: [b'ZREMRANGEBYSCORE', b'fastmcp:workers', b'0', b'1768817763.566744']
2026-01-19 15:46:13,567 - DEBUG - >>> None: [b'ZADD', b'fastmcp:workers', b'1768817773.566744', b'DESKTOP-EP5TI1Q#20692']
2026-01-19 15:46:13,567 - DEBUG - >>> None: [b'ZREMRANGEBYSCORE', b'fastmcp:task-workers:trace', b'0', b'1768817763.566744']
2026-01-19 15:46:13,567 - DEBUG - >>> None: [b'ZADD', b'fastmcp:task-workers:trace', b'1768817773.566744', b'DESKTOP-EP5TI1Q#20692']
2026-01-19 15:46:13,567 - DEBUG - >>> None: [b'ZREMRANGEBYSCORE', b'fastmcp:task-workers:fail', b'0', b'1768817763.566744']
2026-01-19 15:46:13,567 - DEBUG - >>> None: [b'ZADD', b'fastmcp:task-workers:fail', b'1768817773.566744', b'DESKTOP-EP5TI1Q#20692']
2026-01-19 15:46:13,567 - DEBUG - >>> None: [b'ZREMRANGEBYSCORE', b'fastmcp:task-workers:sleep', b'0', b'1768817763.566744']
2026-01-19 15:46:13,567 - DEBUG - >>> None: [b'ZADD', b'fastmcp:task-workers:sleep', b'1768817773.566744', b'DESKTOP-EP5TI1Q#20692']
2026-01-19 15:46:13,567 - DEBUG - >>> None: [b'SADD', b'fastmcp:worker-tasks:DESKTOP-EP5TI1Q#20692', b'trace', b'fail', b'sleep']
2026-01-19 15:46:13,568 - DEBUG - >>> None: [b'EXPIRE', b'fastmcp:worker-tasks:DESKTOP-EP5TI1Q#20692', b'10']
2026-01-19 15:46:13,568 - DEBUG - >>> None: [b'EXEC']
2026-01-19 15:46:13,568 - DEBUG - >>> None: [b'MULTI']
2026-01-19 15:46:13,568 - DEBUG - >>> None: [b'XLEN', b'fastmcp:stream']
2026-01-19 15:46:13,569 - DEBUG - >>> None: [b'ZCOUNT', b'fastmcp:queue', b'0', b'1768817773.566744']
2026-01-19 15:46:13,569 - DEBUG - >>> None: [b'ZCOUNT', b'fastmcp:queue', b'1768817773.566744', b'+inf']
2026-01-19 15:46:13,569 - DEBUG - >>> None: [b'EXEC']
2026-01-19 15:46:13,698 - DEBUG - Getting redeliveries
2026-01-19 15:46:13,699 - DEBUG - >>> None: [b'XAUTOCLAIM', b'fastmcp:stream', b'docket-workers', b'DESKTOP-EP5TI1Q#20692', b'300000', b'0-0', b'COUNT', b'10']
2026-01-19 15:46:13,700 - DEBUG - Getting new deliveries
2026-01-19 15:46:13,700 - DEBUG - >>> None: [b'XREADGROUP', b'GROUP', b'docket-workers', b'DESKTOP-EP5TI1Q#20692', b'COUNT', b'10', b'BLOCK', b'0', b'STREAMS', b'fastmcp:stream', b'>']
2026-01-19 15:46:13,829 - DEBUG - Scheduling due tasks
2026-01-19 15:46:13,829 - DEBUG - >>> None: [b'EVALSHA', b'39773dffbc51ce836d528fa7bc63e81067cfaea6', b'2', b'fastmcp:queue', b'fastmcp:stream', b'1768817773.82954', b'fastmcp']
2026-01-19 15:46:13,964 - DEBUG - Getting redeliveries
2026-01-19 15:46:13,964 - DEBUG - >>> None: [b'XAUTOCLAIM', b'fastmcp:stream', b'docket-workers', b'DESKTOP-EP5TI1Q#20692', b'300000', b'0-0', b'COUNT', b'10']
2026-01-19 15:46:13,964 - DEBUG - Getting new deliveries
2026-01-19 15:46:13,964 - DEBUG - >>> None: [b'XREADGROUP', b'GROUP', b'docket-workers', b'DESKTOP-EP5TI1Q#20692', b'COUNT', b'10', b'BLOCK', b'0', b'STREAMS', b'fastmcp:stream', b'>']
2026-01-19 15:46:14,090 - DEBUG - Scheduling due tasks
2026-01-19 15:46:14,090 - DEBUG - >>> None: [b'EVALSHA', b'39773dffbc51ce836d528fa7bc63e81067cfaea6', b'2', b'fastmcp:queue', b'fastmcp:stream', b'1768817774.090481', b'fastmcp']
2026-01-19 15:46:14,218 - DEBUG - Getting redeliveries
2026-01-19 15:46:14,218 - DEBUG - >>> None: [b'XAUTOCLAIM', b'fastmcp:stream', b'docket-workers', b'DESKTOP-EP5TI1Q#20692', b'300000', b'0-0', b'COUNT', b'10']
2026-01-19 15:46:14,219 - DEBUG - Getting new deliveries
2026-01-19 15:46:14,219 - DEBUG - >>> None: [b'XREADGROUP', b'GROUP', b'docket-workers', b'DESKTOP-EP5TI1Q#20692', b'COUNT', b'10', b'BLOCK', b'0', b'STREAMS', b'fastmcp:stream', b'>']
2026-01-19 15:46:14,351 - DEBUG - Scheduling due tasks
2026-01-19 15:46:14,352 - DEBUG - >>> None: [b'EVALSHA', b'39773dffbc51ce836d528fa7bc63e81067cfaea6', b'2', b'fastmcp:queue', b'fastmcp:stream', b'1768817774.352179', b'fastmcp']
2026-01-19 15:46:14,475 - DEBUG - Getting redeliveries
2026-01-19 15:46:14,476 - DEBUG - >>> None: [b'XAUTOCLAIM', b'fastmcp:stream', b'docket-workers', b'DESKTOP-EP5TI1Q#20692', b'300000', b'0-0', b'COUNT', b'10']
2026-01-19 15:46:14,476 - DEBUG - Getting new deliveries
2026-01-19 15:46:14,476 - DEBUG - >>> None: [b'XREADGROUP', b'GROUP', b'docket-workers', b'DESKTOP-EP5TI1Q#20692', b'COUNT', b'10', b'BLOCK', b'0', b'STREAMS', b'fastmcp:stream', b'>']
2026-01-19 15:46:14,615 - DEBUG - Scheduling due tasks
2026-01-19 15:46:14,615 - DEBUG - >>> None: [b'EVALSHA', b'39773dffbc51ce836d528fa7bc63e81067cfaea6', b'2', b'fastmcp:queue', b'fastmcp:stream', b'1768817774.615523', b'fastmcp']
2026-01-19 15:46:14,732 - DEBUG - Getting redeliveries
2026-01-19 15:46:14,733 - DEBUG - >>> None: [b'XAUTOCLAIM', b'fastmcp:stream', b'docket-workers', b'DESKTOP-EP5TI1Q#20692', b'300000', b'0-0', b'COUNT', b'10']
2026-01-19 15:46:14,733 - DEBUG - Getting new deliveries
2026-01-19 15:46:14,733 - DEBUG - >>> None: [b'XREADGROUP', b'GROUP', b'docket-workers', b'DESKTOP-EP5TI1Q#20692', b'COUNT', b'10', b'BLOCK', b'0', b'STREAMS', b'fastmcp:stream', b'>']
2026-01-19 15:46:14,866 - DEBUG - Scheduling due tasks
2026-01-19 15:46:14,866 - DEBUG - >>> None: [b'EVALSHA', b'39773dffbc51ce836d528fa7bc63e81067cfaea6', b'2', b'fastmcp:queue', b'fastmcp:stream', b'1768817774.86677', b'fastmcp']
2026-01-19 15:46:14,997 - DEBUG - Getting redeliveries
2026-01-19 15:46:14,997 - DEBUG - >>> None: [b'XAUTOCLAIM', b'fastmcp:stream', b'docket-workers', b'DESKTOP-EP5TI1Q#20692', b'300000', b'0-0', b'COUNT', b'10']
2026-01-19 15:46:14,997 - DEBUG - Getting new deliveries
2026-01-19 15:46:14,997 - DEBUG - >>> None: [b'XREADGROUP', b'GROUP', b'docket-workers', b'DESKTOP-EP5TI1Q#20692', b'COUNT', b'10', b'BLOCK', b'0', b'STREAMS', b'fastmcp:stream', b'>']
2026-01-19 15:46:15,127 - DEBUG - Scheduling due tasks
2026-01-19 15:46:15,127 - DEBUG - >>> None: [b'EVALSHA', b'39773dffbc51ce836d528fa7bc63e81067cfaea6', b'2', b'fastmcp:queue', b'fastmcp:stream', b'1768817775.127779', b'fastmcp']
2026-01-19 15:46:15,263 - DEBUG - Getting redeliveries
2026-01-19 15:46:15,263 - DEBUG - >>> None: [b'XAUTOCLAIM', b'fastmcp:stream', b'docket-workers', b'DESKTOP-EP5TI1Q#20692', b'300000', b'0-0', b'COUNT', b'10']
2026-01-19 15:46:15,263 - DEBUG - Getting new deliveries
2026-01-19 15:46:15,263 - DEBUG - >>> None: [b'XREADGROUP', b'GROUP', b'docket-workers', b'DESKTOP-EP5TI1Q#20692', b'COUNT', b'10', b'BLOCK', b'0', b'STREAMS', b'fastmcp:stream', b'>']
2026-01-19 15:46:15,393 - DEBUG - Scheduling due tasks
2026-01-19 15:46:15,394 - DEBUG - >>> None: [b'EVALSHA', b'39773dffbc51ce836d528fa7bc63e81067cfaea6', b'2', b'fastmcp:queue', b'fastmcp:stream', b'1768817775.394368', b'fastmcp']
2026-01-19 15:46:15,519 - DEBUG - Getting redeliveries
2026-01-19 15:46:15,520 - DEBUG - >>> None: [b'XAUTOCLAIM', b'fastmcp:stream', b'docket-workers', b'DESKTOP-EP5TI1Q#20692', b'300000', b'0-0', b'COUNT', b'10']
2026-01-19 15:46:15,520 - DEBUG - Getting new deliveries
2026-01-19 15:46:15,521 - DEBUG - >>> None: [b'XREADGROUP', b'GROUP', b'docket-workers', b'DESKTOP-EP5TI1Q#20692', b'COUNT', b'10', b'BLOCK', b'0', b'STREAMS', b'fastmcp:stream', b'>']
2026-01-19 15:46:15,574 - DEBUG - >>> None: [b'MULTI']
2026-01-19 15:46:15,575 - DEBUG - >>> None: [b'ZREMRANGEBYSCORE', b'fastmcp:workers', b'0', b'1768817765.574455']
2026-01-19 15:46:15,575 - DEBUG - >>> None: [b'ZADD', b'fastmcp:workers', b'1768817775.574455', b'DESKTOP-EP5TI1Q#20692']
2026-01-19 15:46:15,575 - DEBUG - >>> None: [b'ZREMRANGEBYSCORE', b'fastmcp:task-workers:trace', b'0', b'1768817765.574455']
2026-01-19 15:46:15,575 - DEBUG - >>> None: [b'ZADD', b'fastmcp:task-workers:trace', b'1768817775.574455', b'DESKTOP-EP5TI1Q#20692']
2026-01-19 15:46:15,575 - DEBUG - >>> None: [b'ZREMRANGEBYSCORE', b'fastmcp:task-workers:fail', b'0', b'1768817765.574455']
2026-01-19 15:46:15,575 - DEBUG - >>> None: [b'ZADD', b'fastmcp:task-workers:fail', b'1768817775.574455', b'DESKTOP-EP5TI1Q#20692']
2026-01-19 15:46:15,575 - DEBUG - >>> None: [b'ZREMRANGEBYSCORE', b'fastmcp:task-workers:sleep', b'0', b'1768817765.574455']
2026-01-19 15:46:15,575 - DEBUG - >>> None: [b'ZADD', b'fastmcp:task-workers:sleep', b'1768817775.574455', b'DESKTOP-EP5TI1Q#20692']
2026-01-19 15:46:15,575 - DEBUG - >>> None: [b'SADD', b'fastmcp:worker-tasks:DESKTOP-EP5TI1Q#20692', b'trace', b'fail', b'sleep']
2026-01-19 15:46:15,575 - DEBUG - >>> None: [b'EXPIRE', b'fastmcp:worker-tasks:DESKTOP-EP5TI1Q#20692', b'10']
2026-01-19 15:46:15,575 - DEBUG - >>> None: [b'EXEC']
2026-01-19 15:46:15,576 - DEBUG - >>> None: [b'MULTI']
2026-01-19 15:46:15,577 - DEBUG - >>> None: [b'XLEN', b'fastmcp:stream']
2026-01-19 15:46:15,577 - DEBUG - >>> None: [b'ZCOUNT', b'fastmcp:queue', b'0', b'1768817775.574455']
2026-01-19 15:46:15,577 - DEBUG - >>> None: [b'ZCOUNT', b'fastmcp:queue', b'1768817775.574455', b'+inf']
2026-01-19 15:46:15,577 - DEBUG - >>> None: [b'EXEC']
2026-01-19 15:46:15,649 - DEBUG - Scheduling due tasks
2026-01-19 15:46:15,650 - DEBUG - >>> None: [b'EVALSHA', b'39773dffbc51ce836d528fa7bc63e81067cfaea6', b'2', b'fastmcp:queue', b'fastmcp:stream', b'1768817775.649893', b'fastmcp']
2026-01-19 15:46:15,773 - DEBUG - Getting redeliveries
2026-01-19 15:46:15,773 - DEBUG - >>> None: [b'XAUTOCLAIM', b'fastmcp:stream', b'docket-workers', b'DESKTOP-EP5TI1Q#20692', b'300000', b'0-0', b'COUNT', b'10']
2026-01-19 15:46:15,774 - DEBUG - Getting new deliveries
2026-01-19 15:46:15,774 - DEBUG - >>> None: [b'XREADGROUP', b'GROUP', b'docket-workers', b'DESKTOP-EP5TI1Q#20692', b'COUNT', b'10', b'BLOCK', b'0', b'STREAMS', b'fastmcp:stream', b'>']
2026-01-19 15:46:15,907 - DEBUG - Scheduling due tasks
2026-01-19 15:46:15,907 - DEBUG - >>> None: [b'EVALSHA', b'39773dffbc51ce836d528fa7bc63e81067cfaea6', b'2', b'fastmcp:queue', b'fastmcp:stream', b'1768817775.907624', b'fastmcp']
2026-01-19 15:46:16,032 - DEBUG - Getting redeliveries
2026-01-19 15:46:16,033 - DEBUG - >>> None: [b'XAUTOCLAIM', b'fastmcp:stream', b'docket-workers', b'DESKTOP-EP5TI1Q#20692', b'300000', b'0-0', b'COUNT', b'10']
2026-01-19 15:46:16,033 - DEBUG - Getting new deliveries
2026-01-19 15:46:16,033 - DEBUG - >>> None: [b'XREADGROUP', b'GROUP', b'docket-workers', b'DESKTOP-EP5TI1Q#20692', b'COUNT', b'10', b'BLOCK', b'0', b'STREAMS', b'fastmcp:stream', b'>']
2026-01-19 15:46:16,163 - DEBUG - Scheduling due tasks
2026-01-19 15:46:16,163 - DEBUG - >>> None: [b'EVALSHA', b'39773dffbc51ce836d528fa7bc63e81067cfaea6', b'2', b'fastmcp:queue', b'fastmcp:stream', b'1768817776.163574', b'fastmcp']
2026-01-19 15:46:16,296 - DEBUG - Getting redeliveries
2026-01-19 15:46:16,296 - DEBUG - >>> None: [b'XAUTOCLAIM', b'fastmcp:stream', b'docket-workers', b'DESKTOP-EP5TI1Q#20692', b'300000', b'0-0', b'COUNT', b'10']
2026-01-19 15:46:16,296 - DEBUG - Getting new deliveries
2026-01-19 15:46:16,297 - DEBUG - >>> None: [b'XREADGROUP', b'GROUP', b'docket-workers', b'DESKTOP-EP5TI1Q#20692', b'COUNT', b'10', b'BLOCK', b'0', b'STREAMS', b'fastmcp:stream', b'>']
2026-01-19 15:46:16,425 - DEBUG - Scheduling due tasks
2026-01-19 15:46:16,426 - DEBUG - >>> None: [b'EVALSHA', b'39773dffbc51ce836d528fa7bc63e81067cfaea6', b'2', b'fastmcp:queue', b'fastmcp:stream', b'1768817776.426086', b'fastmcp']
2026-01-19 15:46:16,549 - DEBUG - Getting redeliveries
2026-01-19 15:46:16,549 - DEBUG - >>> None: [b'XAUTOCLAIM', b'fastmcp:stream', b'docket-workers', b'DESKTOP-EP5TI1Q#20692', b'300000', b'0-0', b'COUNT', b'10']
2026-01-19 15:46:16,550 - DEBUG - Getting new deliveries
2026-01-19 15:46:16,550 - DEBUG - >>> None: [b'XREADGROUP', b'GROUP', b'docket-workers', b'DESKTOP-EP5TI1Q#20692', b'COUNT', b'10', b'BLOCK', b'0', b'STREAMS', b'fastmcp:stream', b'>']
2026-01-19 15:46:16,683 - DEBUG - Scheduling due tasks
2026-01-19 15:46:16,683 - DEBUG - >>> None: [b'EVALSHA', b'39773dffbc51ce836d528fa7bc63e81067cfaea6', b'2', b'fastmcp:queue', b'fastmcp:stream', b'1768817776.683375', b'fastmcp']
2026-01-19 15:46:16,809 - DEBUG - Getting redeliveries
2026-01-19 15:46:16,810 - DEBUG - >>> None: [b'XAUTOCLAIM', b'fastmcp:stream', b'docket-workers', b'DESKTOP-EP5TI1Q#20692', b'300000', b'0-0', b'COUNT', b'10']
2026-01-19 15:46:16,810 - DEBUG - Getting new deliveries
2026-01-19 15:46:16,810 - DEBUG - >>> None: [b'XREADGROUP', b'GROUP', b'docket-workers', b'DESKTOP-EP5TI1Q#20692', b'COUNT', b'10', b'BLOCK', b'0', b'STREAMS', b'fastmcp:stream', b'>']
2026-01-19 15:46:16,943 - DEBUG - Scheduling due tasks
2026-01-19 15:46:16,944 - DEBUG - >>> None: [b'EVALSHA', b'39773dffbc51ce836d528fa7bc63e81067cfaea6', b'2', b'fastmcp:queue', b'fastmcp:stream', b'1768817776.944155', b'fastmcp']
2026-01-19 15:46:17,066 - DEBUG - Getting redeliveries
2026-01-19 15:46:17,066 - DEBUG - >>> None: [b'XAUTOCLAIM', b'fastmcp:stream', b'docket-workers', b'DESKTOP-EP5TI1Q#20692', b'300000', b'0-0', b'COUNT', b'10']
2026-01-19 15:46:17,067 - DEBUG - Getting new deliveries
2026-01-19 15:46:17,067 - DEBUG - >>> None: [b'XREADGROUP', b'GROUP', b'docket-workers', b'DESKTOP-EP5TI1Q#20692', b'COUNT', b'10', b'BLOCK', b'0', b'STREAMS', b'fastmcp:stream', b'>']
2026-01-19 15:46:17,199 - DEBUG - Scheduling due tasks
2026-01-19 15:46:17,200 - DEBUG - >>> None: [b'EVALSHA', b'39773dffbc51ce836d528fa7bc63e81067cfaea6', b'2', b'fastmcp:queue', b'fastmcp:stream', b'1768817777.200049', b'fastmcp']
2026-01-19 15:46:17,329 - DEBUG - Getting redeliveries
2026-01-19 15:46:17,330 - DEBUG - >>> None: [b'XAUTOCLAIM', b'fastmcp:stream', b'docket-workers', b'DESKTOP-EP5TI1Q#20692', b'300000', b'0-0', b'COUNT', b'10']
2026-01-19 15:46:17,330 - DEBUG - Getting new deliveries
2026-01-19 15:46:17,330 - DEBUG - >>> None: [b'XREADGROUP', b'GROUP', b'docket-workers', b'DESKTOP-EP5TI1Q#20692', b'COUNT', b'10', b'BLOCK', b'0', b'STREAMS', b'fastmcp:stream', b'>']
2026-01-19 15:46:17,458 - DEBUG - Scheduling due tasks
2026-01-19 15:46:17,459 - DEBUG - >>> None: [b'EVALSHA', b'39773dffbc51ce836d528fa7bc63e81067cfaea6', b'2', b'fastmcp:queue', b'fastmcp:stream', b'1768817777.459329', b'fastmcp']
2026-01-19 15:46:17,588 - DEBUG - >>> None: [b'MULTI']
2026-01-19 15:46:17,588 - DEBUG - >>> None: [b'ZREMRANGEBYSCORE', b'fastmcp:workers', b'0', b'1768817767.587464']
2026-01-19 15:46:17,588 - DEBUG - >>> None: [b'ZADD', b'fastmcp:workers', b'1768817777.587464', b'DESKTOP-EP5TI1Q#20692']
2026-01-19 15:46:17,588 - DEBUG - >>> None: [b'ZREMRANGEBYSCORE', b'fastmcp:task-workers:trace', b'0', b'1768817767.587464']
2026-01-19 15:46:17,589 - DEBUG - >>> None: [b'ZADD', b'fastmcp:task-workers:trace', b'1768817777.587464', b'DESKTOP-EP5TI1Q#20692']
2026-01-19 15:46:17,589 - DEBUG - >>> None: [b'ZREMRANGEBYSCORE', b'fastmcp:task-workers:fail', b'0', b'1768817767.587464']
2026-01-19 15:46:17,589 - DEBUG - >>> None: [b'ZADD', b'fastmcp:task-workers:fail', b'1768817777.587464', b'DESKTOP-EP5TI1Q#20692']
2026-01-19 15:46:17,589 - DEBUG - >>> None: [b'ZREMRANGEBYSCORE', b'fastmcp:task-workers:sleep', b'0', b'1768817767.587464']
2026-01-19 15:46:17,589 - DEBUG - >>> None: [b'ZADD', b'fastmcp:task-workers:sleep', b'1768817777.587464', b'DESKTOP-EP5TI1Q#20692']
2026-01-19 15:46:17,589 - DEBUG - >>> None: [b'SADD', b'fastmcp:worker-tasks:DESKTOP-EP5TI1Q#20692', b'trace', b'fail', b'sleep']
2026-01-19 15:46:17,589 - DEBUG - >>> None: [b'EXPIRE', b'fastmcp:worker-tasks:DESKTOP-EP5TI1Q#20692', b'10']
2026-01-19 15:46:17,590 - DEBUG - >>> None: [b'EXEC']
2026-01-19 15:46:17,591 - DEBUG - >>> None: [b'MULTI']
2026-01-19 15:46:17,591 - DEBUG - >>> None: [b'XLEN', b'fastmcp:stream']
2026-01-19 15:46:17,591 - DEBUG - >>> None: [b'ZCOUNT', b'fastmcp:queue', b'0', b'1768817777.587464']
2026-01-19 15:46:17,592 - DEBUG - >>> None: [b'ZCOUNT', b'fastmcp:queue', b'1768817777.587464', b'+inf']
2026-01-19 15:46:17,592 - DEBUG - >>> None: [b'EXEC']
2026-01-19 15:46:17,592 - DEBUG - Getting redeliveries
2026-01-19 15:46:17,593 - DEBUG - >>> None: [b'XAUTOCLAIM', b'fastmcp:stream', b'docket-workers', b'DESKTOP-EP5TI1Q#20692', b'300000', b'0-0', b'COUNT', b'10']
2026-01-19 15:46:17,593 - DEBUG - Getting new deliveries
2026-01-19 15:46:17,593 - DEBUG - >>> None: [b'XREADGROUP', b'GROUP', b'docket-workers', b'DESKTOP-EP5TI1Q#20692', b'COUNT', b'10', b'BLOCK', b'0', b'STREAMS', b'fastmcp:stream', b'>']
2026-01-19 15:46:17,716 - DEBUG - Scheduling due tasks
2026-01-19 15:46:17,717 - DEBUG - >>> None: [b'EVALSHA', b'39773dffbc51ce836d528fa7bc63e81067cfaea6', b'2', b'fastmcp:queue', b'fastmcp:stream', b'1768817777.716925', b'fastmcp']
2026-01-19 15:46:17,849 - DEBUG - Getting redeliveries
2026-01-19 15:46:17,849 - DEBUG - >>> None: [b'XAUTOCLAIM', b'fastmcp:stream', b'docket-workers', b'DESKTOP-EP5TI1Q#20692', b'300000', b'0-0', b'COUNT', b'10']
2026-01-19 15:46:17,850 - DEBUG - Getting new deliveries
2026-01-19 15:46:17,850 - DEBUG - >>> None: [b'XREADGROUP', b'GROUP', b'docket-workers', b'DESKTOP-EP5TI1Q#20692', b'COUNT', b'10', b'BLOCK', b'0', b'STREAMS', b'fastmcp:stream', b'>']
2026-01-19 15:46:17,977 - DEBUG - Scheduling due tasks
2026-01-19 15:46:17,978 - DEBUG - >>> None: [b'EVALSHA', b'39773dffbc51ce836d528fa7bc63e81067cfaea6', b'2', b'fastmcp:queue', b'fastmcp:stream', b'1768817777.978369', b'fastmcp']
2026-01-19 15:46:18,110 - DEBUG - Getting redeliveries
2026-01-19 15:46:18,111 - DEBUG - >>> None: [b'XAUTOCLAIM', b'fastmcp:stream', b'docket-workers', b'DESKTOP-EP5TI1Q#20692', b'300000', b'0-0', b'COUNT', b'10']
2026-01-19 15:46:18,112 - DEBUG - Getting new deliveries
2026-01-19 15:46:18,112 - DEBUG - >>> None: [b'XREADGROUP', b'GROUP', b'docket-workers', b'DESKTOP-EP5TI1Q#20692', b'COUNT', b'10', b'BLOCK', b'0', b'STREAMS', b'fastmcp:stream', b'>']
2026-01-19 15:46:18,250 - DEBUG - Scheduling due tasks
2026-01-19 15:46:18,250 - DEBUG - >>> None: [b'EVALSHA', b'39773dffbc51ce836d528fa7bc63e81067cfaea6', b'2', b'fastmcp:queue', b'fastmcp:stream', b'1768817778.250292', b'fastmcp']
2026-01-19 15:46:18,366 - DEBUG - Getting redeliveries
2026-01-19 15:46:18,366 - DEBUG - >>> None: [b'XAUTOCLAIM', b'fastmcp:stream', b'docket-workers', b'DESKTOP-EP5TI1Q#20692', b'300000', b'0-0', b'COUNT', b'10']
2026-01-19 15:46:18,367 - DEBUG - Getting new deliveries
2026-01-19 15:46:18,367 - DEBUG - >>> None: [b'XREADGROUP', b'GROUP', b'docket-workers', b'DESKTOP-EP5TI1Q#20692', b'COUNT', b'10', b'BLOCK', b'0', b'STREAMS', b'fastmcp:stream', b'>']
2026-01-19 15:46:18,511 - DEBUG - Scheduling due tasks
2026-01-19 15:46:18,512 - DEBUG - >>> None: [b'EVALSHA', b'39773dffbc51ce836d528fa7bc63e81067cfaea6', b'2', b'fastmcp:queue', b'fastmcp:stream', b'1768817778.511962', b'fastmcp']
2026-01-19 15:46:18,624 - DEBUG - Getting redeliveries
2026-01-19 15:46:18,625 - DEBUG - >>> None: [b'XAUTOCLAIM', b'fastmcp:stream', b'docket-workers', b'DESKTOP-EP5TI1Q#20692', b'300000', b'0-0', b'COUNT', b'10']
2026-01-19 15:46:18,625 - DEBUG - Getting new deliveries
2026-01-19 15:46:18,626 - DEBUG - >>> None: [b'XREADGROUP', b'GROUP', b'docket-workers', b'DESKTOP-EP5TI1Q#20692', b'COUNT', b'10', b'BLOCK', b'0', b'STREAMS', b'fastmcp:stream', b'>']
2026-01-19 15:46:18,765 - DEBUG - Scheduling due tasks
2026-01-19 15:46:18,766 - DEBUG - >>> None: [b'EVALSHA', b'39773dffbc51ce836d528fa7bc63e81067cfaea6', b'2', b'fastmcp:queue', b'fastmcp:stream', b'1768817778.766099', b'fastmcp']
2026-01-19 15:46:18,889 - DEBUG - Getting redeliveries
2026-01-19 15:46:18,889 - DEBUG - >>> None: [b'XAUTOCLAIM', b'fastmcp:stream', b'docket-workers', b'DESKTOP-EP5TI1Q#20692', b'300000', b'0-0', b'COUNT', b'10']
2026-01-19 15:46:18,889 - DEBUG - Getting new deliveries
2026-01-19 15:46:18,889 - DEBUG - >>> None: [b'XREADGROUP', b'GROUP', b'docket-workers', b'DESKTOP-EP5TI1Q#20692', b'COUNT', b'10', b'BLOCK', b'0', b'STREAMS', b'fastmcp:stream', b'>']
2026-01-19 15:46:19,033 - DEBUG - Scheduling due tasks
2026-01-19 15:46:19,033 - DEBUG - >>> None: [b'EVALSHA', b'39773dffbc51ce836d528fa7bc63e81067cfaea6', b'2', b'fastmcp:queue', b'fastmcp:stream', b'1768817779.033472', b'fastmcp']
2026-01-19 15:46:19,144 - DEBUG - Getting redeliveries
2026-01-19 15:46:19,144 - DEBUG - >>> None: [b'XAUTOCLAIM', b'fastmcp:stream', b'docket-workers', b'DESKTOP-EP5TI1Q#20692', b'300000', b'0-0', b'COUNT', b'10']
2026-01-19 15:46:19,144 - DEBUG - Getting new deliveries
2026-01-19 15:46:19,144 - DEBUG - >>> None: [b'XREADGROUP', b'GROUP', b'docket-workers', b'DESKTOP-EP5TI1Q#20692', b'COUNT', b'10', b'BLOCK', b'0', b'STREAMS', b'fastmcp:stream', b'>']
2026-01-19 15:46:19,291 - DEBUG - Scheduling due tasks
2026-01-19 15:46:19,291 - DEBUG - >>> None: [b'EVALSHA', b'39773dffbc51ce836d528fa7bc63e81067cfaea6', b'2', b'fastmcp:queue', b'fastmcp:stream', b'1768817779.291324', b'fastmcp']
2026-01-19 15:46:19,399 - DEBUG - Getting redeliveries
2026-01-19 15:46:19,400 - DEBUG - >>> None: [b'XAUTOCLAIM', b'fastmcp:stream', b'docket-workers', b'DESKTOP-EP5TI1Q#20692', b'300000', b'0-0', b'COUNT', b'10']
2026-01-19 15:46:19,400 - DEBUG - Getting new deliveries
2026-01-19 15:46:19,400 - DEBUG - >>> None: [b'XREADGROUP', b'GROUP', b'docket-workers', b'DESKTOP-EP5TI1Q#20692', b'COUNT', b'10', b'BLOCK', b'0', b'STREAMS', b'fastmcp:stream', b'>']
2026-01-19 15:46:19,548 - DEBUG - Scheduling due tasks
2026-01-19 15:46:19,549 - DEBUG - >>> None: [b'EVALSHA', b'39773dffbc51ce836d528fa7bc63e81067cfaea6', b'2', b'fastmcp:queue', b'fastmcp:stream', b'1768817779.548965', b'fastmcp']
2026-01-19 15:46:19,598 - DEBUG - >>> None: [b'MULTI']
2026-01-19 15:46:19,598 - DEBUG - >>> None: [b'ZREMRANGEBYSCORE', b'fastmcp:workers', b'0', b'1768817769.597638']
2026-01-19 15:46:19,599 - DEBUG - >>> None: [b'ZADD', b'fastmcp:workers', b'1768817779.597638', b'DESKTOP-EP5TI1Q#20692']
2026-01-19 15:46:19,599 - DEBUG - >>> None: [b'ZREMRANGEBYSCORE', b'fastmcp:task-workers:trace', b'0', b'1768817769.597638']
2026-01-19 15:46:19,599 - DEBUG - >>> None: [b'ZADD', b'fastmcp:task-workers:trace', b'1768817779.597638', b'DESKTOP-EP5TI1Q#20692']
2026-01-19 15:46:19,599 - DEBUG - >>> None: [b'ZREMRANGEBYSCORE', b'fastmcp:task-workers:fail', b'0', b'1768817769.597638']
2026-01-19 15:46:19,599 - DEBUG - >>> None: [b'ZADD', b'fastmcp:task-workers:fail', b'1768817779.597638', b'DESKTOP-EP5TI1Q#20692']
2026-01-19 15:46:19,600 - DEBUG - >>> None: [b'ZREMRANGEBYSCORE', b'fastmcp:task-workers:sleep', b'0', b'1768817769.597638']
2026-01-19 15:46:19,600 - DEBUG - >>> None: [b'ZADD', b'fastmcp:task-workers:sleep', b'1768817779.597638', b'DESKTOP-EP5TI1Q#20692']
2026-01-19 15:46:19,600 - DEBUG - >>> None: [b'SADD', b'fastmcp:worker-tasks:DESKTOP-EP5TI1Q#20692', b'trace', b'fail', b'sleep']
2026-01-19 15:46:19,600 - DEBUG - >>> None: [b'EXPIRE', b'fastmcp:worker-tasks:DESKTOP-EP5TI1Q#20692', b'10']
2026-01-19 15:46:19,600 - DEBUG - >>> None: [b'EXEC']
2026-01-19 15:46:19,602 - DEBUG - >>> None: [b'MULTI']
2026-01-19 15:46:19,602 - DEBUG - >>> None: [b'XLEN', b'fastmcp:stream']
2026-01-19 15:46:19,602 - DEBUG - >>> None: [b'ZCOUNT', b'fastmcp:queue', b'0', b'1768817779.597638']
2026-01-19 15:46:19,602 - DEBUG - >>> None: [b'ZCOUNT', b'fastmcp:queue', b'1768817779.597638', b'+inf']
2026-01-19 15:46:19,603 - DEBUG - >>> None: [b'EXEC']
2026-01-19 15:46:19,660 - DEBUG - Getting redeliveries
2026-01-19 15:46:19,660 - DEBUG - >>> None: [b'XAUTOCLAIM', b'fastmcp:stream', b'docket-workers', b'DESKTOP-EP5TI1Q#20692', b'300000', b'0-0', b'COUNT', b'10']
2026-01-19 15:46:19,661 - DEBUG - Getting new deliveries
2026-01-19 15:46:19,661 - DEBUG - >>> None: [b'XREADGROUP', b'GROUP', b'docket-workers', b'DESKTOP-EP5TI1Q#20692', b'COUNT', b'10', b'BLOCK', b'0', b'STREAMS', b'fastmcp:stream', b'>']
2026-01-19 15:46:19,808 - DEBUG - Scheduling due tasks
2026-01-19 15:46:19,808 - DEBUG - >>> None: [b'EVALSHA', b'39773dffbc51ce836d528fa7bc63e81067cfaea6', b'2', b'fastmcp:queue', b'fastmcp:stream', b'1768817779.808659', b'fastmcp']
2026-01-19 15:46:19,914 - DEBUG - Getting redeliveries
2026-01-19 15:46:19,914 - DEBUG - >>> None: [b'XAUTOCLAIM', b'fastmcp:stream', b'docket-workers', b'DESKTOP-EP5TI1Q#20692', b'300000', b'0-0', b'COUNT', b'10']
2026-01-19 15:46:19,915 - DEBUG - Getting new deliveries
2026-01-19 15:46:19,915 - DEBUG - >>> None: [b'XREADGROUP', b'GROUP', b'docket-workers', b'DESKTOP-EP5TI1Q#20692', b'COUNT', b'10', b'BLOCK', b'0', b'STREAMS', b'fastmcp:stream', b'>']
2026-01-19 15:46:20,061 - DEBUG - Scheduling due tasks
2026-01-19 15:46:20,061 - DEBUG - >>> None: [b'EVALSHA', b'39773dffbc51ce836d528fa7bc63e81067cfaea6', b'2', b'fastmcp:queue', b'fastmcp:stream', b'1768817780.061587', b'fastmcp']
2026-01-19 15:46:20,180 - DEBUG - Getting redeliveries
2026-01-19 15:46:20,181 - DEBUG - >>> None: [b'XAUTOCLAIM', b'fastmcp:stream', b'docket-workers', b'DESKTOP-EP5TI1Q#20692', b'300000', b'0-0', b'COUNT', b'10']
2026-01-19 15:46:20,182 - DEBUG - Getting new deliveries
2026-01-19 15:46:20,182 - DEBUG - >>> None: [b'XREADGROUP', b'GROUP', b'docket-workers', b'DESKTOP-EP5TI1Q#20692', b'COUNT', b'10', b'BLOCK', b'0', b'STREAMS', b'fastmcp:stream', b'>']
2026-01-19 15:46:20,325 - DEBUG - Scheduling due tasks
2026-01-19 15:46:20,326 - DEBUG - >>> None: [b'EVALSHA', b'39773dffbc51ce836d528fa7bc63e81067cfaea6', b'2', b'fastmcp:queue', b'fastmcp:stream', b'1768817780.325491', b'fastmcp']
2026-01-19 15:46:20,446 - DEBUG - Getting redeliveries
2026-01-19 15:46:20,446 - DEBUG - >>> None: [b'XAUTOCLAIM', b'fastmcp:stream', b'docket-workers', b'DESKTOP-EP5TI1Q#20692', b'300000', b'0-0', b'COUNT', b'10']
2026-01-19 15:46:20,446 - DEBUG - Getting new deliveries
2026-01-19 15:46:20,447 - DEBUG - >>> None: [b'XREADGROUP', b'GROUP', b'docket-workers', b'DESKTOP-EP5TI1Q#20692', b'COUNT', b'10', b'BLOCK', b'0', b'STREAMS', b'fastmcp:stream', b'>']
2026-01-19 15:46:20,581 - DEBUG - Scheduling due tasks
2026-01-19 15:46:20,581 - DEBUG - >>> None: [b'EVALSHA', b'39773dffbc51ce836d528fa7bc63e81067cfaea6', b'2', b'fastmcp:queue', b'fastmcp:stream', b'1768817780.581613', b'fastmcp']
2026-01-19 15:46:20,713 - DEBUG - Getting redeliveries
2026-01-19 15:46:20,713 - DEBUG - >>> None: [b'XAUTOCLAIM', b'fastmcp:stream', b'docket-workers', b'DESKTOP-EP5TI1Q#20692', b'300000', b'0-0', b'COUNT', b'10']
2026-01-19 15:46:20,713 - DEBUG - Getting new deliveries
2026-01-19 15:46:20,713 - DEBUG - >>> None: [b'XREADGROUP', b'GROUP', b'docket-workers', b'DESKTOP-EP5TI1Q#20692', b'COUNT', b'10', b'BLOCK', b'0', b'STREAMS', b'fastmcp:stream', b'>']
2026-01-19 15:46:20,839 - DEBUG - Scheduling due tasks
2026-01-19 15:46:20,840 - DEBUG - >>> None: [b'EVALSHA', b'39773dffbc51ce836d528fa7bc63e81067cfaea6', b'2', b'fastmcp:queue', b'fastmcp:stream', b'1768817780.839955', b'fastmcp']
2026-01-19 15:46:20,967 - DEBUG - Getting redeliveries
2026-01-19 15:46:20,967 - DEBUG - >>> None: [b'XAUTOCLAIM', b'fastmcp:stream', b'docket-workers', b'DESKTOP-EP5TI1Q#20692', b'300000', b'0-0', b'COUNT', b'10']
2026-01-19 15:46:20,968 - DEBUG - Getting new deliveries
2026-01-19 15:46:20,968 - DEBUG - >>> None: [b'XREADGROUP', b'GROUP', b'docket-workers', b'DESKTOP-EP5TI1Q#20692', b'COUNT', b'10', b'BLOCK', b'0', b'STREAMS', b'fastmcp:stream', b'>']
2026-01-19 15:46:21,096 - DEBUG - Scheduling due tasks
2026-01-19 15:46:21,096 - DEBUG - >>> None: [b'EVALSHA', b'39773dffbc51ce836d528fa7bc63e81067cfaea6', b'2', b'fastmcp:queue', b'fastmcp:stream', b'1768817781.096653', b'fastmcp']
2026-01-19 15:46:21,230 - DEBUG - Getting redeliveries
2026-01-19 15:46:21,230 - DEBUG - >>> None: [b'XAUTOCLAIM', b'fastmcp:stream', b'docket-workers', b'DESKTOP-EP5TI1Q#20692', b'300000', b'0-0', b'COUNT', b'10']
2026-01-19 15:46:21,230 - DEBUG - Getting new deliveries
2026-01-19 15:46:21,230 - DEBUG - >>> None: [b'XREADGROUP', b'GROUP', b'docket-workers', b'DESKTOP-EP5TI1Q#20692', b'COUNT', b'10', b'BLOCK', b'0', b'STREAMS', b'fastmcp:stream', b'>']
2026-01-19 15:46:21,349 - DEBUG - Scheduling due tasks
2026-01-19 15:46:21,350 - DEBUG - >>> None: [b'EVALSHA', b'39773dffbc51ce836d528fa7bc63e81067cfaea6', b'2', b'fastmcp:queue', b'fastmcp:stream', b'1768817781.350447', b'fastmcp']
2026-01-19 15:46:21,492 - DEBUG - Getting redeliveries
2026-01-19 15:46:21,493 - DEBUG - >>> None: [b'XAUTOCLAIM', b'fastmcp:stream', b'docket-workers', b'DESKTOP-EP5TI1Q#20692', b'300000', b'0-0', b'COUNT', b'10']
2026-01-19 15:46:21,493 - DEBUG - Getting new deliveries
2026-01-19 15:46:21,493 - DEBUG - >>> None: [b'XREADGROUP', b'GROUP', b'docket-workers', b'DESKTOP-EP5TI1Q#20692', b'COUNT', b'10', b'BLOCK', b'0', b'STREAMS', b'fastmcp:stream', b'>']
2026-01-19 15:46:21,612 - DEBUG - Scheduling due tasks
2026-01-19 15:46:21,612 - DEBUG - >>> None: [b'EVALSHA', b'39773dffbc51ce836d528fa7bc63e81067cfaea6', b'2', b'fastmcp:queue', b'fastmcp:stream', b'1768817781.612426', b'fastmcp']
2026-01-19 15:46:21,613 - DEBUG - >>> None: [b'MULTI']
2026-01-19 15:46:21,614 - DEBUG - >>> None: [b'ZREMRANGEBYSCORE', b'fastmcp:workers', b'0', b'1768817771.61349']
2026-01-19 15:46:21,614 - DEBUG - >>> None: [b'ZADD', b'fastmcp:workers', b'1768817781.61349', b'DESKTOP-EP5TI1Q#20692']
2026-01-19 15:46:21,614 - DEBUG - >>> None: [b'ZREMRANGEBYSCORE', b'fastmcp:task-workers:trace', b'0', b'1768817771.61349']
2026-01-19 15:46:21,614 - DEBUG - >>> None: [b'ZADD', b'fastmcp:task-workers:trace', b'1768817781.61349', b'DESKTOP-EP5TI1Q#20692']
2026-01-19 15:46:21,614 - DEBUG - >>> None: [b'ZREMRANGEBYSCORE', b'fastmcp:task-workers:fail', b'0', b'1768817771.61349']
2026-01-19 15:46:21,614 - DEBUG - >>> None: [b'ZADD', b'fastmcp:task-workers:fail', b'1768817781.61349', b'DESKTOP-EP5TI1Q#20692']
2026-01-19 15:46:21,614 - DEBUG - >>> None: [b'ZREMRANGEBYSCORE', b'fastmcp:task-workers:sleep', b'0', b'1768817771.61349']
2026-01-19 15:46:21,614 - DEBUG - >>> None: [b'ZADD', b'fastmcp:task-workers:sleep', b'1768817781.61349', b'DESKTOP-EP5TI1Q#20692']
2026-01-19 15:46:21,614 - DEBUG - >>> None: [b'SADD', b'fastmcp:worker-tasks:DESKTOP-EP5TI1Q#20692', b'trace', b'fail', b'sleep']
2026-01-19 15:46:21,614 - DEBUG - >>> None: [b'EXPIRE', b'fastmcp:worker-tasks:DESKTOP-EP5TI1Q#20692', b'10']
2026-01-19 15:46:21,614 - DEBUG - >>> None: [b'EXEC']
2026-01-19 15:46:21,615 - DEBUG - >>> None: [b'MULTI']
2026-01-19 15:46:21,615 - DEBUG - >>> None: [b'XLEN', b'fastmcp:stream']
2026-01-19 15:46:21,615 - DEBUG - >>> None: [b'ZCOUNT', b'fastmcp:queue', b'0', b'1768817781.61349']
2026-01-19 15:46:21,615 - DEBUG - >>> None: [b'ZCOUNT', b'fastmcp:queue', b'1768817781.61349', b'+inf']
2026-01-19 15:46:21,615 - DEBUG - >>> None: [b'EXEC']
2026-01-19 15:46:21,748 - DEBUG - Getting redeliveries
2026-01-19 15:46:21,748 - DEBUG - >>> None: [b'XAUTOCLAIM', b'fastmcp:stream', b'docket-workers', b'DESKTOP-EP5TI1Q#20692', b'300000', b'0-0', b'COUNT', b'10']
2026-01-19 15:46:21,748 - DEBUG - Getting new deliveries
2026-01-19 15:46:21,748 - DEBUG - >>> None: [b'XREADGROUP', b'GROUP', b'docket-workers', b'DESKTOP-EP5TI1Q#20692', b'COUNT', b'10', b'BLOCK', b'0', b'STREAMS', b'fastmcp:stream', b'>']
2026-01-19 15:46:21,866 - DEBUG - Scheduling due tasks
2026-01-19 15:46:21,867 - DEBUG - >>> None: [b'EVALSHA', b'39773dffbc51ce836d528fa7bc63e81067cfaea6', b'2', b'fastmcp:queue', b'fastmcp:stream', b'1768817781.867013', b'fastmcp']
2026-01-19 15:46:22,007 - DEBUG - Getting redeliveries
2026-01-19 15:46:22,007 - DEBUG - >>> None: [b'XAUTOCLAIM', b'fastmcp:stream', b'docket-workers', b'DESKTOP-EP5TI1Q#20692', b'300000', b'0-0', b'COUNT', b'10']
2026-01-19 15:46:22,008 - DEBUG - Getting new deliveries
2026-01-19 15:46:22,008 - DEBUG - >>> None: [b'XREADGROUP', b'GROUP', b'docket-workers', b'DESKTOP-EP5TI1Q#20692', b'COUNT', b'10', b'BLOCK', b'0', b'STREAMS', b'fastmcp:stream', b'>']
2026-01-19 15:46:22,133 - DEBUG - Scheduling due tasks
2026-01-19 15:46:22,134 - DEBUG - >>> None: [b'EVALSHA', b'39773dffbc51ce836d528fa7bc63e81067cfaea6', b'2', b'fastmcp:queue', b'fastmcp:stream', b'1768817782.134023', b'fastmcp']
2026-01-19 15:46:22,261 - DEBUG - Getting redeliveries
2026-01-19 15:46:22,261 - DEBUG - >>> None: [b'XAUTOCLAIM', b'fastmcp:stream', b'docket-workers', b'DESKTOP-EP5TI1Q#20692', b'300000', b'0-0', b'COUNT', b'10']
2026-01-19 15:46:22,262 - DEBUG - Getting new deliveries
2026-01-19 15:46:22,262 - DEBUG - >>> None: [b'XREADGROUP', b'GROUP', b'docket-workers', b'DESKTOP-EP5TI1Q#20692', b'COUNT', b'10', b'BLOCK', b'0', b'STREAMS', b'fastmcp:stream', b'>']
2026-01-19 15:46:22,396 - DEBUG - Scheduling due tasks
2026-01-19 15:46:22,397 - DEBUG - >>> None: [b'EVALSHA', b'39773dffbc51ce836d528fa7bc63e81067cfaea6', b'2', b'fastmcp:queue', b'fastmcp:stream', b'1768817782.397253', b'fastmcp']
2026-01-19 15:46:22,516 - DEBUG - Getting redeliveries
2026-01-19 15:46:22,517 - DEBUG - >>> None: [b'XAUTOCLAIM', b'fastmcp:stream', b'docket-workers', b'DESKTOP-EP5TI1Q#20692', b'300000', b'0-0', b'COUNT', b'10']
2026-01-19 15:46:22,518 - DEBUG - Getting new deliveries
2026-01-19 15:46:22,519 - DEBUG - >>> None: [b'XREADGROUP', b'GROUP', b'docket-workers', b'DESKTOP-EP5TI1Q#20692', b'COUNT', b'10', b'BLOCK', b'0', b'STREAMS', b'fastmcp:stream', b'>']
2026-01-19 15:46:22,660 - DEBUG - Scheduling due tasks
2026-01-19 15:46:22,696 - DEBUG - >>> None: [b'EVALSHA', b'39773dffbc51ce836d528fa7bc63e81067cfaea6', b'2', b'fastmcp:queue', b'fastmcp:stream', b'1768817782.696012', b'fastmcp']
2026-01-19 15:46:22,780 - DEBUG - Getting redeliveries
2026-01-19 15:46:22,780 - DEBUG - >>> None: [b'XAUTOCLAIM', b'fastmcp:stream', b'docket-workers', b'DESKTOP-EP5TI1Q#20692', b'300000', b'0-0', b'COUNT', b'10']
2026-01-19 15:46:22,780 - DEBUG - Getting new deliveries
2026-01-19 15:46:22,780 - DEBUG - >>> None: [b'XREADGROUP', b'GROUP', b'docket-workers', b'DESKTOP-EP5TI1Q#20692', b'COUNT', b'10', b'BLOCK', b'0', b'STREAMS', b'fastmcp:stream', b'>']
2026-01-19 15:46:22,948 - DEBUG - Scheduling due tasks
2026-01-19 15:46:22,948 - DEBUG - >>> None: [b'EVALSHA', b'39773dffbc51ce836d528fa7bc63e81067cfaea6', b'2', b'fastmcp:queue', b'fastmcp:stream', b'1768817782.948797', b'fastmcp']
2026-01-19 15:46:23,033 - DEBUG - Getting redeliveries
2026-01-19 15:46:23,034 - DEBUG - >>> None: [b'XAUTOCLAIM', b'fastmcp:stream', b'docket-workers', b'DESKTOP-EP5TI1Q#20692', b'300000', b'0-0', b'COUNT', b'10']
2026-01-19 15:46:23,034 - DEBUG - Getting new deliveries
2026-01-19 15:46:23,034 - DEBUG - >>> None: [b'XREADGROUP', b'GROUP', b'docket-workers', b'DESKTOP-EP5TI1Q#20692', b'COUNT', b'10', b'BLOCK', b'0', b'STREAMS', b'fastmcp:stream', b'>']
2026-01-19 15:46:23,209 - DEBUG - Scheduling due tasks
2026-01-19 15:46:23,209 - DEBUG - >>> None: [b'EVALSHA', b'39773dffbc51ce836d528fa7bc63e81067cfaea6', b'2', b'fastmcp:queue', b'fastmcp:stream', b'1768817783.209571', b'fastmcp']
2026-01-19 15:46:23,292 - DEBUG - Getting redeliveries
2026-01-19 15:46:23,293 - DEBUG - >>> None: [b'XAUTOCLAIM', b'fastmcp:stream', b'docket-workers', b'DESKTOP-EP5TI1Q#20692', b'300000', b'0-0', b'COUNT', b'10']
2026-01-19 15:46:23,293 - DEBUG - Getting new deliveries
2026-01-19 15:46:23,293 - DEBUG - >>> None: [b'XREADGROUP', b'GROUP', b'docket-workers', b'DESKTOP-EP5TI1Q#20692', b'COUNT', b'10', b'BLOCK', b'0', b'STREAMS', b'fastmcp:stream', b'>']
2026-01-19 15:46:23,468 - DEBUG - Scheduling due tasks
2026-01-19 15:46:23,469 - DEBUG - >>> None: [b'EVALSHA', b'39773dffbc51ce836d528fa7bc63e81067cfaea6', b'2', b'fastmcp:queue', b'fastmcp:stream', b'1768817783.469007', b'fastmcp']
2026-01-19 15:46:23,548 - DEBUG - Getting redeliveries
2026-01-19 15:46:23,549 - DEBUG - >>> None: [b'XAUTOCLAIM', b'fastmcp:stream', b'docket-workers', b'DESKTOP-EP5TI1Q#20692', b'300000', b'0-0', b'COUNT', b'10']
2026-01-19 15:46:23,549 - DEBUG - Getting new deliveries
2026-01-19 15:46:23,550 - DEBUG - >>> None: [b'XREADGROUP', b'GROUP', b'docket-workers', b'DESKTOP-EP5TI1Q#20692', b'COUNT', b'10', b'BLOCK', b'0', b'STREAMS', b'fastmcp:stream', b'>']
2026-01-19 15:46:23,617 - DEBUG - >>> None: [b'MULTI']
2026-01-19 15:46:23,617 - DEBUG - >>> None: [b'ZREMRANGEBYSCORE', b'fastmcp:workers', b'0', b'1768817773.616445']
2026-01-19 15:46:23,617 - DEBUG - >>> None: [b'ZADD', b'fastmcp:workers', b'1768817783.616445', b'DESKTOP-EP5TI1Q#20692']
2026-01-19 15:46:23,618 - DEBUG - >>> None: [b'ZREMRANGEBYSCORE', b'fastmcp:task-workers:trace', b'0', b'1768817773.616445']
2026-01-19 15:46:23,618 - DEBUG - >>> None: [b'ZADD', b'fastmcp:task-workers:trace', b'1768817783.616445', b'DESKTOP-EP5TI1Q#20692']
2026-01-19 15:46:23,618 - DEBUG - >>> None: [b'ZREMRANGEBYSCORE', b'fastmcp:task-workers:fail', b'0', b'1768817773.616445']
2026-01-19 15:46:23,618 - DEBUG - >>> None: [b'ZADD', b'fastmcp:task-workers:fail', b'1768817783.616445', b'DESKTOP-EP5TI1Q#20692']
2026-01-19 15:46:23,618 - DEBUG - >>> None: [b'ZREMRANGEBYSCORE', b'fastmcp:task-workers:sleep', b'0', b'1768817773.616445']
2026-01-19 15:46:23,618 - DEBUG - >>> None: [b'ZADD', b'fastmcp:task-workers:sleep', b'1768817783.616445', b'DESKTOP-EP5TI1Q#20692']
2026-01-19 15:46:23,618 - DEBUG - >>> None: [b'SADD', b'fastmcp:worker-tasks:DESKTOP-EP5TI1Q#20692', b'trace', b'fail', b'sleep']
2026-01-19 15:46:23,618 - DEBUG - >>> None: [b'EXPIRE', b'fastmcp:worker-tasks:DESKTOP-EP5TI1Q#20692', b'10']
2026-01-19 15:46:23,618 - DEBUG - >>> None: [b'EXEC']
2026-01-19 15:46:23,619 - DEBUG - >>> None: [b'MULTI']
2026-01-19 15:46:23,619 - DEBUG - >>> None: [b'XLEN', b'fastmcp:stream']
2026-01-19 15:46:23,619 - DEBUG - >>> None: [b'ZCOUNT', b'fastmcp:queue', b'0', b'1768817783.616445']
2026-01-19 15:46:23,619 - DEBUG - >>> None: [b'ZCOUNT', b'fastmcp:queue', b'1768817783.616445', b'+inf']
2026-01-19 15:46:23,619 - DEBUG - >>> None: [b'EXEC']
2026-01-19 15:46:23,725 - DEBUG - Scheduling due tasks
2026-01-19 15:46:23,725 - DEBUG - >>> None: [b'EVALSHA', b'39773dffbc51ce836d528fa7bc63e81067cfaea6', b'2', b'fastmcp:queue', b'fastmcp:stream', b'1768817783.725621', b'fastmcp']
2026-01-19 15:46:23,812 - DEBUG - Getting redeliveries
2026-01-19 15:46:23,813 - DEBUG - >>> None: [b'XAUTOCLAIM', b'fastmcp:stream', b'docket-workers', b'DESKTOP-EP5TI1Q#20692', b'300000', b'0-0', b'COUNT', b'10']
2026-01-19 15:46:23,813 - DEBUG - Getting new deliveries
2026-01-19 15:46:23,813 - DEBUG - >>> None: [b'XREADGROUP', b'GROUP', b'docket-workers', b'DESKTOP-EP5TI1Q#20692', b'COUNT', b'10', b'BLOCK', b'0', b'STREAMS', b'fastmcp:stream', b'>']
2026-01-19 15:46:23,991 - DEBUG - Scheduling due tasks
2026-01-19 15:46:23,991 - DEBUG - >>> None: [b'EVALSHA', b'39773dffbc51ce836d528fa7bc63e81067cfaea6', b'2', b'fastmcp:queue', b'fastmcp:stream', b'1768817783.991599', b'fastmcp']
2026-01-19 15:46:24,069 - DEBUG - Getting redeliveries
2026-01-19 15:46:24,069 - DEBUG - >>> None: [b'XAUTOCLAIM', b'fastmcp:stream', b'docket-workers', b'DESKTOP-EP5TI1Q#20692', b'300000', b'0-0', b'COUNT', b'10']
2026-01-19 15:46:24,070 - DEBUG - Getting new deliveries
2026-01-19 15:46:24,070 - DEBUG - >>> None: [b'XREADGROUP', b'GROUP', b'docket-workers', b'DESKTOP-EP5TI1Q#20692', b'COUNT', b'10', b'BLOCK', b'0', b'STREAMS', b'fastmcp:stream', b'>']
2026-01-19 15:46:24,245 - DEBUG - Scheduling due tasks
2026-01-19 15:46:24,246 - DEBUG - >>> None: [b'EVALSHA', b'39773dffbc51ce836d528fa7bc63e81067cfaea6', b'2', b'fastmcp:queue', b'fastmcp:stream', b'1768817784.245925', b'fastmcp']
2026-01-19 15:46:24,322 - DEBUG - Getting redeliveries
2026-01-19 15:46:24,323 - DEBUG - >>> None: [b'XAUTOCLAIM', b'fastmcp:stream', b'docket-workers', b'DESKTOP-EP5TI1Q#20692', b'300000', b'0-0', b'COUNT', b'10']
2026-01-19 15:46:24,323 - DEBUG - Getting new deliveries
2026-01-19 15:46:24,323 - DEBUG - >>> None: [b'XREADGROUP', b'GROUP', b'docket-workers', b'DESKTOP-EP5TI1Q#20692', b'COUNT', b'10', b'BLOCK', b'0', b'STREAMS', b'fastmcp:stream', b'>']
2026-01-19 15:46:24,498 - DEBUG - Scheduling due tasks
2026-01-19 15:46:24,499 - DEBUG - >>> None: [b'EVALSHA', b'39773dffbc51ce836d528fa7bc63e81067cfaea6', b'2', b'fastmcp:queue', b'fastmcp:stream', b'1768817784.49892', b'fastmcp']
2026-01-19 15:46:24,578 - DEBUG - Getting redeliveries
2026-01-19 15:46:24,578 - DEBUG - >>> None: [b'XAUTOCLAIM', b'fastmcp:stream', b'docket-workers', b'DESKTOP-EP5TI1Q#20692', b'300000', b'0-0', b'COUNT', b'10']
2026-01-19 15:46:24,579 - DEBUG - Getting new deliveries
2026-01-19 15:46:24,579 - DEBUG - >>> None: [b'XREADGROUP', b'GROUP', b'docket-workers', b'DESKTOP-EP5TI1Q#20692', b'COUNT', b'10', b'BLOCK', b'0', b'STREAMS', b'fastmcp:stream', b'>']
2026-01-19 15:46:24,766 - DEBUG - Scheduling due tasks
2026-01-19 15:46:24,766 - DEBUG - >>> None: [b'EVALSHA', b'39773dffbc51ce836d528fa7bc63e81067cfaea6', b'2', b'fastmcp:queue', b'fastmcp:stream', b'1768817784.766502', b'fastmcp']
2026-01-19 15:46:24,829 - DEBUG - Getting redeliveries
2026-01-19 15:46:24,830 - DEBUG - >>> None: [b'XAUTOCLAIM', b'fastmcp:stream', b'docket-workers', b'DESKTOP-EP5TI1Q#20692', b'300000', b'0-0', b'COUNT', b'10']
2026-01-19 15:46:24,830 - DEBUG - Getting new deliveries
2026-01-19 15:46:24,830 - DEBUG - >>> None: [b'XREADGROUP', b'GROUP', b'docket-workers', b'DESKTOP-EP5TI1Q#20692', b'COUNT', b'10', b'BLOCK', b'0', b'STREAMS', b'fastmcp:stream', b'>']
2026-01-19 15:46:25,019 - DEBUG - Scheduling due tasks
2026-01-19 15:46:25,020 - DEBUG - >>> None: [b'EVALSHA', b'39773dffbc51ce836d528fa7bc63e81067cfaea6', b'2', b'fastmcp:queue', b'fastmcp:stream', b'1768817785.020164', b'fastmcp']
2026-01-19 15:46:25,083 - DEBUG - Getting redeliveries
2026-01-19 15:46:25,083 - DEBUG - >>> None: [b'XAUTOCLAIM', b'fastmcp:stream', b'docket-workers', b'DESKTOP-EP5TI1Q#20692', b'300000', b'0-0', b'COUNT', b'10']
2026-01-19 15:46:25,084 - DEBUG - Getting new deliveries
2026-01-19 15:46:25,084 - DEBUG - >>> None: [b'XREADGROUP', b'GROUP', b'docket-workers', b'DESKTOP-EP5TI1Q#20692', b'COUNT', b'10', b'BLOCK', b'0', b'STREAMS', b'fastmcp:stream', b'>']
2026-01-19 15:46:25,281 - DEBUG - Scheduling due tasks
2026-01-19 15:46:25,281 - DEBUG - >>> None: [b'EVALSHA', b'39773dffbc51ce836d528fa7bc63e81067cfaea6', b'2', b'fastmcp:queue', b'fastmcp:stream', b'1768817785.281397', b'fastmcp']
2026-01-19 15:46:25,343 - DEBUG - Getting redeliveries
2026-01-19 15:46:25,344 - DEBUG - >>> None: [b'XAUTOCLAIM', b'fastmcp:stream', b'docket-workers', b'DESKTOP-EP5TI1Q#20692', b'300000', b'0-0', b'COUNT', b'10']
2026-01-19 15:46:25,344 - DEBUG - Getting new deliveries
2026-01-19 15:46:25,344 - DEBUG - >>> None: [b'XREADGROUP', b'GROUP', b'docket-workers', b'DESKTOP-EP5TI1Q#20692', b'COUNT', b'10', b'BLOCK', b'0', b'STREAMS', b'fastmcp:stream', b'>']
2026-01-19 15:46:25,534 - DEBUG - Scheduling due tasks
2026-01-19 15:46:25,534 - DEBUG - >>> None: [b'EVALSHA', b'39773dffbc51ce836d528fa7bc63e81067cfaea6', b'2', b'fastmcp:queue', b'fastmcp:stream', b'1768817785.534661', b'fastmcp']
2026-01-19 15:46:25,598 - DEBUG - Getting redeliveries
2026-01-19 15:46:25,598 - DEBUG - >>> None: [b'XAUTOCLAIM', b'fastmcp:stream', b'docket-workers', b'DESKTOP-EP5TI1Q#20692', b'300000', b'0-0', b'COUNT', b'10']
2026-01-19 15:46:25,598 - DEBUG - Getting new deliveries
2026-01-19 15:46:25,599 - DEBUG - >>> None: [b'XREADGROUP', b'GROUP', b'docket-workers', b'DESKTOP-EP5TI1Q#20692', b'COUNT', b'10', b'BLOCK', b'0', b'STREAMS', b'fastmcp:stream', b'>']
2026-01-19 15:46:25,630 - DEBUG - >>> None: [b'MULTI']
2026-01-19 15:46:25,631 - DEBUG - >>> None: [b'ZREMRANGEBYSCORE', b'fastmcp:workers', b'0', b'1768817775.629836']
2026-01-19 15:46:25,631 - DEBUG - >>> None: [b'ZADD', b'fastmcp:workers', b'1768817785.629836', b'DESKTOP-EP5TI1Q#20692']
2026-01-19 15:46:25,631 - DEBUG - >>> None: [b'ZREMRANGEBYSCORE', b'fastmcp:task-workers:trace', b'0', b'1768817775.629836']
2026-01-19 15:46:25,631 - DEBUG - >>> None: [b'ZADD', b'fastmcp:task-workers:trace', b'1768817785.629836', b'DESKTOP-EP5TI1Q#20692']
2026-01-19 15:46:25,631 - DEBUG - >>> None: [b'ZREMRANGEBYSCORE', b'fastmcp:task-workers:fail', b'0', b'1768817775.629836']
2026-01-19 15:46:25,631 - DEBUG - >>> None: [b'ZADD', b'fastmcp:task-workers:fail', b'1768817785.629836', b'DESKTOP-EP5TI1Q#20692']
2026-01-19 15:46:25,631 - DEBUG - >>> None: [b'ZREMRANGEBYSCORE', b'fastmcp:task-workers:sleep', b'0', b'1768817775.629836']
2026-01-19 15:46:25,631 - DEBUG - >>> None: [b'ZADD', b'fastmcp:task-workers:sleep', b'1768817785.629836', b'DESKTOP-EP5TI1Q#20692']
2026-01-19 15:46:25,632 - DEBUG - >>> None: [b'SADD', b'fastmcp:worker-tasks:DESKTOP-EP5TI1Q#20692', b'trace', b'fail', b'sleep']
2026-01-19 15:46:25,632 - DEBUG - >>> None: [b'EXPIRE', b'fastmcp:worker-tasks:DESKTOP-EP5TI1Q#20692', b'10']
2026-01-19 15:46:25,632 - DEBUG - >>> None: [b'EXEC']
2026-01-19 15:46:25,633 - DEBUG - >>> None: [b'MULTI']
2026-01-19 15:46:25,633 - DEBUG - >>> None: [b'XLEN', b'fastmcp:stream']
2026-01-19 15:46:25,633 - DEBUG - >>> None: [b'ZCOUNT', b'fastmcp:queue', b'0', b'1768817785.629836']
2026-01-19 15:46:25,634 - DEBUG - >>> None: [b'ZCOUNT', b'fastmcp:queue', b'1768817785.629836', b'+inf']
2026-01-19 15:46:25,634 - DEBUG - >>> None: [b'EXEC']
2026-01-19 15:46:25,791 - DEBUG - Scheduling due tasks
2026-01-19 15:46:25,792 - DEBUG - >>> None: [b'EVALSHA', b'39773dffbc51ce836d528fa7bc63e81067cfaea6', b'2', b'fastmcp:queue', b'fastmcp:stream', b'1768817785.792221', b'fastmcp']
2026-01-19 15:46:25,856 - DEBUG - Getting redeliveries
2026-01-19 15:46:25,856 - DEBUG - >>> None: [b'XAUTOCLAIM', b'fastmcp:stream', b'docket-workers', b'DESKTOP-EP5TI1Q#20692', b'300000', b'0-0', b'COUNT', b'10']
2026-01-19 15:46:25,857 - DEBUG - Getting new deliveries
2026-01-19 15:46:25,857 - DEBUG - >>> None: [b'XREADGROUP', b'GROUP', b'docket-workers', b'DESKTOP-EP5TI1Q#20692', b'COUNT', b'10', b'BLOCK', b'0', b'STREAMS', b'fastmcp:stream', b'>']
2026-01-19 15:46:26,049 - DEBUG - Scheduling due tasks
2026-01-19 15:46:26,049 - DEBUG - >>> None: [b'EVALSHA', b'39773dffbc51ce836d528fa7bc63e81067cfaea6', b'2', b'fastmcp:queue', b'fastmcp:stream', b'1768817786.049533', b'fastmcp']
2026-01-19 15:46:26,114 - DEBUG - Getting redeliveries
2026-01-19 15:46:26,115 - DEBUG - >>> None: [b'XAUTOCLAIM', b'fastmcp:stream', b'docket-workers', b'DESKTOP-EP5TI1Q#20692', b'300000', b'0-0', b'COUNT', b'10']
2026-01-19 15:46:26,116 - DEBUG - Getting new deliveries
2026-01-19 15:46:26,117 - DEBUG - >>> None: [b'XREADGROUP', b'GROUP', b'docket-workers', b'DESKTOP-EP5TI1Q#20692', b'COUNT', b'10', b'BLOCK', b'0', b'STREAMS', b'fastmcp:stream', b'>']
2026-01-19 15:46:26,314 - DEBUG - Scheduling due tasks
2026-01-19 15:46:26,314 - DEBUG - >>> None: [b'EVALSHA', b'39773dffbc51ce836d528fa7bc63e81067cfaea6', b'2', b'fastmcp:queue', b'fastmcp:stream', b'1768817786.314412', b'fastmcp']
2026-01-19 15:46:26,377 - DEBUG - Getting redeliveries
2026-01-19 15:46:26,378 - DEBUG - >>> None: [b'XAUTOCLAIM', b'fastmcp:stream', b'docket-workers', b'DESKTOP-EP5TI1Q#20692', b'300000', b'0-0', b'COUNT', b'10']
2026-01-19 15:46:26,378 - DEBUG - Getting new deliveries
2026-01-19 15:46:26,378 - DEBUG - >>> None: [b'XREADGROUP', b'GROUP', b'docket-workers', b'DESKTOP-EP5TI1Q#20692', b'COUNT', b'10', b'BLOCK', b'0', b'STREAMS', b'fastmcp:stream', b'>']
2026-01-19 15:46:26,566 - DEBUG - Scheduling due tasks
2026-01-19 15:46:26,567 - DEBUG - >>> None: [b'EVALSHA', b'39773dffbc51ce836d528fa7bc63e81067cfaea6', b'2', b'fastmcp:queue', b'fastmcp:stream', b'1768817786.567094', b'fastmcp']
2026-01-19 15:46:26,630 - DEBUG - Getting redeliveries
2026-01-19 15:46:26,631 - DEBUG - >>> None: [b'XAUTOCLAIM', b'fastmcp:stream', b'docket-workers', b'DESKTOP-EP5TI1Q#20692', b'300000', b'0-0', b'COUNT', b'10']
2026-01-19 15:46:26,632 - DEBUG - Getting new deliveries
2026-01-19 15:46:26,632 - DEBUG - >>> None: [b'XREADGROUP', b'GROUP', b'docket-workers', b'DESKTOP-EP5TI1Q#20692', b'COUNT', b'10', b'BLOCK', b'0', b'STREAMS', b'fastmcp:stream', b'>']
2026-01-19 15:46:26,821 - DEBUG - Scheduling due tasks
2026-01-19 15:46:26,821 - DEBUG - >>> None: [b'EVALSHA', b'39773dffbc51ce836d528fa7bc63e81067cfaea6', b'2', b'fastmcp:queue', b'fastmcp:stream', b'1768817786.821641', b'fastmcp']
2026-01-19 15:46:26,884 - DEBUG - Getting redeliveries
2026-01-19 15:46:26,885 - DEBUG - >>> None: [b'XAUTOCLAIM', b'fastmcp:stream', b'docket-workers', b'DESKTOP-EP5TI1Q#20692', b'300000', b'0-0', b'COUNT', b'10']
2026-01-19 15:46:26,885 - DEBUG - Getting new deliveries
2026-01-19 15:46:26,886 - DEBUG - >>> None: [b'XREADGROUP', b'GROUP', b'docket-workers', b'DESKTOP-EP5TI1Q#20692', b'COUNT', b'10', b'BLOCK', b'0', b'STREAMS', b'fastmcp:stream', b'>']
2026-01-19 15:46:27,075 - DEBUG - Scheduling due tasks
2026-01-19 15:46:27,076 - DEBUG - >>> None: [b'EVALSHA', b'39773dffbc51ce836d528fa7bc63e81067cfaea6', b'2', b'fastmcp:queue', b'fastmcp:stream', b'1768817787.076478', b'fastmcp']
2026-01-19 15:46:27,139 - DEBUG - Getting redeliveries
2026-01-19 15:46:27,140 - DEBUG - >>> None: [b'XAUTOCLAIM', b'fastmcp:stream', b'docket-workers', b'DESKTOP-EP5TI1Q#20692', b'300000', b'0-0', b'COUNT', b'10']
2026-01-19 15:46:27,141 - DEBUG - Getting new deliveries
2026-01-19 15:46:27,141 - DEBUG - >>> None: [b'XREADGROUP', b'GROUP', b'docket-workers', b'DESKTOP-EP5TI1Q#20692', b'COUNT', b'10', b'BLOCK', b'0', b'STREAMS', b'fastmcp:stream', b'>']
2026-01-19 15:46:27,330 - DEBUG - Scheduling due tasks
2026-01-19 15:46:27,331 - DEBUG - >>> None: [b'EVALSHA', b'39773dffbc51ce836d528fa7bc63e81067cfaea6', b'2', b'fastmcp:queue', b'fastmcp:stream', b'1768817787.331323', b'fastmcp']
2026-01-19 15:46:27,395 - DEBUG - Getting redeliveries
2026-01-19 15:46:27,395 - DEBUG - >>> None: [b'XAUTOCLAIM', b'fastmcp:stream', b'docket-workers', b'DESKTOP-EP5TI1Q#20692', b'300000', b'0-0', b'COUNT', b'10']
2026-01-19 15:46:27,396 - DEBUG - Getting new deliveries
2026-01-19 15:46:27,396 - DEBUG - >>> None: [b'XREADGROUP', b'GROUP', b'docket-workers', b'DESKTOP-EP5TI1Q#20692', b'COUNT', b'10', b'BLOCK', b'0', b'STREAMS', b'fastmcp:stream', b'>']
2026-01-19 15:46:27,588 - DEBUG - Scheduling due tasks
2026-01-19 15:46:27,588 - DEBUG - >>> None: [b'EVALSHA', b'39773dffbc51ce836d528fa7bc63e81067cfaea6', b'2', b'fastmcp:queue', b'fastmcp:stream', b'1768817787.588271', b'fastmcp']
2026-01-19 15:46:27,635 - DEBUG - >>> None: [b'MULTI']
2026-01-19 15:46:27,636 - DEBUG - >>> None: [b'ZREMRANGEBYSCORE', b'fastmcp:workers', b'0', b'1768817777.635212']
2026-01-19 15:46:27,636 - DEBUG - >>> None: [b'ZADD', b'fastmcp:workers', b'1768817787.635212', b'DESKTOP-EP5TI1Q#20692']
2026-01-19 15:46:27,636 - DEBUG - >>> None: [b'ZREMRANGEBYSCORE', b'fastmcp:task-workers:trace', b'0', b'1768817777.635212']
2026-01-19 15:46:27,636 - DEBUG - >>> None: [b'ZADD', b'fastmcp:task-workers:trace', b'1768817787.635212', b'DESKTOP-EP5TI1Q#20692']
2026-01-19 15:46:27,636 - DEBUG - >>> None: [b'ZREMRANGEBYSCORE', b'fastmcp:task-workers:fail', b'0', b'1768817777.635212']
2026-01-19 15:46:27,636 - DEBUG - >>> None: [b'ZADD', b'fastmcp:task-workers:fail', b'1768817787.635212', b'DESKTOP-EP5TI1Q#20692']
2026-01-19 15:46:27,636 - DEBUG - >>> None: [b'ZREMRANGEBYSCORE', b'fastmcp:task-workers:sleep', b'0', b'1768817777.635212']
2026-01-19 15:46:27,636 - DEBUG - >>> None: [b'ZADD', b'fastmcp:task-workers:sleep', b'1768817787.635212', b'DESKTOP-EP5TI1Q#20692']
2026-01-19 15:46:27,637 - DEBUG - >>> None: [b'SADD', b'fastmcp:worker-tasks:DESKTOP-EP5TI1Q#20692', b'trace', b'fail', b'sleep']
2026-01-19 15:46:27,637 - DEBUG - >>> None: [b'EXPIRE', b'fastmcp:worker-tasks:DESKTOP-EP5TI1Q#20692', b'10']
2026-01-19 15:46:27,637 - DEBUG - >>> None: [b'EXEC']
2026-01-19 15:46:27,638 - DEBUG - >>> None: [b'MULTI']
2026-01-19 15:46:27,638 - DEBUG - >>> None: [b'XLEN', b'fastmcp:stream']
2026-01-19 15:46:27,638 - DEBUG - >>> None: [b'ZCOUNT', b'fastmcp:queue', b'0', b'1768817787.635212']
2026-01-19 15:46:27,638 - DEBUG - >>> None: [b'ZCOUNT', b'fastmcp:queue', b'1768817787.635212', b'+inf']
2026-01-19 15:46:27,638 - DEBUG - >>> None: [b'EXEC']
2026-01-19 15:46:27,651 - DEBUG - Getting redeliveries
2026-01-19 15:46:27,652 - DEBUG - >>> None: [b'XAUTOCLAIM', b'fastmcp:stream', b'docket-workers', b'DESKTOP-EP5TI1Q#20692', b'300000', b'0-0', b'COUNT', b'10']
2026-01-19 15:46:27,652 - DEBUG - Getting new deliveries
2026-01-19 15:46:27,653 - DEBUG - >>> None: [b'XREADGROUP', b'GROUP', b'docket-workers', b'DESKTOP-EP5TI1Q#20692', b'COUNT', b'10', b'BLOCK', b'0', b'STREAMS', b'fastmcp:stream', b'>']
2026-01-19 15:46:27,841 - DEBUG - Scheduling due tasks
2026-01-19 15:46:27,842 - DEBUG - >>> None: [b'EVALSHA', b'39773dffbc51ce836d528fa7bc63e81067cfaea6', b'2', b'fastmcp:queue', b'fastmcp:stream', b'1768817787.841911', b'fastmcp']
2026-01-19 15:46:27,904 - DEBUG - Getting redeliveries
2026-01-19 15:46:27,905 - DEBUG - >>> None: [b'XAUTOCLAIM', b'fastmcp:stream', b'docket-workers', b'DESKTOP-EP5TI1Q#20692', b'300000', b'0-0', b'COUNT', b'10']
2026-01-19 15:46:27,905 - DEBUG - Getting new deliveries
2026-01-19 15:46:27,906 - DEBUG - >>> None: [b'XREADGROUP', b'GROUP', b'docket-workers', b'DESKTOP-EP5TI1Q#20692', b'COUNT', b'10', b'BLOCK', b'0', b'STREAMS', b'fastmcp:stream', b'>']
2026-01-19 15:46:28,098 - DEBUG - Scheduling due tasks
2026-01-19 15:46:28,098 - DEBUG - >>> None: [b'EVALSHA', b'39773dffbc51ce836d528fa7bc63e81067cfaea6', b'2', b'fastmcp:queue', b'fastmcp:stream', b'1768817788.098594', b'fastmcp']
2026-01-19 15:46:28,156 - DEBUG - Getting redeliveries
2026-01-19 15:46:28,157 - DEBUG - >>> None: [b'XAUTOCLAIM', b'fastmcp:stream', b'docket-workers', b'DESKTOP-EP5TI1Q#20692', b'300000', b'0-0', b'COUNT', b'10']
2026-01-19 15:46:28,157 - DEBUG - Getting new deliveries
2026-01-19 15:46:28,158 - DEBUG - >>> None: [b'XREADGROUP', b'GROUP', b'docket-workers', b'DESKTOP-EP5TI1Q#20692', b'COUNT', b'10', b'BLOCK', b'0', b'STREAMS', b'fastmcp:stream', b'>']
2026-01-19 15:46:28,352 - DEBUG - Scheduling due tasks
2026-01-19 15:46:28,352 - DEBUG - >>> None: [b'EVALSHA', b'39773dffbc51ce836d528fa7bc63e81067cfaea6', b'2', b'fastmcp:queue', b'fastmcp:stream', b'1768817788.352573', b'fastmcp']
2026-01-19 15:46:28,415 - DEBUG - Getting redeliveries
2026-01-19 15:46:28,415 - DEBUG - >>> None: [b'XAUTOCLAIM', b'fastmcp:stream', b'docket-workers', b'DESKTOP-EP5TI1Q#20692', b'300000', b'0-0', b'COUNT', b'10']
2026-01-19 15:46:28,416 - DEBUG - Getting new deliveries
2026-01-19 15:46:28,416 - DEBUG - >>> None: [b'XREADGROUP', b'GROUP', b'docket-workers', b'DESKTOP-EP5TI1Q#20692', b'COUNT', b'10', b'BLOCK', b'0', b'STREAMS', b'fastmcp:stream', b'>']
2026-01-19 15:46:28,614 - DEBUG - Scheduling due tasks
2026-01-19 15:46:28,615 - DEBUG - >>> None: [b'EVALSHA', b'39773dffbc51ce836d528fa7bc63e81067cfaea6', b'2', b'fastmcp:queue', b'fastmcp:stream', b'1768817788.615241', b'fastmcp']
2026-01-19 15:46:28,678 - DEBUG - Getting redeliveries
2026-01-19 15:46:28,678 - DEBUG - >>> None: [b'XAUTOCLAIM', b'fastmcp:stream', b'docket-workers', b'DESKTOP-EP5TI1Q#20692', b'300000', b'0-0', b'COUNT', b'10']
2026-01-19 15:46:28,679 - DEBUG - Getting new deliveries
2026-01-19 15:46:28,680 - DEBUG - >>> None: [b'XREADGROUP', b'GROUP', b'docket-workers', b'DESKTOP-EP5TI1Q#20692', b'COUNT', b'10', b'BLOCK', b'0', b'STREAMS', b'fastmcp:stream', b'>']
2026-01-19 15:46:28,882 - DEBUG - Scheduling due tasks
2026-01-19 15:46:28,883 - DEBUG - >>> None: [b'EVALSHA', b'39773dffbc51ce836d528fa7bc63e81067cfaea6', b'2', b'fastmcp:queue', b'fastmcp:stream', b'1768817788.883439', b'fastmcp']
2026-01-19 15:46:28,946 - DEBUG - Getting redeliveries
2026-01-19 15:46:28,947 - DEBUG - >>> None: [b'XAUTOCLAIM', b'fastmcp:stream', b'docket-workers', b'DESKTOP-EP5TI1Q#20692', b'300000', b'0-0', b'COUNT', b'10']
2026-01-19 15:46:28,948 - DEBUG - Getting new deliveries
2026-01-19 15:46:28,948 - DEBUG - >>> None: [b'XREADGROUP', b'GROUP', b'docket-workers', b'DESKTOP-EP5TI1Q#20692', b'COUNT', b'10', b'BLOCK', b'0', b'STREAMS', b'fastmcp:stream', b'>']
2026-01-19 15:46:29,146 - DEBUG - Scheduling due tasks
2026-01-19 15:46:29,147 - DEBUG - >>> None: [b'EVALSHA', b'39773dffbc51ce836d528fa7bc63e81067cfaea6', b'2', b'fastmcp:queue', b'fastmcp:stream', b'1768817789.147434', b'fastmcp']
2026-01-19 15:46:29,211 - DEBUG - Getting redeliveries
2026-01-19 15:46:29,212 - DEBUG - >>> None: [b'XAUTOCLAIM', b'fastmcp:stream', b'docket-workers', b'DESKTOP-EP5TI1Q#20692', b'300000', b'0-0', b'COUNT', b'10']
2026-01-19 15:46:29,213 - DEBUG - Getting new deliveries
2026-01-19 15:46:29,213 - DEBUG - >>> None: [b'XREADGROUP', b'GROUP', b'docket-workers', b'DESKTOP-EP5TI1Q#20692', b'COUNT', b'10', b'BLOCK', b'0', b'STREAMS', b'fastmcp:stream', b'>']
2026-01-19 15:46:29,407 - DEBUG - Scheduling due tasks
2026-01-19 15:46:29,408 - DEBUG - >>> None: [b'EVALSHA', b'39773dffbc51ce836d528fa7bc63e81067cfaea6', b'2', b'fastmcp:queue', b'fastmcp:stream', b'1768817789.407966', b'fastmcp']
2026-01-19 15:46:29,471 - DEBUG - Getting redeliveries
2026-01-19 15:46:29,472 - DEBUG - >>> None: [b'XAUTOCLAIM', b'fastmcp:stream', b'docket-workers', b'DESKTOP-EP5TI1Q#20692', b'300000', b'0-0', b'COUNT', b'10']
2026-01-19 15:46:29,473 - DEBUG - Getting new deliveries
2026-01-19 15:46:29,473 - DEBUG - >>> None: [b'XREADGROUP', b'GROUP', b'docket-workers', b'DESKTOP-EP5TI1Q#20692', b'COUNT', b'10', b'BLOCK', b'0', b'STREAMS', b'fastmcp:stream', b'>']
2026-01-19 15:46:29,649 - DEBUG - >>> None: [b'MULTI']
2026-01-19 15:46:29,650 - DEBUG - >>> None: [b'ZREMRANGEBYSCORE', b'fastmcp:workers', b'0', b'1768817779.648527']
2026-01-19 15:46:29,650 - DEBUG - >>> None: [b'ZADD', b'fastmcp:workers', b'1768817789.648527', b'DESKTOP-EP5TI1Q#20692']
2026-01-19 15:46:29,650 - DEBUG - >>> None: [b'ZREMRANGEBYSCORE', b'fastmcp:task-workers:trace', b'0', b'1768817779.648527']
2026-01-19 15:46:29,650 - DEBUG - >>> None: [b'ZADD', b'fastmcp:task-workers:trace', b'1768817789.648527', b'DESKTOP-EP5TI1Q#20692']
2026-01-19 15:46:29,650 - DEBUG - >>> None: [b'ZREMRANGEBYSCORE', b'fastmcp:task-workers:fail', b'0', b'1768817779.648527']
2026-01-19 15:46:29,651 - DEBUG - >>> None: [b'ZADD', b'fastmcp:task-workers:fail', b'1768817789.648527', b'DESKTOP-EP5TI1Q#20692']
2026-01-19 15:46:29,651 - DEBUG - >>> None: [b'ZREMRANGEBYSCORE', b'fastmcp:task-workers:sleep', b'0', b'1768817779.648527']
2026-01-19 15:46:29,651 - DEBUG - >>> None: [b'ZADD', b'fastmcp:task-workers:sleep', b'1768817789.648527', b'DESKTOP-EP5TI1Q#20692']
2026-01-19 15:46:29,651 - DEBUG - >>> None: [b'SADD', b'fastmcp:worker-tasks:DESKTOP-EP5TI1Q#20692', b'trace', b'fail', b'sleep']
2026-01-19 15:46:29,651 - DEBUG - >>> None: [b'EXPIRE', b'fastmcp:worker-tasks:DESKTOP-EP5TI1Q#20692', b'10']
2026-01-19 15:46:29,651 - DEBUG - >>> None: [b'EXEC']
2026-01-19 15:46:29,653 - DEBUG - >>> None: [b'MULTI']
2026-01-19 15:46:29,654 - DEBUG - >>> None: [b'XLEN', b'fastmcp:stream']
2026-01-19 15:46:29,654 - DEBUG - >>> None: [b'ZCOUNT', b'fastmcp:queue', b'0', b'1768817789.648527']
2026-01-19 15:46:29,654 - DEBUG - >>> None: [b'ZCOUNT', b'fastmcp:queue', b'1768817789.648527', b'+inf']
2026-01-19 15:46:29,654 - DEBUG - >>> None: [b'EXEC']
2026-01-19 15:46:29,664 - DEBUG - Scheduling due tasks
2026-01-19 15:46:29,665 - DEBUG - >>> None: [b'EVALSHA', b'39773dffbc51ce836d528fa7bc63e81067cfaea6', b'2', b'fastmcp:queue', b'fastmcp:stream', b'1768817789.664747', b'fastmcp']
2026-01-19 15:46:29,728 - DEBUG - Getting redeliveries
2026-01-19 15:46:29,729 - DEBUG - >>> None: [b'XAUTOCLAIM', b'fastmcp:stream', b'docket-workers', b'DESKTOP-EP5TI1Q#20692', b'300000', b'0-0', b'COUNT', b'10']
2026-01-19 15:46:29,729 - DEBUG - Getting new deliveries
2026-01-19 15:46:29,730 - DEBUG - >>> None: [b'XREADGROUP', b'GROUP', b'docket-workers', b'DESKTOP-EP5TI1Q#20692', b'COUNT', b'10', b'BLOCK', b'0', b'STREAMS', b'fastmcp:stream', b'>']
2026-01-19 15:46:29,919 - DEBUG - Scheduling due tasks
2026-01-19 15:46:29,919 - DEBUG - >>> None: [b'EVALSHA', b'39773dffbc51ce836d528fa7bc63e81067cfaea6', b'2', b'fastmcp:queue', b'fastmcp:stream', b'1768817789.919279', b'fastmcp']
2026-01-19 15:46:29,981 - DEBUG - Getting redeliveries
2026-01-19 15:46:29,982 - DEBUG - >>> None: [b'XAUTOCLAIM', b'fastmcp:stream', b'docket-workers', b'DESKTOP-EP5TI1Q#20692', b'300000', b'0-0', b'COUNT', b'10']
2026-01-19 15:46:29,982 - DEBUG - Getting new deliveries
2026-01-19 15:46:29,982 - DEBUG - >>> None: [b'XREADGROUP', b'GROUP', b'docket-workers', b'DESKTOP-EP5TI1Q#20692', b'COUNT', b'10', b'BLOCK', b'0', b'STREAMS', b'fastmcp:stream', b'>']
2026-01-19 15:46:30,170 - DEBUG - Scheduling due tasks
2026-01-19 15:46:30,171 - DEBUG - >>> None: [b'EVALSHA', b'39773dffbc51ce836d528fa7bc63e81067cfaea6', b'2', b'fastmcp:queue', b'fastmcp:stream', b'1768817790.170992', b'fastmcp']
2026-01-19 15:46:30,242 - DEBUG - Getting redeliveries
2026-01-19 15:46:30,242 - DEBUG - >>> None: [b'XAUTOCLAIM', b'fastmcp:stream', b'docket-workers', b'DESKTOP-EP5TI1Q#20692', b'300000', b'0-0', b'COUNT', b'10']
2026-01-19 15:46:30,243 - DEBUG - Getting new deliveries
2026-01-19 15:46:30,243 - DEBUG - >>> None: [b'XREADGROUP', b'GROUP', b'docket-workers', b'DESKTOP-EP5TI1Q#20692', b'COUNT', b'10', b'BLOCK', b'0', b'STREAMS', b'fastmcp:stream', b'>']
2026-01-19 15:46:30,423 - DEBUG - Scheduling due tasks
2026-01-19 15:46:30,424 - DEBUG - >>> None: [b'EVALSHA', b'39773dffbc51ce836d528fa7bc63e81067cfaea6', b'2', b'fastmcp:queue', b'fastmcp:stream', b'1768817790.424287', b'fastmcp']
2026-01-19 15:46:30,498 - DEBUG - Getting redeliveries
2026-01-19 15:46:30,499 - DEBUG - >>> None: [b'XAUTOCLAIM', b'fastmcp:stream', b'docket-workers', b'DESKTOP-EP5TI1Q#20692', b'300000', b'0-0', b'COUNT', b'10']
2026-01-19 15:46:30,499 - DEBUG - Getting new deliveries
2026-01-19 15:46:30,500 - DEBUG - >>> None: [b'XREADGROUP', b'GROUP', b'docket-workers', b'DESKTOP-EP5TI1Q#20692', b'COUNT', b'10', b'BLOCK', b'0', b'STREAMS', b'fastmcp:stream', b'>']
2026-01-19 15:46:30,679 - DEBUG - Scheduling due tasks
2026-01-19 15:46:30,679 - DEBUG - >>> None: [b'EVALSHA', b'39773dffbc51ce836d528fa7bc63e81067cfaea6', b'2', b'fastmcp:queue', b'fastmcp:stream', b'1768817790.679547', b'fastmcp']
2026-01-19 15:46:30,759 - DEBUG - Getting redeliveries
2026-01-19 15:46:30,759 - DEBUG - >>> None: [b'XAUTOCLAIM', b'fastmcp:stream', b'docket-workers', b'DESKTOP-EP5TI1Q#20692', b'300000', b'0-0', b'COUNT', b'10']
2026-01-19 15:46:30,759 - DEBUG - Getting new deliveries
2026-01-19 15:46:30,759 - DEBUG - >>> None: [b'XREADGROUP', b'GROUP', b'docket-workers', b'DESKTOP-EP5TI1Q#20692', b'COUNT', b'10', b'BLOCK', b'0', b'STREAMS', b'fastmcp:stream', b'>']
2026-01-19 15:46:30,939 - DEBUG - Scheduling due tasks
2026-01-19 15:46:30,940 - DEBUG - >>> None: [b'EVALSHA', b'39773dffbc51ce836d528fa7bc63e81067cfaea6', b'2', b'fastmcp:queue', b'fastmcp:stream', b'1768817790.940225', b'fastmcp']
2026-01-19 15:46:31,012 - DEBUG - Getting redeliveries
2026-01-19 15:46:31,013 - DEBUG - >>> None: [b'XAUTOCLAIM', b'fastmcp:stream', b'docket-workers', b'DESKTOP-EP5TI1Q#20692', b'300000', b'0-0', b'COUNT', b'10']
2026-01-19 15:46:31,013 - DEBUG - Getting new deliveries
2026-01-19 15:46:31,014 - DEBUG - >>> None: [b'XREADGROUP', b'GROUP', b'docket-workers', b'DESKTOP-EP5TI1Q#20692', b'COUNT', b'10', b'BLOCK', b'0', b'STREAMS', b'fastmcp:stream', b'>']
2026-01-19 15:46:31,205 - DEBUG - Scheduling due tasks
2026-01-19 15:46:31,206 - DEBUG - >>> None: [b'EVALSHA', b'39773dffbc51ce836d528fa7bc63e81067cfaea6', b'2', b'fastmcp:queue', b'fastmcp:stream', b'1768817791.205749', b'fastmcp']
2026-01-19 15:46:31,267 - DEBUG - Getting redeliveries
2026-01-19 15:46:31,268 - DEBUG - >>> None: [b'XAUTOCLAIM', b'fastmcp:stream', b'docket-workers', b'DESKTOP-EP5TI1Q#20692', b'300000', b'0-0', b'COUNT', b'10']
2026-01-19 15:46:31,269 - DEBUG - Getting new deliveries
2026-01-19 15:46:31,269 - DEBUG - >>> None: [b'XREADGROUP', b'GROUP', b'docket-workers', b'DESKTOP-EP5TI1Q#20692', b'COUNT', b'10', b'BLOCK', b'0', b'STREAMS', b'fastmcp:stream', b'>']
2026-01-19 15:46:31,464 - DEBUG - Scheduling due tasks
2026-01-19 15:46:31,465 - DEBUG - >>> None: [b'EVALSHA', b'39773dffbc51ce836d528fa7bc63e81067cfaea6', b'2', b'fastmcp:queue', b'fastmcp:stream', b'1768817791.464945', b'fastmcp']
2026-01-19 15:46:31,525 - DEBUG - Getting redeliveries
2026-01-19 15:46:31,525 - DEBUG - >>> None: [b'XAUTOCLAIM', b'fastmcp:stream', b'docket-workers', b'DESKTOP-EP5TI1Q#20692', b'300000', b'0-0', b'COUNT', b'10']
2026-01-19 15:46:31,525 - DEBUG - Getting new deliveries
2026-01-19 15:46:31,525 - DEBUG - >>> None: [b'XREADGROUP', b'GROUP', b'docket-workers', b'DESKTOP-EP5TI1Q#20692', b'COUNT', b'10', b'BLOCK', b'0', b'STREAMS', b'fastmcp:stream', b'>']
2026-01-19 15:46:31,663 - DEBUG - >>> None: [b'MULTI']
2026-01-19 15:46:31,664 - DEBUG - >>> None: [b'ZREMRANGEBYSCORE', b'fastmcp:workers', b'0', b'1768817781.662894']
2026-01-19 15:46:31,664 - DEBUG - >>> None: [b'ZADD', b'fastmcp:workers', b'1768817791.662894', b'DESKTOP-EP5TI1Q#20692']
2026-01-19 15:46:31,664 - DEBUG - >>> None: [b'ZREMRANGEBYSCORE', b'fastmcp:task-workers:trace', b'0', b'1768817781.662894']
2026-01-19 15:46:31,664 - DEBUG - >>> None: [b'ZADD', b'fastmcp:task-workers:trace', b'1768817791.662894', b'DESKTOP-EP5TI1Q#20692']
2026-01-19 15:46:31,664 - DEBUG - >>> None: [b'ZREMRANGEBYSCORE', b'fastmcp:task-workers:fail', b'0', b'1768817781.662894']
2026-01-19 15:46:31,664 - DEBUG - >>> None: [b'ZADD', b'fastmcp:task-workers:fail', b'1768817791.662894', b'DESKTOP-EP5TI1Q#20692']
2026-01-19 15:46:31,664 - DEBUG - >>> None: [b'ZREMRANGEBYSCORE', b'fastmcp:task-workers:sleep', b'0', b'1768817781.662894']
2026-01-19 15:46:31,664 - DEBUG - >>> None: [b'ZADD', b'fastmcp:task-workers:sleep', b'1768817791.662894', b'DESKTOP-EP5TI1Q#20692']
2026-01-19 15:46:31,665 - DEBUG - >>> None: [b'SADD', b'fastmcp:worker-tasks:DESKTOP-EP5TI1Q#20692', b'trace', b'fail', b'sleep']
2026-01-19 15:46:31,665 - DEBUG - >>> None: [b'EXPIRE', b'fastmcp:worker-tasks:DESKTOP-EP5TI1Q#20692', b'10']
2026-01-19 15:46:31,665 - DEBUG - >>> None: [b'EXEC']
2026-01-19 15:46:31,666 - DEBUG - >>> None: [b'MULTI']
2026-01-19 15:46:31,666 - DEBUG - >>> None: [b'XLEN', b'fastmcp:stream']
2026-01-19 15:46:31,666 - DEBUG - >>> None: [b'ZCOUNT', b'fastmcp:queue', b'0', b'1768817791.662894']
2026-01-19 15:46:31,666 - DEBUG - >>> None: [b'ZCOUNT', b'fastmcp:queue', b'1768817791.662894', b'+inf']
2026-01-19 15:46:31,666 - DEBUG - >>> None: [b'EXEC']
2026-01-19 15:46:31,716 - DEBUG - Scheduling due tasks
2026-01-19 15:46:31,716 - DEBUG - >>> None: [b'EVALSHA', b'39773dffbc51ce836d528fa7bc63e81067cfaea6', b'2', b'fastmcp:queue', b'fastmcp:stream', b'1768817791.716253', b'fastmcp']
2026-01-19 15:46:31,786 - DEBUG - Getting redeliveries
2026-01-19 15:46:31,786 - DEBUG - >>> None: [b'XAUTOCLAIM', b'fastmcp:stream', b'docket-workers', b'DESKTOP-EP5TI1Q#20692', b'300000', b'0-0', b'COUNT', b'10']
2026-01-19 15:46:31,787 - DEBUG - Getting new deliveries
2026-01-19 15:46:31,787 - DEBUG - >>> None: [b'XREADGROUP', b'GROUP', b'docket-workers', b'DESKTOP-EP5TI1Q#20692', b'COUNT', b'10', b'BLOCK', b'0', b'STREAMS', b'fastmcp:stream', b'>']
2026-01-19 15:46:31,982 - DEBUG - Scheduling due tasks
2026-01-19 15:46:31,982 - DEBUG - >>> None: [b'EVALSHA', b'39773dffbc51ce836d528fa7bc63e81067cfaea6', b'2', b'fastmcp:queue', b'fastmcp:stream', b'1768817791.982307', b'fastmcp']
2026-01-19 15:46:32,040 - DEBUG - Getting redeliveries
2026-01-19 15:46:32,040 - DEBUG - >>> None: [b'XAUTOCLAIM', b'fastmcp:stream', b'docket-workers', b'DESKTOP-EP5TI1Q#20692', b'300000', b'0-0', b'COUNT', b'10']
2026-01-19 15:46:32,041 - DEBUG - Getting new deliveries
2026-01-19 15:46:32,041 - DEBUG - >>> None: [b'XREADGROUP', b'GROUP', b'docket-workers', b'DESKTOP-EP5TI1Q#20692', b'COUNT', b'10', b'BLOCK', b'0', b'STREAMS', b'fastmcp:stream', b'>']
2026-01-19 15:46:32,250 - DEBUG - Scheduling due tasks
2026-01-19 15:46:32,251 - DEBUG - >>> None: [b'EVALSHA', b'39773dffbc51ce836d528fa7bc63e81067cfaea6', b'2', b'fastmcp:queue', b'fastmcp:stream', b'1768817792.251318', b'fastmcp']
2026-01-19 15:46:32,297 - DEBUG - Getting redeliveries
2026-01-19 15:46:32,297 - DEBUG - >>> None: [b'XAUTOCLAIM', b'fastmcp:stream', b'docket-workers', b'DESKTOP-EP5TI1Q#20692', b'300000', b'0-0', b'COUNT', b'10']
2026-01-19 15:46:32,298 - DEBUG - Getting new deliveries
2026-01-19 15:46:32,298 - DEBUG - >>> None: [b'XREADGROUP', b'GROUP', b'docket-workers', b'DESKTOP-EP5TI1Q#20692', b'COUNT', b'10', b'BLOCK', b'0', b'STREAMS', b'fastmcp:stream', b'>']
2026-01-19 15:46:32,510 - DEBUG - Scheduling due tasks
2026-01-19 15:46:32,511 - DEBUG - >>> None: [b'EVALSHA', b'39773dffbc51ce836d528fa7bc63e81067cfaea6', b'2', b'fastmcp:queue', b'fastmcp:stream', b'1768817792.510908', b'fastmcp']
2026-01-19 15:46:32,550 - DEBUG - Getting redeliveries
2026-01-19 15:46:32,550 - DEBUG - >>> None: [b'XAUTOCLAIM', b'fastmcp:stream', b'docket-workers', b'DESKTOP-EP5TI1Q#20692', b'300000', b'0-0', b'COUNT', b'10']
2026-01-19 15:46:32,550 - DEBUG - Getting new deliveries
2026-01-19 15:46:32,550 - DEBUG - >>> None: [b'XREADGROUP', b'GROUP', b'docket-workers', b'DESKTOP-EP5TI1Q#20692', b'COUNT', b'10', b'BLOCK', b'0', b'STREAMS', b'fastmcp:stream', b'>']
2026-01-19 15:46:32,762 - DEBUG - Scheduling due tasks
2026-01-19 15:46:32,762 - DEBUG - >>> None: [b'EVALSHA', b'39773dffbc51ce836d528fa7bc63e81067cfaea6', b'2', b'fastmcp:queue', b'fastmcp:stream', b'1768817792.762731', b'fastmcp']
2026-01-19 15:46:32,810 - DEBUG - Getting redeliveries
2026-01-19 15:46:32,811 - DEBUG - >>> None: [b'XAUTOCLAIM', b'fastmcp:stream', b'docket-workers', b'DESKTOP-EP5TI1Q#20692', b'300000', b'0-0', b'COUNT', b'10']
2026-01-19 15:46:32,811 - DEBUG - Getting new deliveries
2026-01-19 15:46:32,811 - DEBUG - >>> None: [b'XREADGROUP', b'GROUP', b'docket-workers', b'DESKTOP-EP5TI1Q#20692', b'COUNT', b'10', b'BLOCK', b'0', b'STREAMS', b'fastmcp:stream', b'>']
2026-01-19 15:46:33,014 - DEBUG - Scheduling due tasks
2026-01-19 15:46:33,015 - DEBUG - >>> None: [b'EVALSHA', b'39773dffbc51ce836d528fa7bc63e81067cfaea6', b'2', b'fastmcp:queue', b'fastmcp:stream', b'1768817793.015206', b'fastmcp']
2026-01-19 15:46:33,062 - DEBUG - Getting redeliveries
2026-01-19 15:46:33,062 - DEBUG - >>> None: [b'XAUTOCLAIM', b'fastmcp:stream', b'docket-workers', b'DESKTOP-EP5TI1Q#20692', b'300000', b'0-0', b'COUNT', b'10']
2026-01-19 15:46:33,062 - DEBUG - Getting new deliveries
2026-01-19 15:46:33,063 - DEBUG - >>> None: [b'XREADGROUP', b'GROUP', b'docket-workers', b'DESKTOP-EP5TI1Q#20692', b'COUNT', b'10', b'BLOCK', b'0', b'STREAMS', b'fastmcp:stream', b'>']
2026-01-19 15:46:33,268 - DEBUG - Scheduling due tasks
2026-01-19 15:46:33,268 - DEBUG - >>> None: [b'EVALSHA', b'39773dffbc51ce836d528fa7bc63e81067cfaea6', b'2', b'fastmcp:queue', b'fastmcp:stream', b'1768817793.268429', b'fastmcp']
2026-01-19 15:46:33,317 - DEBUG - Getting redeliveries
2026-01-19 15:46:33,318 - DEBUG - >>> None: [b'XAUTOCLAIM', b'fastmcp:stream', b'docket-workers', b'DESKTOP-EP5TI1Q#20692', b'300000', b'0-0', b'COUNT', b'10']
2026-01-19 15:46:33,318 - DEBUG - Getting new deliveries
2026-01-19 15:46:33,318 - DEBUG - >>> None: [b'XREADGROUP', b'GROUP', b'docket-workers', b'DESKTOP-EP5TI1Q#20692', b'COUNT', b'10', b'BLOCK', b'0', b'STREAMS', b'fastmcp:stream', b'>']
2026-01-19 15:46:33,525 - DEBUG - Scheduling due tasks
2026-01-19 15:46:33,527 - DEBUG - >>> None: [b'EVALSHA', b'39773dffbc51ce836d528fa7bc63e81067cfaea6', b'2', b'fastmcp:queue', b'fastmcp:stream', b'1768817793.526401', b'fastmcp']
2026-01-19 15:46:33,569 - DEBUG - Getting redeliveries
2026-01-19 15:46:33,605 - DEBUG - >>> None: [b'XAUTOCLAIM', b'fastmcp:stream', b'docket-workers', b'DESKTOP-EP5TI1Q#20692', b'300000', b'0-0', b'COUNT', b'10']
2026-01-19 15:46:33,606 - DEBUG - Getting new deliveries
2026-01-19 15:46:33,606 - DEBUG - >>> None: [b'XREADGROUP', b'GROUP', b'docket-workers', b'DESKTOP-EP5TI1Q#20692', b'COUNT', b'10', b'BLOCK', b'0', b'STREAMS', b'fastmcp:stream', b'>']
2026-01-19 15:46:33,672 - DEBUG - >>> None: [b'MULTI']
2026-01-19 15:46:33,672 - DEBUG - >>> None: [b'ZREMRANGEBYSCORE', b'fastmcp:workers', b'0', b'1768817783.671295']
2026-01-19 15:46:33,672 - DEBUG - >>> None: [b'ZADD', b'fastmcp:workers', b'1768817793.671295', b'DESKTOP-EP5TI1Q#20692']
2026-01-19 15:46:33,672 - DEBUG - >>> None: [b'ZREMRANGEBYSCORE', b'fastmcp:task-workers:trace', b'0', b'1768817783.671295']
2026-01-19 15:46:33,673 - DEBUG - >>> None: [b'ZADD', b'fastmcp:task-workers:trace', b'1768817793.671295', b'DESKTOP-EP5TI1Q#20692']
2026-01-19 15:46:33,673 - DEBUG - >>> None: [b'ZREMRANGEBYSCORE', b'fastmcp:task-workers:fail', b'0', b'1768817783.671295']
2026-01-19 15:46:33,673 - DEBUG - >>> None: [b'ZADD', b'fastmcp:task-workers:fail', b'1768817793.671295', b'DESKTOP-EP5TI1Q#20692']
2026-01-19 15:46:33,673 - DEBUG - >>> None: [b'ZREMRANGEBYSCORE', b'fastmcp:task-workers:sleep', b'0', b'1768817783.671295']
2026-01-19 15:46:33,673 - DEBUG - >>> None: [b'ZADD', b'fastmcp:task-workers:sleep', b'1768817793.671295', b'DESKTOP-EP5TI1Q#20692']
2026-01-19 15:46:33,673 - DEBUG - >>> None: [b'SADD', b'fastmcp:worker-tasks:DESKTOP-EP5TI1Q#20692', b'trace', b'fail', b'sleep']
2026-01-19 15:46:33,673 - DEBUG - >>> None: [b'EXPIRE', b'fastmcp:worker-tasks:DESKTOP-EP5TI1Q#20692', b'10']
2026-01-19 15:46:33,673 - DEBUG - >>> None: [b'EXEC']
2026-01-19 15:46:33,675 - DEBUG - >>> None: [b'MULTI']
2026-01-19 15:46:33,675 - DEBUG - >>> None: [b'XLEN', b'fastmcp:stream']
2026-01-19 15:46:33,675 - DEBUG - >>> None: [b'ZCOUNT', b'fastmcp:queue', b'0', b'1768817793.671295']
2026-01-19 15:46:33,675 - DEBUG - >>> None: [b'ZCOUNT', b'fastmcp:queue', b'1768817793.671295', b'+inf']
2026-01-19 15:46:33,675 - DEBUG - >>> None: [b'EXEC']
2026-01-19 15:46:33,794 - DEBUG - Scheduling due tasks
2026-01-19 15:46:33,794 - DEBUG - >>> None: [b'EVALSHA', b'39773dffbc51ce836d528fa7bc63e81067cfaea6', b'2', b'fastmcp:queue', b'fastmcp:stream', b'1768817793.794459', b'fastmcp']
2026-01-19 15:46:33,870 - DEBUG - Getting redeliveries
2026-01-19 15:46:33,871 - DEBUG - >>> None: [b'XAUTOCLAIM', b'fastmcp:stream', b'docket-workers', b'DESKTOP-EP5TI1Q#20692', b'300000', b'0-0', b'COUNT', b'10']
2026-01-19 15:46:33,871 - DEBUG - Getting new deliveries
2026-01-19 15:46:33,871 - DEBUG - >>> None: [b'XREADGROUP', b'GROUP', b'docket-workers', b'DESKTOP-EP5TI1Q#20692', b'COUNT', b'10', b'BLOCK', b'0', b'STREAMS', b'fastmcp:stream', b'>']
2026-01-19 15:46:34,054 - DEBUG - Scheduling due tasks
2026-01-19 15:46:34,054 - DEBUG - >>> None: [b'EVALSHA', b'39773dffbc51ce836d528fa7bc63e81067cfaea6', b'2', b'fastmcp:queue', b'fastmcp:stream', b'1768817794.054395', b'fastmcp']
2026-01-19 15:46:34,125 - DEBUG - Getting redeliveries
2026-01-19 15:46:34,126 - DEBUG - >>> None: [b'XAUTOCLAIM', b'fastmcp:stream', b'docket-workers', b'DESKTOP-EP5TI1Q#20692', b'300000', b'0-0', b'COUNT', b'10']
2026-01-19 15:46:34,126 - DEBUG - Getting new deliveries
2026-01-19 15:46:34,126 - DEBUG - >>> None: [b'XREADGROUP', b'GROUP', b'docket-workers', b'DESKTOP-EP5TI1Q#20692', b'COUNT', b'10', b'BLOCK', b'0', b'STREAMS', b'fastmcp:stream', b'>']
2026-01-19 15:46:34,318 - DEBUG - Scheduling due tasks
2026-01-19 15:46:34,318 - DEBUG - >>> None: [b'EVALSHA', b'39773dffbc51ce836d528fa7bc63e81067cfaea6', b'2', b'fastmcp:queue', b'fastmcp:stream', b'1768817794.318852', b'fastmcp']
2026-01-19 15:46:34,383 - DEBUG - Getting redeliveries
2026-01-19 15:46:34,384 - DEBUG - >>> None: [b'XAUTOCLAIM', b'fastmcp:stream', b'docket-workers', b'DESKTOP-EP5TI1Q#20692', b'300000', b'0-0', b'COUNT', b'10']
2026-01-19 15:46:34,384 - DEBUG - Getting new deliveries
2026-01-19 15:46:34,384 - DEBUG - >>> None: [b'XREADGROUP', b'GROUP', b'docket-workers', b'DESKTOP-EP5TI1Q#20692', b'COUNT', b'10', b'BLOCK', b'0', b'STREAMS', b'fastmcp:stream', b'>']
2026-01-19 15:46:34,581 - DEBUG - Scheduling due tasks
2026-01-19 15:46:34,581 - DEBUG - >>> None: [b'EVALSHA', b'39773dffbc51ce836d528fa7bc63e81067cfaea6', b'2', b'fastmcp:queue', b'fastmcp:stream', b'1768817794.581695', b'fastmcp']
2026-01-19 15:46:34,643 - DEBUG - Getting redeliveries
2026-01-19 15:46:34,643 - DEBUG - >>> None: [b'XAUTOCLAIM', b'fastmcp:stream', b'docket-workers', b'DESKTOP-EP5TI1Q#20692', b'300000', b'0-0', b'COUNT', b'10']
2026-01-19 15:46:34,644 - DEBUG - Getting new deliveries
2026-01-19 15:46:34,644 - DEBUG - >>> None: [b'XREADGROUP', b'GROUP', b'docket-workers', b'DESKTOP-EP5TI1Q#20692', b'COUNT', b'10', b'BLOCK', b'0', b'STREAMS', b'fastmcp:stream', b'>']
2026-01-19 15:46:34,834 - DEBUG - Scheduling due tasks
2026-01-19 15:46:34,834 - DEBUG - >>> None: [b'EVALSHA', b'39773dffbc51ce836d528fa7bc63e81067cfaea6', b'2', b'fastmcp:queue', b'fastmcp:stream', b'1768817794.834306', b'fastmcp']
2026-01-19 15:46:34,898 - DEBUG - Getting redeliveries
2026-01-19 15:46:34,899 - DEBUG - >>> None: [b'XAUTOCLAIM', b'fastmcp:stream', b'docket-workers', b'DESKTOP-EP5TI1Q#20692', b'300000', b'0-0', b'COUNT', b'10']
2026-01-19 15:46:34,899 - DEBUG - Getting new deliveries
2026-01-19 15:46:34,899 - DEBUG - >>> None: [b'XREADGROUP', b'GROUP', b'docket-workers', b'DESKTOP-EP5TI1Q#20692', b'COUNT', b'10', b'BLOCK', b'0', b'STREAMS', b'fastmcp:stream', b'>']
2026-01-19 15:46:35,092 - DEBUG - Scheduling due tasks
2026-01-19 15:46:35,093 - DEBUG - >>> None: [b'EVALSHA', b'39773dffbc51ce836d528fa7bc63e81067cfaea6', b'2', b'fastmcp:queue', b'fastmcp:stream', b'1768817795.092876', b'fastmcp']
2026-01-19 15:46:35,150 - DEBUG - Getting redeliveries
2026-01-19 15:46:35,151 - DEBUG - >>> None: [b'XAUTOCLAIM', b'fastmcp:stream', b'docket-workers', b'DESKTOP-EP5TI1Q#20692', b'300000', b'0-0', b'COUNT', b'10']
2026-01-19 15:46:35,151 - DEBUG - Getting new deliveries
2026-01-19 15:46:35,151 - DEBUG - >>> None: [b'XREADGROUP', b'GROUP', b'docket-workers', b'DESKTOP-EP5TI1Q#20692', b'COUNT', b'10', b'BLOCK', b'0', b'STREAMS', b'fastmcp:stream', b'>']
2026-01-19 15:46:35,354 - DEBUG - Scheduling due tasks
2026-01-19 15:46:35,355 - DEBUG - >>> None: [b'EVALSHA', b'39773dffbc51ce836d528fa7bc63e81067cfaea6', b'2', b'fastmcp:queue', b'fastmcp:stream', b'1768817795.355041', b'fastmcp']
2026-01-19 15:46:35,416 - DEBUG - Getting redeliveries
2026-01-19 15:46:35,416 - DEBUG - >>> None: [b'XAUTOCLAIM', b'fastmcp:stream', b'docket-workers', b'DESKTOP-EP5TI1Q#20692', b'300000', b'0-0', b'COUNT', b'10']
2026-01-19 15:46:35,416 - DEBUG - Getting new deliveries
2026-01-19 15:46:35,416 - DEBUG - >>> None: [b'XREADGROUP', b'GROUP', b'docket-workers', b'DESKTOP-EP5TI1Q#20692', b'COUNT', b'10', b'BLOCK', b'0', b'STREAMS', b'fastmcp:stream', b'>']
2026-01-19 15:46:35,618 - DEBUG - Scheduling due tasks
2026-01-19 15:46:35,619 - DEBUG - >>> None: [b'EVALSHA', b'39773dffbc51ce836d528fa7bc63e81067cfaea6', b'2', b'fastmcp:queue', b'fastmcp:stream', b'1768817795.61884', b'fastmcp']
2026-01-19 15:46:35,668 - DEBUG - Getting redeliveries
2026-01-19 15:46:35,668 - DEBUG - >>> None: [b'XAUTOCLAIM', b'fastmcp:stream', b'docket-workers', b'DESKTOP-EP5TI1Q#20692', b'300000', b'0-0', b'COUNT', b'10']
2026-01-19 15:46:35,669 - DEBUG - Getting new deliveries
2026-01-19 15:46:35,669 - DEBUG - >>> None: [b'XREADGROUP', b'GROUP', b'docket-workers', b'DESKTOP-EP5TI1Q#20692', b'COUNT', b'10', b'BLOCK', b'0', b'STREAMS', b'fastmcp:stream', b'>']
2026-01-19 15:46:35,683 - DEBUG - >>> None: [b'MULTI']
2026-01-19 15:46:35,683 - DEBUG - >>> None: [b'ZREMRANGEBYSCORE', b'fastmcp:workers', b'0', b'1768817785.682618']
2026-01-19 15:46:35,683 - DEBUG - >>> None: [b'ZADD', b'fastmcp:workers', b'1768817795.682618', b'DESKTOP-EP5TI1Q#20692']
2026-01-19 15:46:35,683 - DEBUG - >>> None: [b'ZREMRANGEBYSCORE', b'fastmcp:task-workers:trace', b'0', b'1768817785.682618']
2026-01-19 15:46:35,683 - DEBUG - >>> None: [b'ZADD', b'fastmcp:task-workers:trace', b'1768817795.682618', b'DESKTOP-EP5TI1Q#20692']
2026-01-19 15:46:35,683 - DEBUG - >>> None: [b'ZREMRANGEBYSCORE', b'fastmcp:task-workers:fail', b'0', b'1768817785.682618']
2026-01-19 15:46:35,684 - DEBUG - >>> None: [b'ZADD', b'fastmcp:task-workers:fail', b'1768817795.682618', b'DESKTOP-EP5TI1Q#20692']
2026-01-19 15:46:35,684 - DEBUG - >>> None: [b'ZREMRANGEBYSCORE', b'fastmcp:task-workers:sleep', b'0', b'1768817785.682618']
2026-01-19 15:46:35,684 - DEBUG - >>> None: [b'ZADD', b'fastmcp:task-workers:sleep', b'1768817795.682618', b'DESKTOP-EP5TI1Q#20692']
2026-01-19 15:46:35,684 - DEBUG - >>> None: [b'SADD', b'fastmcp:worker-tasks:DESKTOP-EP5TI1Q#20692', b'trace', b'fail', b'sleep']
2026-01-19 15:46:35,684 - DEBUG - >>> None: [b'EXPIRE', b'fastmcp:worker-tasks:DESKTOP-EP5TI1Q#20692', b'10']
2026-01-19 15:46:35,684 - DEBUG - >>> None: [b'EXEC']
2026-01-19 15:46:35,684 - DEBUG - >>> None: [b'MULTI']
2026-01-19 15:46:35,685 - DEBUG - >>> None: [b'XLEN', b'fastmcp:stream']
2026-01-19 15:46:35,685 - DEBUG - >>> None: [b'ZCOUNT', b'fastmcp:queue', b'0', b'1768817795.682618']
2026-01-19 15:46:35,685 - DEBUG - >>> None: [b'ZCOUNT', b'fastmcp:queue', b'1768817795.682618', b'+inf']
2026-01-19 15:46:35,685 - DEBUG - >>> None: [b'EXEC']
2026-01-19 15:46:35,876 - DEBUG - Scheduling due tasks
2026-01-19 15:46:35,876 - DEBUG - >>> None: [b'EVALSHA', b'39773dffbc51ce836d528fa7bc63e81067cfaea6', b'2', b'fastmcp:queue', b'fastmcp:stream', b'1768817795.876752', b'fastmcp']
2026-01-19 15:46:35,924 - DEBUG - Getting redeliveries
2026-01-19 15:46:35,924 - DEBUG - >>> None: [b'XAUTOCLAIM', b'fastmcp:stream', b'docket-workers', b'DESKTOP-EP5TI1Q#20692', b'300000', b'0-0', b'COUNT', b'10']
2026-01-19 15:46:35,924 - DEBUG - Getting new deliveries
2026-01-19 15:46:35,925 - DEBUG - >>> None: [b'XREADGROUP', b'GROUP', b'docket-workers', b'DESKTOP-EP5TI1Q#20692', b'COUNT', b'10', b'BLOCK', b'0', b'STREAMS', b'fastmcp:stream', b'>']
2026-01-19 15:46:36,133 - DEBUG - Scheduling due tasks
2026-01-19 15:46:36,133 - DEBUG - >>> None: [b'EVALSHA', b'39773dffbc51ce836d528fa7bc63e81067cfaea6', b'2', b'fastmcp:queue', b'fastmcp:stream', b'1768817796.133668', b'fastmcp']
2026-01-19 15:46:36,181 - DEBUG - Getting redeliveries
2026-01-19 15:46:36,181 - DEBUG - >>> None: [b'XAUTOCLAIM', b'fastmcp:stream', b'docket-workers', b'DESKTOP-EP5TI1Q#20692', b'300000', b'0-0', b'COUNT', b'10']
2026-01-19 15:46:36,182 - DEBUG - Getting new deliveries
2026-01-19 15:46:36,182 - DEBUG - >>> None: [b'XREADGROUP', b'GROUP', b'docket-workers', b'DESKTOP-EP5TI1Q#20692', b'COUNT', b'10', b'BLOCK', b'0', b'STREAMS', b'fastmcp:stream', b'>']
2026-01-19 15:46:36,388 - DEBUG - Scheduling due tasks
2026-01-19 15:46:36,388 - DEBUG - >>> None: [b'EVALSHA', b'39773dffbc51ce836d528fa7bc63e81067cfaea6', b'2', b'fastmcp:queue', b'fastmcp:stream', b'1768817796.388196', b'fastmcp']
2026-01-19 15:46:36,435 - DEBUG - Getting redeliveries
2026-01-19 15:46:36,435 - DEBUG - >>> None: [b'XAUTOCLAIM', b'fastmcp:stream', b'docket-workers', b'DESKTOP-EP5TI1Q#20692', b'300000', b'0-0', b'COUNT', b'10']
2026-01-19 15:46:36,435 - DEBUG - Getting new deliveries
2026-01-19 15:46:36,436 - DEBUG - >>> None: [b'XREADGROUP', b'GROUP', b'docket-workers', b'DESKTOP-EP5TI1Q#20692', b'COUNT', b'10', b'BLOCK', b'0', b'STREAMS', b'fastmcp:stream', b'>']
2026-01-19 15:46:36,645 - DEBUG - Scheduling due tasks
2026-01-19 15:46:36,645 - DEBUG - >>> None: [b'EVALSHA', b'39773dffbc51ce836d528fa7bc63e81067cfaea6', b'2', b'fastmcp:queue', b'fastmcp:stream', b'1768817796.645649', b'fastmcp']
2026-01-19 15:46:36,694 - DEBUG - Getting redeliveries
2026-01-19 15:46:36,694 - DEBUG - >>> None: [b'XAUTOCLAIM', b'fastmcp:stream', b'docket-workers', b'DESKTOP-EP5TI1Q#20692', b'300000', b'0-0', b'COUNT', b'10']
2026-01-19 15:46:36,695 - DEBUG - Getting new deliveries
2026-01-19 15:46:36,695 - DEBUG - >>> None: [b'XREADGROUP', b'GROUP', b'docket-workers', b'DESKTOP-EP5TI1Q#20692', b'COUNT', b'10', b'BLOCK', b'0', b'STREAMS', b'fastmcp:stream', b'>']
2026-01-19 15:46:36,900 - DEBUG - Scheduling due tasks
2026-01-19 15:46:36,901 - DEBUG - >>> None: [b'EVALSHA', b'39773dffbc51ce836d528fa7bc63e81067cfaea6', b'2', b'fastmcp:queue', b'fastmcp:stream', b'1768817796.901266', b'fastmcp']
2026-01-19 15:46:36,948 - DEBUG - Getting redeliveries
2026-01-19 15:46:36,949 - DEBUG - >>> None: [b'XAUTOCLAIM', b'fastmcp:stream', b'docket-workers', b'DESKTOP-EP5TI1Q#20692', b'300000', b'0-0', b'COUNT', b'10']
2026-01-19 15:46:36,949 - DEBUG - Getting new deliveries
2026-01-19 15:46:36,949 - DEBUG - >>> None: [b'XREADGROUP', b'GROUP', b'docket-workers', b'DESKTOP-EP5TI1Q#20692', b'COUNT', b'10', b'BLOCK', b'0', b'STREAMS', b'fastmcp:stream', b'>']
2026-01-19 15:46:37,167 - DEBUG - Scheduling due tasks
2026-01-19 15:46:37,168 - DEBUG - >>> None: [b'EVALSHA', b'39773dffbc51ce836d528fa7bc63e81067cfaea6', b'2', b'fastmcp:queue', b'fastmcp:stream', b'1768817797.168114', b'fastmcp']
2026-01-19 15:46:37,209 - DEBUG - Getting redeliveries
2026-01-19 15:46:37,209 - DEBUG - >>> None: [b'XAUTOCLAIM', b'fastmcp:stream', b'docket-workers', b'DESKTOP-EP5TI1Q#20692', b'300000', b'0-0', b'COUNT', b'10']
2026-01-19 15:46:37,209 - DEBUG - Getting new deliveries
2026-01-19 15:46:37,209 - DEBUG - >>> None: [b'XREADGROUP', b'GROUP', b'docket-workers', b'DESKTOP-EP5TI1Q#20692', b'COUNT', b'10', b'BLOCK', b'0', b'STREAMS', b'fastmcp:stream', b'>']
2026-01-19 15:46:37,432 - DEBUG - Scheduling due tasks
2026-01-19 15:46:37,432 - DEBUG - >>> None: [b'EVALSHA', b'39773dffbc51ce836d528fa7bc63e81067cfaea6', b'2', b'fastmcp:queue', b'fastmcp:stream', b'1768817797.432795', b'fastmcp']
2026-01-19 15:46:37,474 - DEBUG - Getting redeliveries
2026-01-19 15:46:37,474 - DEBUG - >>> None: [b'XAUTOCLAIM', b'fastmcp:stream', b'docket-workers', b'DESKTOP-EP5TI1Q#20692', b'300000', b'0-0', b'COUNT', b'10']
2026-01-19 15:46:37,475 - DEBUG - Getting new deliveries
2026-01-19 15:46:37,475 - DEBUG - >>> None: [b'XREADGROUP', b'GROUP', b'docket-workers', b'DESKTOP-EP5TI1Q#20692', b'COUNT', b'10', b'BLOCK', b'0', b'STREAMS', b'fastmcp:stream', b'>']
2026-01-19 15:46:37,690 - DEBUG - Scheduling due tasks
2026-01-19 15:46:37,696 - DEBUG - >>> None: [b'EVALSHA', b'39773dffbc51ce836d528fa7bc63e81067cfaea6', b'2', b'fastmcp:queue', b'fastmcp:stream', b'1768817797.695847', b'fastmcp']
2026-01-19 15:46:37,698 - DEBUG - >>> None: [b'MULTI']
2026-01-19 15:46:37,699 - DEBUG - >>> None: [b'ZREMRANGEBYSCORE', b'fastmcp:workers', b'0', b'1768817787.697584']
2026-01-19 15:46:37,699 - DEBUG - >>> None: [b'ZADD', b'fastmcp:workers', b'1768817797.697584', b'DESKTOP-EP5TI1Q#20692']
2026-01-19 15:46:37,699 - DEBUG - >>> None: [b'ZREMRANGEBYSCORE', b'fastmcp:task-workers:trace', b'0', b'1768817787.697584']
2026-01-19 15:46:37,699 - DEBUG - >>> None: [b'ZADD', b'fastmcp:task-workers:trace', b'1768817797.697584', b'DESKTOP-EP5TI1Q#20692']
2026-01-19 15:46:37,700 - DEBUG - >>> None: [b'ZREMRANGEBYSCORE', b'fastmcp:task-workers:fail', b'0', b'1768817787.697584']
2026-01-19 15:46:37,700 - DEBUG - >>> None: [b'ZADD', b'fastmcp:task-workers:fail', b'1768817797.697584', b'DESKTOP-EP5TI1Q#20692']
2026-01-19 15:46:37,700 - DEBUG - >>> None: [b'ZREMRANGEBYSCORE', b'fastmcp:task-workers:sleep', b'0', b'1768817787.697584']
2026-01-19 15:46:37,700 - DEBUG - >>> None: [b'ZADD', b'fastmcp:task-workers:sleep', b'1768817797.697584', b'DESKTOP-EP5TI1Q#20692']
2026-01-19 15:46:37,701 - DEBUG - >>> None: [b'SADD', b'fastmcp:worker-tasks:DESKTOP-EP5TI1Q#20692', b'trace', b'fail', b'sleep']
2026-01-19 15:46:37,701 - DEBUG - >>> None: [b'EXPIRE', b'fastmcp:worker-tasks:DESKTOP-EP5TI1Q#20692', b'10']
2026-01-19 15:46:37,701 - DEBUG - >>> None: [b'EXEC']
2026-01-19 15:46:37,703 - DEBUG - >>> None: [b'MULTI']
2026-01-19 15:46:37,703 - DEBUG - >>> None: [b'XLEN', b'fastmcp:stream']
2026-01-19 15:46:37,703 - DEBUG - >>> None: [b'ZCOUNT', b'fastmcp:queue', b'0', b'1768817797.697584']
2026-01-19 15:46:37,703 - DEBUG - >>> None: [b'ZCOUNT', b'fastmcp:queue', b'1768817797.697584', b'+inf']
2026-01-19 15:46:37,703 - DEBUG - >>> None: [b'EXEC']
2026-01-19 15:46:37,739 - DEBUG - Getting redeliveries
2026-01-19 15:46:37,740 - DEBUG - >>> None: [b'XAUTOCLAIM', b'fastmcp:stream', b'docket-workers', b'DESKTOP-EP5TI1Q#20692', b'300000', b'0-0', b'COUNT', b'10']
2026-01-19 15:46:37,740 - DEBUG - Getting new deliveries
2026-01-19 15:46:37,741 - DEBUG - >>> None: [b'XREADGROUP', b'GROUP', b'docket-workers', b'DESKTOP-EP5TI1Q#20692', b'COUNT', b'10', b'BLOCK', b'0', b'STREAMS', b'fastmcp:stream', b'>']
2026-01-19 15:46:37,956 - DEBUG - Scheduling due tasks
2026-01-19 15:46:37,956 - DEBUG - >>> None: [b'EVALSHA', b'39773dffbc51ce836d528fa7bc63e81067cfaea6', b'2', b'fastmcp:queue', b'fastmcp:stream', b'1768817797.956266', b'fastmcp']
2026-01-19 15:46:38,001 - DEBUG - Getting redeliveries
2026-01-19 15:46:38,001 - DEBUG - >>> None: [b'XAUTOCLAIM', b'fastmcp:stream', b'docket-workers', b'DESKTOP-EP5TI1Q#20692', b'300000', b'0-0', b'COUNT', b'10']
2026-01-19 15:46:38,001 - DEBUG - Getting new deliveries
2026-01-19 15:46:38,001 - DEBUG - >>> None: [b'XREADGROUP', b'GROUP', b'docket-workers', b'DESKTOP-EP5TI1Q#20692', b'COUNT', b'10', b'BLOCK', b'0', b'STREAMS', b'fastmcp:stream', b'>']
2026-01-19 15:46:38,212 - DEBUG - Scheduling due tasks
2026-01-19 15:46:38,213 - DEBUG - >>> None: [b'EVALSHA', b'39773dffbc51ce836d528fa7bc63e81067cfaea6', b'2', b'fastmcp:queue', b'fastmcp:stream', b'1768817798.212904', b'fastmcp']
2026-01-19 15:46:38,252 - DEBUG - Getting redeliveries
2026-01-19 15:46:38,253 - DEBUG - >>> None: [b'XAUTOCLAIM', b'fastmcp:stream', b'docket-workers', b'DESKTOP-EP5TI1Q#20692', b'300000', b'0-0', b'COUNT', b'10']
2026-01-19 15:46:38,253 - DEBUG - Getting new deliveries
2026-01-19 15:46:38,253 - DEBUG - >>> None: [b'XREADGROUP', b'GROUP', b'docket-workers', b'DESKTOP-EP5TI1Q#20692', b'COUNT', b'10', b'BLOCK', b'0', b'STREAMS', b'fastmcp:stream', b'>']
2026-01-19 15:46:38,474 - DEBUG - Scheduling due tasks
2026-01-19 15:46:38,474 - DEBUG - >>> None: [b'EVALSHA', b'39773dffbc51ce836d528fa7bc63e81067cfaea6', b'2', b'fastmcp:queue', b'fastmcp:stream', b'1768817798.474676', b'fastmcp']
2026-01-19 15:46:38,509 - DEBUG - Getting redeliveries
2026-01-19 15:46:38,509 - DEBUG - >>> None: [b'XAUTOCLAIM', b'fastmcp:stream', b'docket-workers', b'DESKTOP-EP5TI1Q#20692', b'300000', b'0-0', b'COUNT', b'10']
2026-01-19 15:46:38,510 - DEBUG - Getting new deliveries
2026-01-19 15:46:38,510 - DEBUG - >>> None: [b'XREADGROUP', b'GROUP', b'docket-workers', b'DESKTOP-EP5TI1Q#20692', b'COUNT', b'10', b'BLOCK', b'0', b'STREAMS', b'fastmcp:stream', b'>']
2026-01-19 15:46:38,739 - DEBUG - Scheduling due tasks
2026-01-19 15:46:38,739 - DEBUG - >>> None: [b'EVALSHA', b'39773dffbc51ce836d528fa7bc63e81067cfaea6', b'2', b'fastmcp:queue', b'fastmcp:stream', b'1768817798.739557', b'fastmcp']
2026-01-19 15:46:38,769 - DEBUG - Getting redeliveries
2026-01-19 15:46:38,769 - DEBUG - >>> None: [b'XAUTOCLAIM', b'fastmcp:stream', b'docket-workers', b'DESKTOP-EP5TI1Q#20692', b'300000', b'0-0', b'COUNT', b'10']
2026-01-19 15:46:38,770 - DEBUG - Getting new deliveries
2026-01-19 15:46:38,770 - DEBUG - >>> None: [b'XREADGROUP', b'GROUP', b'docket-workers', b'DESKTOP-EP5TI1Q#20692', b'COUNT', b'10', b'BLOCK', b'0', b'STREAMS', b'fastmcp:stream', b'>']
2026-01-19 15:46:39,001 - DEBUG - Scheduling due tasks
2026-01-19 15:46:39,002 - DEBUG - >>> None: [b'EVALSHA', b'39773dffbc51ce836d528fa7bc63e81067cfaea6', b'2', b'fastmcp:queue', b'fastmcp:stream', b'1768817799.002021', b'fastmcp']
2026-01-19 15:46:39,027 - DEBUG - Getting redeliveries
2026-01-19 15:46:39,064 - DEBUG - >>> None: [b'XAUTOCLAIM', b'fastmcp:stream', b'docket-workers', b'DESKTOP-EP5TI1Q#20692', b'300000', b'0-0', b'COUNT', b'10']
2026-01-19 15:46:39,064 - DEBUG - Getting new deliveries
2026-01-19 15:46:39,064 - DEBUG - >>> None: [b'XREADGROUP', b'GROUP', b'docket-workers', b'DESKTOP-EP5TI1Q#20692', b'COUNT', b'10', b'BLOCK', b'0', b'STREAMS', b'fastmcp:stream', b'>']
2026-01-19 15:46:39,267 - DEBUG - Scheduling due tasks
2026-01-19 15:46:39,268 - DEBUG - >>> None: [b'EVALSHA', b'39773dffbc51ce836d528fa7bc63e81067cfaea6', b'2', b'fastmcp:queue', b'fastmcp:stream', b'1768817799.267581', b'fastmcp']
2026-01-19 15:46:39,330 - DEBUG - Getting redeliveries
2026-01-19 15:46:39,330 - DEBUG - >>> None: [b'XAUTOCLAIM', b'fastmcp:stream', b'docket-workers', b'DESKTOP-EP5TI1Q#20692', b'300000', b'0-0', b'COUNT', b'10']
2026-01-19 15:46:39,331 - DEBUG - Getting new deliveries
2026-01-19 15:46:39,331 - DEBUG - >>> None: [b'XREADGROUP', b'GROUP', b'docket-workers', b'DESKTOP-EP5TI1Q#20692', b'COUNT', b'10', b'BLOCK', b'0', b'STREAMS', b'fastmcp:stream', b'>']
2026-01-19 15:46:39,525 - DEBUG - Scheduling due tasks
2026-01-19 15:46:39,525 - DEBUG - >>> None: [b'EVALSHA', b'39773dffbc51ce836d528fa7bc63e81067cfaea6', b'2', b'fastmcp:queue', b'fastmcp:stream', b'1768817799.525329', b'fastmcp']
2026-01-19 15:46:39,601 - DEBUG - Getting redeliveries
2026-01-19 15:46:39,601 - DEBUG - >>> None: [b'XAUTOCLAIM', b'fastmcp:stream', b'docket-workers', b'DESKTOP-EP5TI1Q#20692', b'300000', b'0-0', b'COUNT', b'10']
2026-01-19 15:46:39,602 - DEBUG - Getting new deliveries
2026-01-19 15:46:39,603 - DEBUG - >>> None: [b'XREADGROUP', b'GROUP', b'docket-workers', b'DESKTOP-EP5TI1Q#20692', b'COUNT', b'10', b'BLOCK', b'0', b'STREAMS', b'fastmcp:stream', b'>']
2026-01-19 15:46:39,724 - DEBUG - >>> None: [b'MULTI']
2026-01-19 15:46:39,725 - DEBUG - >>> None: [b'ZREMRANGEBYSCORE', b'fastmcp:workers', b'0', b'1768817789.723799']
2026-01-19 15:46:39,725 - DEBUG - >>> None: [b'ZADD', b'fastmcp:workers', b'1768817799.723799', b'DESKTOP-EP5TI1Q#20692']
2026-01-19 15:46:39,725 - DEBUG - >>> None: [b'ZREMRANGEBYSCORE', b'fastmcp:task-workers:trace', b'0', b'1768817789.723799']
2026-01-19 15:46:39,725 - DEBUG - >>> None: [b'ZADD', b'fastmcp:task-workers:trace', b'1768817799.723799', b'DESKTOP-EP5TI1Q#20692']
2026-01-19 15:46:39,726 - DEBUG - >>> None: [b'ZREMRANGEBYSCORE', b'fastmcp:task-workers:fail', b'0', b'1768817789.723799']
2026-01-19 15:46:39,726 - DEBUG - >>> None: [b'ZADD', b'fastmcp:task-workers:fail', b'1768817799.723799', b'DESKTOP-EP5TI1Q#20692']
2026-01-19 15:46:39,727 - DEBUG - >>> None: [b'ZREMRANGEBYSCORE', b'fastmcp:task-workers:sleep', b'0', b'1768817789.723799']
2026-01-19 15:46:39,727 - DEBUG - >>> None: [b'ZADD', b'fastmcp:task-workers:sleep', b'1768817799.723799', b'DESKTOP-EP5TI1Q#20692']
2026-01-19 15:46:39,728 - DEBUG - >>> None: [b'SADD', b'fastmcp:worker-tasks:DESKTOP-EP5TI1Q#20692', b'trace', b'fail', b'sleep']
2026-01-19 15:46:39,728 - DEBUG - >>> None: [b'EXPIRE', b'fastmcp:worker-tasks:DESKTOP-EP5TI1Q#20692', b'10']
2026-01-19 15:46:39,729 - DEBUG - >>> None: [b'EXEC']
2026-01-19 15:46:39,731 - DEBUG - >>> None: [b'MULTI']
2026-01-19 15:46:39,731 - DEBUG - >>> None: [b'XLEN', b'fastmcp:stream']
2026-01-19 15:46:39,731 - DEBUG - >>> None: [b'ZCOUNT', b'fastmcp:queue', b'0', b'1768817799.723799']
2026-01-19 15:46:39,731 - DEBUG - >>> None: [b'ZCOUNT', b'fastmcp:queue', b'1768817799.723799', b'+inf']
2026-01-19 15:46:39,732 - DEBUG - >>> None: [b'EXEC']
2026-01-19 15:46:39,787 - DEBUG - Scheduling due tasks
2026-01-19 15:46:39,789 - DEBUG - >>> None: [b'EVALSHA', b'39773dffbc51ce836d528fa7bc63e81067cfaea6', b'2', b'fastmcp:queue', b'fastmcp:stream', b'1768817799.787974', b'fastmcp']
2026-01-19 15:46:39,858 - DEBUG - Getting redeliveries
2026-01-19 15:46:39,859 - DEBUG - >>> None: [b'XAUTOCLAIM', b'fastmcp:stream', b'docket-workers', b'DESKTOP-EP5TI1Q#20692', b'300000', b'0-0', b'COUNT', b'10']
2026-01-19 15:46:39,859 - DEBUG - Getting new deliveries
2026-01-19 15:46:39,859 - DEBUG - >>> None: [b'XREADGROUP', b'GROUP', b'docket-workers', b'DESKTOP-EP5TI1Q#20692', b'COUNT', b'10', b'BLOCK', b'0', b'STREAMS', b'fastmcp:stream', b'>']
2026-01-19 15:46:40,045 - DEBUG - Scheduling due tasks
2026-01-19 15:46:40,046 - DEBUG - >>> None: [b'EVALSHA', b'39773dffbc51ce836d528fa7bc63e81067cfaea6', b'2', b'fastmcp:queue', b'fastmcp:stream', b'1768817800.045581', b'fastmcp']
2026-01-19 15:46:40,117 - DEBUG - Getting redeliveries
2026-01-19 15:46:40,117 - DEBUG - >>> None: [b'XAUTOCLAIM', b'fastmcp:stream', b'docket-workers', b'DESKTOP-EP5TI1Q#20692', b'300000', b'0-0', b'COUNT', b'10']
2026-01-19 15:46:40,118 - DEBUG - Getting new deliveries
2026-01-19 15:46:40,118 - DEBUG - >>> None: [b'XREADGROUP', b'GROUP', b'docket-workers', b'DESKTOP-EP5TI1Q#20692', b'COUNT', b'10', b'BLOCK', b'0', b'STREAMS', b'fastmcp:stream', b'>']
2026-01-19 15:46:40,311 - DEBUG - Scheduling due tasks
2026-01-19 15:46:40,312 - DEBUG - >>> None: [b'EVALSHA', b'39773dffbc51ce836d528fa7bc63e81067cfaea6', b'2', b'fastmcp:queue', b'fastmcp:stream', b'1768817800.312155', b'fastmcp']
2026-01-19 15:46:40,375 - DEBUG - Getting redeliveries
2026-01-19 15:46:40,375 - DEBUG - >>> None: [b'XAUTOCLAIM', b'fastmcp:stream', b'docket-workers', b'DESKTOP-EP5TI1Q#20692', b'300000', b'0-0', b'COUNT', b'10']
2026-01-19 15:46:40,376 - DEBUG - Getting new deliveries
2026-01-19 15:46:40,376 - DEBUG - >>> None: [b'XREADGROUP', b'GROUP', b'docket-workers', b'DESKTOP-EP5TI1Q#20692', b'COUNT', b'10', b'BLOCK', b'0', b'STREAMS', b'fastmcp:stream', b'>']
2026-01-19 15:46:40,566 - DEBUG - Scheduling due tasks
2026-01-19 15:46:40,567 - DEBUG - >>> None: [b'EVALSHA', b'39773dffbc51ce836d528fa7bc63e81067cfaea6', b'2', b'fastmcp:queue', b'fastmcp:stream', b'1768817800.567076', b'fastmcp']
2026-01-19 15:46:40,631 - DEBUG - Getting redeliveries
2026-01-19 15:46:40,631 - DEBUG - >>> None: [b'XAUTOCLAIM', b'fastmcp:stream', b'docket-workers', b'DESKTOP-EP5TI1Q#20692', b'300000', b'0-0', b'COUNT', b'10']
2026-01-19 15:46:40,632 - DEBUG - Getting new deliveries
2026-01-19 15:46:40,632 - DEBUG - >>> None: [b'XREADGROUP', b'GROUP', b'docket-workers', b'DESKTOP-EP5TI1Q#20692', b'COUNT', b'10', b'BLOCK', b'0', b'STREAMS', b'fastmcp:stream', b'>']
2026-01-19 15:46:40,830 - DEBUG - Scheduling due tasks
2026-01-19 15:46:40,830 - DEBUG - >>> None: [b'EVALSHA', b'39773dffbc51ce836d528fa7bc63e81067cfaea6', b'2', b'fastmcp:queue', b'fastmcp:stream', b'1768817800.830239', b'fastmcp']
2026-01-19 15:46:40,894 - DEBUG - Getting redeliveries
2026-01-19 15:46:40,894 - DEBUG - >>> None: [b'XAUTOCLAIM', b'fastmcp:stream', b'docket-workers', b'DESKTOP-EP5TI1Q#20692', b'300000', b'0-0', b'COUNT', b'10']
2026-01-19 15:46:40,894 - DEBUG - Getting new deliveries
2026-01-19 15:46:40,894 - DEBUG - >>> None: [b'XREADGROUP', b'GROUP', b'docket-workers', b'DESKTOP-EP5TI1Q#20692', b'COUNT', b'10', b'BLOCK', b'0', b'STREAMS', b'fastmcp:stream', b'>']
2026-01-19 15:46:40,910 - DEBUG - >>> None: [b'XREAD', b'BLOCK', b'60000', b'COUNT', b'100', b'STREAMS', b'fastmcp:strikes', b'0-0']
2026-01-19 15:46:41,096 - DEBUG - Scheduling due tasks
2026-01-19 15:46:41,096 - DEBUG - >>> None: [b'EVALSHA', b'39773dffbc51ce836d528fa7bc63e81067cfaea6', b'2', b'fastmcp:queue', b'fastmcp:stream', b'1768817801.096665', b'fastmcp']
2026-01-19 15:46:41,146 - DEBUG - Getting redeliveries
2026-01-19 15:46:41,146 - DEBUG - >>> None: [b'XAUTOCLAIM', b'fastmcp:stream', b'docket-workers', b'DESKTOP-EP5TI1Q#20692', b'300000', b'0-0', b'COUNT', b'10']
2026-01-19 15:46:41,147 - DEBUG - Getting new deliveries
2026-01-19 15:46:41,147 - DEBUG - >>> None: [b'XREADGROUP', b'GROUP', b'docket-workers', b'DESKTOP-EP5TI1Q#20692', b'COUNT', b'10', b'BLOCK', b'0', b'STREAMS', b'fastmcp:stream', b'>']
2026-01-19 15:46:41,359 - DEBUG - Scheduling due tasks
2026-01-19 15:46:41,359 - DEBUG - >>> None: [b'EVALSHA', b'39773dffbc51ce836d528fa7bc63e81067cfaea6', b'2', b'fastmcp:queue', b'fastmcp:stream', b'1768817801.359734', b'fastmcp']
2026-01-19 15:46:41,399 - DEBUG - Getting redeliveries
2026-01-19 15:46:41,400 - DEBUG - >>> None: [b'XAUTOCLAIM', b'fastmcp:stream', b'docket-workers', b'DESKTOP-EP5TI1Q#20692', b'300000', b'0-0', b'COUNT', b'10']
2026-01-19 15:46:41,401 - DEBUG - Getting new deliveries
2026-01-19 15:46:41,401 - DEBUG - >>> None: [b'XREADGROUP', b'GROUP', b'docket-workers', b'DESKTOP-EP5TI1Q#20692', b'COUNT', b'10', b'BLOCK', b'0', b'STREAMS', b'fastmcp:stream', b'>']
2026-01-19 15:46:41,616 - DEBUG - Scheduling due tasks
2026-01-19 15:46:41,617 - DEBUG - >>> None: [b'EVALSHA', b'39773dffbc51ce836d528fa7bc63e81067cfaea6', b'2', b'fastmcp:queue', b'fastmcp:stream', b'1768817801.616847', b'fastmcp']
2026-01-19 15:46:41,663 - DEBUG - Getting redeliveries
2026-01-19 15:46:41,664 - DEBUG - >>> None: [b'XAUTOCLAIM', b'fastmcp:stream', b'docket-workers', b'DESKTOP-EP5TI1Q#20692', b'300000', b'0-0', b'COUNT', b'10']
2026-01-19 15:46:41,664 - DEBUG - Getting new deliveries
2026-01-19 15:46:41,665 - DEBUG - >>> None: [b'XREADGROUP', b'GROUP', b'docket-workers', b'DESKTOP-EP5TI1Q#20692', b'COUNT', b'10', b'BLOCK', b'0', b'STREAMS', b'fastmcp:stream', b'>']
2026-01-19 15:46:41,744 - DEBUG - >>> None: [b'MULTI']
2026-01-19 15:46:41,782 - DEBUG - >>> None: [b'ZREMRANGEBYSCORE', b'fastmcp:workers', b'0', b'1768817791.743977']
2026-01-19 15:46:41,783 - DEBUG - >>> None: [b'ZADD', b'fastmcp:workers', b'1768817801.743977', b'DESKTOP-EP5TI1Q#20692']
2026-01-19 15:46:41,783 - DEBUG - >>> None: [b'ZREMRANGEBYSCORE', b'fastmcp:task-workers:trace', b'0', b'1768817791.743977']
2026-01-19 15:46:41,784 - DEBUG - >>> None: [b'ZADD', b'fastmcp:task-workers:trace', b'1768817801.743977', b'DESKTOP-EP5TI1Q#20692']
2026-01-19 15:46:41,785 - DEBUG - >>> None: [b'ZREMRANGEBYSCORE', b'fastmcp:task-workers:fail', b'0', b'1768817791.743977']
2026-01-19 15:46:41,785 - DEBUG - >>> None: [b'ZADD', b'fastmcp:task-workers:fail', b'1768817801.743977', b'DESKTOP-EP5TI1Q#20692']
2026-01-19 15:46:41,786 - DEBUG - >>> None: [b'ZREMRANGEBYSCORE', b'fastmcp:task-workers:sleep', b'0', b'1768817791.743977']
2026-01-19 15:46:41,786 - DEBUG - >>> None: [b'ZADD', b'fastmcp:task-workers:sleep', b'1768817801.743977', b'DESKTOP-EP5TI1Q#20692']
2026-01-19 15:46:41,786 - DEBUG - >>> None: [b'SADD', b'fastmcp:worker-tasks:DESKTOP-EP5TI1Q#20692', b'trace', b'fail', b'sleep']
2026-01-19 15:46:41,786 - DEBUG - >>> None: [b'EXPIRE', b'fastmcp:worker-tasks:DESKTOP-EP5TI1Q#20692', b'10']
2026-01-19 15:46:41,786 - DEBUG - >>> None: [b'EXEC']
2026-01-19 15:46:41,788 - DEBUG - >>> None: [b'MULTI']
2026-01-19 15:46:41,788 - DEBUG - >>> None: [b'XLEN', b'fastmcp:stream']
2026-01-19 15:46:41,789 - DEBUG - >>> None: [b'ZCOUNT', b'fastmcp:queue', b'0', b'1768817801.743977']
2026-01-19 15:46:41,789 - DEBUG - >>> None: [b'ZCOUNT', b'fastmcp:queue', b'1768817801.743977', b'+inf']
2026-01-19 15:46:41,789 - DEBUG - >>> None: [b'EXEC']
2026-01-19 15:46:41,880 - DEBUG - Scheduling due tasks
2026-01-19 15:46:41,880 - DEBUG - >>> None: [b'EVALSHA', b'39773dffbc51ce836d528fa7bc63e81067cfaea6', b'2', b'fastmcp:queue', b'fastmcp:stream', b'1768817801.880501', b'fastmcp']
2026-01-19 15:46:41,927 - DEBUG - Getting redeliveries
2026-01-19 15:46:41,928 - DEBUG - >>> None: [b'XAUTOCLAIM', b'fastmcp:stream', b'docket-workers', b'DESKTOP-EP5TI1Q#20692', b'300000', b'0-0', b'COUNT', b'10']
2026-01-19 15:46:41,929 - DEBUG - Getting new deliveries
2026-01-19 15:46:41,929 - DEBUG - >>> None: [b'XREADGROUP', b'GROUP', b'docket-workers', b'DESKTOP-EP5TI1Q#20692', b'COUNT', b'10', b'BLOCK', b'0', b'STREAMS', b'fastmcp:stream', b'>']
2026-01-19 15:46:42,146 - DEBUG - Scheduling due tasks
2026-01-19 15:46:42,147 - DEBUG - >>> None: [b'EVALSHA', b'39773dffbc51ce836d528fa7bc63e81067cfaea6', b'2', b'fastmcp:queue', b'fastmcp:stream', b'1768817802.147047', b'fastmcp']
2026-01-19 15:46:42,182 - DEBUG - Getting redeliveries
2026-01-19 15:46:42,182 - DEBUG - >>> None: [b'XAUTOCLAIM', b'fastmcp:stream', b'docket-workers', b'DESKTOP-EP5TI1Q#20692', b'300000', b'0-0', b'COUNT', b'10']
2026-01-19 15:46:42,183 - DEBUG - Getting new deliveries
2026-01-19 15:46:42,183 - DEBUG - >>> None: [b'XREADGROUP', b'GROUP', b'docket-workers', b'DESKTOP-EP5TI1Q#20692', b'COUNT', b'10', b'BLOCK', b'0', b'STREAMS', b'fastmcp:stream', b'>']
2026-01-19 15:46:42,413 - DEBUG - Scheduling due tasks
2026-01-19 15:46:42,414 - DEBUG - >>> None: [b'EVALSHA', b'39773dffbc51ce836d528fa7bc63e81067cfaea6', b'2', b'fastmcp:queue', b'fastmcp:stream', b'1768817802.414274', b'fastmcp']
2026-01-19 15:46:42,446 - DEBUG - Getting redeliveries
2026-01-19 15:46:42,447 - DEBUG - >>> None: [b'XAUTOCLAIM', b'fastmcp:stream', b'docket-workers', b'DESKTOP-EP5TI1Q#20692', b'300000', b'0-0', b'COUNT', b'10']
2026-01-19 15:46:42,447 - DEBUG - Getting new deliveries
2026-01-19 15:46:42,448 - DEBUG - >>> None: [b'XREADGROUP', b'GROUP', b'docket-workers', b'DESKTOP-EP5TI1Q#20692', b'COUNT', b'10', b'BLOCK', b'0', b'STREAMS', b'fastmcp:stream', b'>']
2026-01-19 15:46:42,667 - DEBUG - Scheduling due tasks
2026-01-19 15:46:42,668 - DEBUG - >>> None: [b'EVALSHA', b'39773dffbc51ce836d528fa7bc63e81067cfaea6', b'2', b'fastmcp:queue', b'fastmcp:stream', b'1768817802.668084', b'fastmcp']
2026-01-19 15:46:42,699 - DEBUG - Getting redeliveries
2026-01-19 15:46:42,700 - DEBUG - >>> None: [b'XAUTOCLAIM', b'fastmcp:stream', b'docket-workers', b'DESKTOP-EP5TI1Q#20692', b'300000', b'0-0', b'COUNT', b'10']
2026-01-19 15:46:42,701 - DEBUG - Getting new deliveries
2026-01-19 15:46:42,701 - DEBUG - >>> None: [b'XREADGROUP', b'GROUP', b'docket-workers', b'DESKTOP-EP5TI1Q#20692', b'COUNT', b'10', b'BLOCK', b'0', b'STREAMS', b'fastmcp:stream', b'>']
2026-01-19 15:46:42,932 - DEBUG - Scheduling due tasks
2026-01-19 15:46:42,933 - DEBUG - >>> None: [b'EVALSHA', b'39773dffbc51ce836d528fa7bc63e81067cfaea6', b'2', b'fastmcp:queue', b'fastmcp:stream', b'1768817802.933141', b'fastmcp']
2026-01-19 15:46:42,956 - DEBUG - Getting redeliveries
2026-01-19 15:46:42,957 - DEBUG - >>> None: [b'XAUTOCLAIM', b'fastmcp:stream', b'docket-workers', b'DESKTOP-EP5TI1Q#20692', b'300000', b'0-0', b'COUNT', b'10']
2026-01-19 15:46:42,958 - DEBUG - Getting new deliveries
2026-01-19 15:46:42,958 - DEBUG - >>> None: [b'XREADGROUP', b'GROUP', b'docket-workers', b'DESKTOP-EP5TI1Q#20692', b'COUNT', b'10', b'BLOCK', b'0', b'STREAMS', b'fastmcp:stream', b'>']
2026-01-19 15:46:43,191 - DEBUG - Scheduling due tasks
2026-01-19 15:46:43,191 - DEBUG - >>> None: [b'EVALSHA', b'39773dffbc51ce836d528fa7bc63e81067cfaea6', b'2', b'fastmcp:queue', b'fastmcp:stream', b'1768817803.191326', b'fastmcp']
2026-01-19 15:46:43,217 - DEBUG - Getting redeliveries
2026-01-19 15:46:43,218 - DEBUG - >>> None: [b'XAUTOCLAIM', b'fastmcp:stream', b'docket-workers', b'DESKTOP-EP5TI1Q#20692', b'300000', b'0-0', b'COUNT', b'10']
2026-01-19 15:46:43,218 - DEBUG - Getting new deliveries
2026-01-19 15:46:43,218 - DEBUG - >>> None: [b'XREADGROUP', b'GROUP', b'docket-workers', b'DESKTOP-EP5TI1Q#20692', b'COUNT', b'10', b'BLOCK', b'0', b'STREAMS', b'fastmcp:stream', b'>']
2026-01-19 15:46:43,448 - DEBUG - Scheduling due tasks
2026-01-19 15:46:43,449 - DEBUG - >>> None: [b'EVALSHA', b'39773dffbc51ce836d528fa7bc63e81067cfaea6', b'2', b'fastmcp:queue', b'fastmcp:stream', b'1768817803.449028', b'fastmcp']
2026-01-19 15:46:43,480 - DEBUG - Getting redeliveries
2026-01-19 15:46:43,481 - DEBUG - >>> None: [b'XAUTOCLAIM', b'fastmcp:stream', b'docket-workers', b'DESKTOP-EP5TI1Q#20692', b'300000', b'0-0', b'COUNT', b'10']
2026-01-19 15:46:43,481 - DEBUG - Getting new deliveries
2026-01-19 15:46:43,481 - DEBUG - >>> None: [b'XREADGROUP', b'GROUP', b'docket-workers', b'DESKTOP-EP5TI1Q#20692', b'COUNT', b'10', b'BLOCK', b'0', b'STREAMS', b'fastmcp:stream', b'>']
2026-01-19 15:46:43,702 - DEBUG - Scheduling due tasks
2026-01-19 15:46:43,703 - DEBUG - >>> None: [b'EVALSHA', b'39773dffbc51ce836d528fa7bc63e81067cfaea6', b'2', b'fastmcp:queue', b'fastmcp:stream', b'1768817803.702777', b'fastmcp']
2026-01-19 15:46:43,734 - DEBUG - Getting redeliveries
2026-01-19 15:46:43,735 - DEBUG - >>> None: [b'XAUTOCLAIM', b'fastmcp:stream', b'docket-workers', b'DESKTOP-EP5TI1Q#20692', b'300000', b'0-0', b'COUNT', b'10']
2026-01-19 15:46:43,735 - DEBUG - Getting new deliveries
2026-01-19 15:46:43,736 - DEBUG - >>> None: [b'XREADGROUP', b'GROUP', b'docket-workers', b'DESKTOP-EP5TI1Q#20692', b'COUNT', b'10', b'BLOCK', b'0', b'STREAMS', b'fastmcp:stream', b'>']
2026-01-19 15:46:43,798 - DEBUG - >>> None: [b'MULTI']
2026-01-19 15:46:43,798 - DEBUG - >>> None: [b'ZREMRANGEBYSCORE', b'fastmcp:workers', b'0', b'1768817793.79791']
2026-01-19 15:46:43,798 - DEBUG - >>> None: [b'ZADD', b'fastmcp:workers', b'1768817803.79791', b'DESKTOP-EP5TI1Q#20692']
2026-01-19 15:46:43,798 - DEBUG - >>> None: [b'ZREMRANGEBYSCORE', b'fastmcp:task-workers:trace', b'0', b'1768817793.79791']
2026-01-19 15:46:43,798 - DEBUG - >>> None: [b'ZADD', b'fastmcp:task-workers:trace', b'1768817803.79791', b'DESKTOP-EP5TI1Q#20692']
2026-01-19 15:46:43,798 - DEBUG - >>> None: [b'ZREMRANGEBYSCORE', b'fastmcp:task-workers:fail', b'0', b'1768817793.79791']
2026-01-19 15:46:43,798 - DEBUG - >>> None: [b'ZADD', b'fastmcp:task-workers:fail', b'1768817803.79791', b'DESKTOP-EP5TI1Q#20692']
2026-01-19 15:46:43,798 - DEBUG - >>> None: [b'ZREMRANGEBYSCORE', b'fastmcp:task-workers:sleep', b'0', b'1768817793.79791']
2026-01-19 15:46:43,799 - DEBUG - >>> None: [b'ZADD', b'fastmcp:task-workers:sleep', b'1768817803.79791', b'DESKTOP-EP5TI1Q#20692']
2026-01-19 15:46:43,799 - DEBUG - >>> None: [b'SADD', b'fastmcp:worker-tasks:DESKTOP-EP5TI1Q#20692', b'trace', b'fail', b'sleep']
2026-01-19 15:46:43,799 - DEBUG - >>> None: [b'EXPIRE', b'fastmcp:worker-tasks:DESKTOP-EP5TI1Q#20692', b'10']
2026-01-19 15:46:43,799 - DEBUG - >>> None: [b'EXEC']
2026-01-19 15:46:43,800 - DEBUG - >>> None: [b'MULTI']
2026-01-19 15:46:43,800 - DEBUG - >>> None: [b'XLEN', b'fastmcp:stream']
2026-01-19 15:46:43,800 - DEBUG - >>> None: [b'ZCOUNT', b'fastmcp:queue', b'0', b'1768817803.79791']
2026-01-19 15:46:43,800 - DEBUG - >>> None: [b'ZCOUNT', b'fastmcp:queue', b'1768817803.79791', b'+inf']
2026-01-19 15:46:43,800 - DEBUG - >>> None: [b'EXEC']
2026-01-19 15:46:43,961 - DEBUG - Scheduling due tasks
2026-01-19 15:46:43,961 - DEBUG - >>> None: [b'EVALSHA', b'39773dffbc51ce836d528fa7bc63e81067cfaea6', b'2', b'fastmcp:queue', b'fastmcp:stream', b'1768817803.96126', b'fastmcp']
2026-01-19 15:46:43,993 - DEBUG - Getting redeliveries
2026-01-19 15:46:43,994 - DEBUG - >>> None: [b'XAUTOCLAIM', b'fastmcp:stream', b'docket-workers', b'DESKTOP-EP5TI1Q#20692', b'300000', b'0-0', b'COUNT', b'10']
2026-01-19 15:46:43,994 - DEBUG - Getting new deliveries
2026-01-19 15:46:43,994 - DEBUG - >>> None: [b'XREADGROUP', b'GROUP', b'docket-workers', b'DESKTOP-EP5TI1Q#20692', b'COUNT', b'10', b'BLOCK', b'0', b'STREAMS', b'fastmcp:stream', b'>']
2026-01-19 15:46:44,220 - DEBUG - Scheduling due tasks
2026-01-19 15:46:44,221 - DEBUG - >>> None: [b'EVALSHA', b'39773dffbc51ce836d528fa7bc63e81067cfaea6', b'2', b'fastmcp:queue', b'fastmcp:stream', b'1768817804.221198', b'fastmcp']
2026-01-19 15:46:44,261 - DEBUG - Getting redeliveries
2026-01-19 15:46:44,262 - DEBUG - >>> None: [b'XAUTOCLAIM', b'fastmcp:stream', b'docket-workers', b'DESKTOP-EP5TI1Q#20692', b'300000', b'0-0', b'COUNT', b'10']
2026-01-19 15:46:44,262 - DEBUG - Getting new deliveries
2026-01-19 15:46:44,262 - DEBUG - >>> None: [b'XREADGROUP', b'GROUP', b'docket-workers', b'DESKTOP-EP5TI1Q#20692', b'COUNT', b'10', b'BLOCK', b'0', b'STREAMS', b'fastmcp:stream', b'>']
2026-01-19 15:46:44,482 - DEBUG - Scheduling due tasks
2026-01-19 15:46:44,518 - DEBUG - >>> None: [b'EVALSHA', b'39773dffbc51ce836d528fa7bc63e81067cfaea6', b'2', b'fastmcp:queue', b'fastmcp:stream', b'1768817804.518027', b'fastmcp']
2026-01-19 15:46:44,519 - DEBUG - Getting redeliveries
2026-01-19 15:46:44,519 - DEBUG - >>> None: [b'XAUTOCLAIM', b'fastmcp:stream', b'docket-workers', b'DESKTOP-EP5TI1Q#20692', b'300000', b'0-0', b'COUNT', b'10']
2026-01-19 15:46:44,520 - DEBUG - Getting new deliveries
2026-01-19 15:46:44,520 - DEBUG - >>> None: [b'XREADGROUP', b'GROUP', b'docket-workers', b'DESKTOP-EP5TI1Q#20692', b'COUNT', b'10', b'BLOCK', b'0', b'STREAMS', b'fastmcp:stream', b'>']
2026-01-19 15:46:44,774 - DEBUG - Scheduling due tasks
2026-01-19 15:46:44,775 - DEBUG - >>> None: [b'EVALSHA', b'39773dffbc51ce836d528fa7bc63e81067cfaea6', b'2', b'fastmcp:queue', b'fastmcp:stream', b'1768817804.775009', b'fastmcp']
2026-01-19 15:46:44,776 - DEBUG - Getting redeliveries
2026-01-19 15:46:44,776 - DEBUG - >>> None: [b'XAUTOCLAIM', b'fastmcp:stream', b'docket-workers', b'DESKTOP-EP5TI1Q#20692', b'300000', b'0-0', b'COUNT', b'10']
2026-01-19 15:46:44,776 - DEBUG - Getting new deliveries
2026-01-19 15:46:44,776 - DEBUG - >>> None: [b'XREADGROUP', b'GROUP', b'docket-workers', b'DESKTOP-EP5TI1Q#20692', b'COUNT', b'10', b'BLOCK', b'0', b'STREAMS', b'fastmcp:stream', b'>']
2026-01-19 15:46:45,034 - DEBUG - Scheduling due tasks
2026-01-19 15:46:45,035 - DEBUG - >>> None: [b'EVALSHA', b'39773dffbc51ce836d528fa7bc63e81067cfaea6', b'2', b'fastmcp:queue', b'fastmcp:stream', b'1768817805.035014', b'fastmcp']
2026-01-19 15:46:45,035 - DEBUG - Getting redeliveries
2026-01-19 15:46:45,035 - DEBUG - >>> None: [b'XAUTOCLAIM', b'fastmcp:stream', b'docket-workers', b'DESKTOP-EP5TI1Q#20692', b'300000', b'0-0', b'COUNT', b'10']
2026-01-19 15:46:45,036 - DEBUG - Getting new deliveries
2026-01-19 15:46:45,036 - DEBUG - >>> None: [b'XREADGROUP', b'GROUP', b'docket-workers', b'DESKTOP-EP5TI1Q#20692', b'COUNT', b'10', b'BLOCK', b'0', b'STREAMS', b'fastmcp:stream', b'>']
2026-01-19 15:46:45,302 - DEBUG - Scheduling due tasks
2026-01-19 15:46:45,302 - DEBUG - >>> None: [b'EVALSHA', b'39773dffbc51ce836d528fa7bc63e81067cfaea6', b'2', b'fastmcp:queue', b'fastmcp:stream', b'1768817805.302316', b'fastmcp']
2026-01-19 15:46:45,303 - DEBUG - Getting redeliveries
2026-01-19 15:46:45,303 - DEBUG - >>> None: [b'XAUTOCLAIM', b'fastmcp:stream', b'docket-workers', b'DESKTOP-EP5TI1Q#20692', b'300000', b'0-0', b'COUNT', b'10']
2026-01-19 15:46:45,303 - DEBUG - Getting new deliveries
2026-01-19 15:46:45,303 - DEBUG - >>> None: [b'XREADGROUP', b'GROUP', b'docket-workers', b'DESKTOP-EP5TI1Q#20692', b'COUNT', b'10', b'BLOCK', b'0', b'STREAMS', b'fastmcp:stream', b'>']
2026-01-19 15:46:45,563 - DEBUG - Scheduling due tasks
2026-01-19 15:46:45,564 - DEBUG - >>> None: [b'EVALSHA', b'39773dffbc51ce836d528fa7bc63e81067cfaea6', b'2', b'fastmcp:queue', b'fastmcp:stream', b'1768817805.563898', b'fastmcp']
2026-01-19 15:46:45,564 - DEBUG - Getting redeliveries
2026-01-19 15:46:45,564 - DEBUG - >>> None: [b'XAUTOCLAIM', b'fastmcp:stream', b'docket-workers', b'DESKTOP-EP5TI1Q#20692', b'300000', b'0-0', b'COUNT', b'10']
2026-01-19 15:46:45,565 - DEBUG - Getting new deliveries
2026-01-19 15:46:45,565 - DEBUG - >>> None: [b'XREADGROUP', b'GROUP', b'docket-workers', b'DESKTOP-EP5TI1Q#20692', b'COUNT', b'10', b'BLOCK', b'0', b'STREAMS', b'fastmcp:stream', b'>']
2026-01-19 15:46:45,813 - DEBUG - >>> None: [b'MULTI']
2026-01-19 15:46:45,814 - DEBUG - >>> None: [b'ZREMRANGEBYSCORE', b'fastmcp:workers', b'0', b'1768817795.812634']
2026-01-19 15:46:45,814 - DEBUG - >>> None: [b'ZADD', b'fastmcp:workers', b'1768817805.812634', b'DESKTOP-EP5TI1Q#20692']
2026-01-19 15:46:45,814 - DEBUG - >>> None: [b'ZREMRANGEBYSCORE', b'fastmcp:task-workers:trace', b'0', b'1768817795.812634']
2026-01-19 15:46:45,814 - DEBUG - >>> None: [b'ZADD', b'fastmcp:task-workers:trace', b'1768817805.812634', b'DESKTOP-EP5TI1Q#20692']
2026-01-19 15:46:45,814 - DEBUG - >>> None: [b'ZREMRANGEBYSCORE', b'fastmcp:task-workers:fail', b'0', b'1768817795.812634']
2026-01-19 15:46:45,814 - DEBUG - >>> None: [b'ZADD', b'fastmcp:task-workers:fail', b'1768817805.812634', b'DESKTOP-EP5TI1Q#20692']
2026-01-19 15:46:45,815 - DEBUG - >>> None: [b'ZREMRANGEBYSCORE', b'fastmcp:task-workers:sleep', b'0', b'1768817795.812634']
2026-01-19 15:46:45,815 - DEBUG - >>> None: [b'ZADD', b'fastmcp:task-workers:sleep', b'1768817805.812634', b'DESKTOP-EP5TI1Q#20692']
2026-01-19 15:46:45,815 - DEBUG - >>> None: [b'SADD', b'fastmcp:worker-tasks:DESKTOP-EP5TI1Q#20692', b'trace', b'fail', b'sleep']
2026-01-19 15:46:45,815 - DEBUG - >>> None: [b'EXPIRE', b'fastmcp:worker-tasks:DESKTOP-EP5TI1Q#20692', b'10']
2026-01-19 15:46:45,816 - DEBUG - >>> None: [b'EXEC']
2026-01-19 15:46:45,817 - DEBUG - >>> None: [b'MULTI']
2026-01-19 15:46:45,817 - DEBUG - >>> None: [b'XLEN', b'fastmcp:stream']
2026-01-19 15:46:45,817 - DEBUG - >>> None: [b'ZCOUNT', b'fastmcp:queue', b'0', b'1768817805.812634']
2026-01-19 15:46:45,818 - DEBUG - >>> None: [b'ZCOUNT', b'fastmcp:queue', b'1768817805.812634', b'+inf']
2026-01-19 15:46:45,818 - DEBUG - >>> None: [b'EXEC']
2026-01-19 15:46:45,818 - DEBUG - Scheduling due tasks
2026-01-19 15:46:45,818 - DEBUG - >>> None: [b'EVALSHA', b'39773dffbc51ce836d528fa7bc63e81067cfaea6', b'2', b'fastmcp:queue', b'fastmcp:stream', b'1768817805.818861', b'fastmcp']
2026-01-19 15:46:45,819 - DEBUG - Getting redeliveries
2026-01-19 15:46:45,819 - DEBUG - >>> None: [b'XAUTOCLAIM', b'fastmcp:stream', b'docket-workers', b'DESKTOP-EP5TI1Q#20692', b'300000', b'0-0', b'COUNT', b'10']
2026-01-19 15:46:45,819 - DEBUG - Getting new deliveries
2026-01-19 15:46:45,820 - DEBUG - >>> None: [b'XREADGROUP', b'GROUP', b'docket-workers', b'DESKTOP-EP5TI1Q#20692', b'COUNT', b'10', b'BLOCK', b'0', b'STREAMS', b'fastmcp:stream', b'>']
2026-01-19 15:46:46,084 - DEBUG - Scheduling due tasks
2026-01-19 15:46:46,085 - DEBUG - >>> None: [b'EVALSHA', b'39773dffbc51ce836d528fa7bc63e81067cfaea6', b'2', b'fastmcp:queue', b'fastmcp:stream', b'1768817806.085112', b'fastmcp']
2026-01-19 15:46:46,086 - DEBUG - Getting redeliveries
2026-01-19 15:46:46,086 - DEBUG - >>> None: [b'XAUTOCLAIM', b'fastmcp:stream', b'docket-workers', b'DESKTOP-EP5TI1Q#20692', b'300000', b'0-0', b'COUNT', b'10']
2026-01-19 15:46:46,087 - DEBUG - Getting new deliveries
2026-01-19 15:46:46,087 - DEBUG - >>> None: [b'XREADGROUP', b'GROUP', b'docket-workers', b'DESKTOP-EP5TI1Q#20692', b'COUNT', b'10', b'BLOCK', b'0', b'STREAMS', b'fastmcp:stream', b'>']
2026-01-19 15:46:46,338 - DEBUG - Scheduling due tasks
2026-01-19 15:46:46,339 - DEBUG - >>> None: [b'EVALSHA', b'39773dffbc51ce836d528fa7bc63e81067cfaea6', b'2', b'fastmcp:queue', b'fastmcp:stream', b'1768817806.339074', b'fastmcp']
2026-01-19 15:46:46,340 - DEBUG - Getting redeliveries
2026-01-19 15:46:46,340 - DEBUG - >>> None: [b'XAUTOCLAIM', b'fastmcp:stream', b'docket-workers', b'DESKTOP-EP5TI1Q#20692', b'300000', b'0-0', b'COUNT', b'10']
2026-01-19 15:46:46,341 - DEBUG - Getting new deliveries
2026-01-19 15:46:46,341 - DEBUG - >>> None: [b'XREADGROUP', b'GROUP', b'docket-workers', b'DESKTOP-EP5TI1Q#20692', b'COUNT', b'10', b'BLOCK', b'0', b'STREAMS', b'fastmcp:stream', b'>']
2026-01-19 15:46:46,590 - DEBUG - Scheduling due tasks
2026-01-19 15:46:46,591 - DEBUG - >>> None: [b'EVALSHA', b'39773dffbc51ce836d528fa7bc63e81067cfaea6', b'2', b'fastmcp:queue', b'fastmcp:stream', b'1768817806.59098', b'fastmcp']
2026-01-19 15:46:46,593 - DEBUG - Getting redeliveries
2026-01-19 15:46:46,593 - DEBUG - >>> None: [b'XAUTOCLAIM', b'fastmcp:stream', b'docket-workers', b'DESKTOP-EP5TI1Q#20692', b'300000', b'0-0', b'COUNT', b'10']
2026-01-19 15:46:46,593 - DEBUG - Getting new deliveries
2026-01-19 15:46:46,593 - DEBUG - >>> None: [b'XREADGROUP', b'GROUP', b'docket-workers', b'DESKTOP-EP5TI1Q#20692', b'COUNT', b'10', b'BLOCK', b'0', b'STREAMS', b'fastmcp:stream', b'>']
2026-01-19 15:46:46,847 - DEBUG - Scheduling due tasks
2026-01-19 15:46:46,848 - DEBUG - >>> None: [b'EVALSHA', b'39773dffbc51ce836d528fa7bc63e81067cfaea6', b'2', b'fastmcp:queue', b'fastmcp:stream', b'1768817806.848251', b'fastmcp']
2026-01-19 15:46:46,850 - DEBUG - Getting redeliveries
2026-01-19 15:46:46,850 - DEBUG - >>> None: [b'XAUTOCLAIM', b'fastmcp:stream', b'docket-workers', b'DESKTOP-EP5TI1Q#20692', b'300000', b'0-0', b'COUNT', b'10']
2026-01-19 15:46:46,851 - DEBUG - Getting new deliveries
2026-01-19 15:46:46,851 - DEBUG - >>> None: [b'XREADGROUP', b'GROUP', b'docket-workers', b'DESKTOP-EP5TI1Q#20692', b'COUNT', b'10', b'BLOCK', b'0', b'STREAMS', b'fastmcp:stream', b'>']
2026-01-19 15:46:47,108 - DEBUG - Scheduling due tasks
2026-01-19 15:46:47,108 - DEBUG - >>> None: [b'EVALSHA', b'39773dffbc51ce836d528fa7bc63e81067cfaea6', b'2', b'fastmcp:queue', b'fastmcp:stream', b'1768817807.108298', b'fastmcp']
2026-01-19 15:46:47,109 - DEBUG - Getting redeliveries
2026-01-19 15:46:47,109 - DEBUG - >>> None: [b'XAUTOCLAIM', b'fastmcp:stream', b'docket-workers', b'DESKTOP-EP5TI1Q#20692', b'300000', b'0-0', b'COUNT', b'10']
2026-01-19 15:46:47,109 - DEBUG - Getting new deliveries
2026-01-19 15:46:47,109 - DEBUG - >>> None: [b'XREADGROUP', b'GROUP', b'docket-workers', b'DESKTOP-EP5TI1Q#20692', b'COUNT', b'10', b'BLOCK', b'0', b'STREAMS', b'fastmcp:stream', b'>']
2026-01-19 15:46:47,373 - DEBUG - Scheduling due tasks
2026-01-19 15:46:47,373 - DEBUG - >>> None: [b'EVALSHA', b'39773dffbc51ce836d528fa7bc63e81067cfaea6', b'2', b'fastmcp:queue', b'fastmcp:stream', b'1768817807.373497', b'fastmcp']
2026-01-19 15:46:47,374 - DEBUG - Getting redeliveries
2026-01-19 15:46:47,374 - DEBUG - >>> None: [b'XAUTOCLAIM', b'fastmcp:stream', b'docket-workers', b'DESKTOP-EP5TI1Q#20692', b'300000', b'0-0', b'COUNT', b'10']
2026-01-19 15:46:47,375 - DEBUG - Getting new deliveries
2026-01-19 15:46:47,375 - DEBUG - >>> None: [b'XREADGROUP', b'GROUP', b'docket-workers', b'DESKTOP-EP5TI1Q#20692', b'COUNT', b'10', b'BLOCK', b'0', b'STREAMS', b'fastmcp:stream', b'>']
2026-01-19 15:46:47,631 - DEBUG - Scheduling due tasks
2026-01-19 15:46:47,631 - DEBUG - >>> None: [b'EVALSHA', b'39773dffbc51ce836d528fa7bc63e81067cfaea6', b'2', b'fastmcp:queue', b'fastmcp:stream', b'1768817807.631401', b'fastmcp']
2026-01-19 15:46:47,631 - DEBUG - Getting redeliveries
2026-01-19 15:46:47,632 - DEBUG - >>> None: [b'XAUTOCLAIM', b'fastmcp:stream', b'docket-workers', b'DESKTOP-EP5TI1Q#20692', b'300000', b'0-0', b'COUNT', b'10']
2026-01-19 15:46:47,632 - DEBUG - Getting new deliveries
2026-01-19 15:46:47,632 - DEBUG - >>> None: [b'XREADGROUP', b'GROUP', b'docket-workers', b'DESKTOP-EP5TI1Q#20692', b'COUNT', b'10', b'BLOCK', b'0', b'STREAMS', b'fastmcp:stream', b'>']
2026-01-19 15:46:47,832 - DEBUG - >>> None: [b'MULTI']
2026-01-19 15:46:47,832 - DEBUG - >>> None: [b'ZREMRANGEBYSCORE', b'fastmcp:workers', b'0', b'1768817797.831489']
2026-01-19 15:46:47,832 - DEBUG - >>> None: [b'ZADD', b'fastmcp:workers', b'1768817807.831489', b'DESKTOP-EP5TI1Q#20692']
2026-01-19 15:46:47,832 - DEBUG - >>> None: [b'ZREMRANGEBYSCORE', b'fastmcp:task-workers:trace', b'0', b'1768817797.831489']
2026-01-19 15:46:47,832 - DEBUG - >>> None: [b'ZADD', b'fastmcp:task-workers:trace', b'1768817807.831489', b'DESKTOP-EP5TI1Q#20692']
2026-01-19 15:46:47,832 - DEBUG - >>> None: [b'ZREMRANGEBYSCORE', b'fastmcp:task-workers:fail', b'0', b'1768817797.831489']
2026-01-19 15:46:47,832 - DEBUG - >>> None: [b'ZADD', b'fastmcp:task-workers:fail', b'1768817807.831489', b'DESKTOP-EP5TI1Q#20692']
2026-01-19 15:46:47,832 - DEBUG - >>> None: [b'ZREMRANGEBYSCORE', b'fastmcp:task-workers:sleep', b'0', b'1768817797.831489']
2026-01-19 15:46:47,832 - DEBUG - >>> None: [b'ZADD', b'fastmcp:task-workers:sleep', b'1768817807.831489', b'DESKTOP-EP5TI1Q#20692']
2026-01-19 15:46:47,832 - DEBUG - >>> None: [b'SADD', b'fastmcp:worker-tasks:DESKTOP-EP5TI1Q#20692', b'trace', b'fail', b'sleep']
2026-01-19 15:46:47,833 - DEBUG - >>> None: [b'EXPIRE', b'fastmcp:worker-tasks:DESKTOP-EP5TI1Q#20692', b'10']
2026-01-19 15:46:47,833 - DEBUG - >>> None: [b'EXEC']
2026-01-19 15:46:47,833 - DEBUG - >>> None: [b'MULTI']
2026-01-19 15:46:47,833 - DEBUG - >>> None: [b'XLEN', b'fastmcp:stream']
2026-01-19 15:46:47,833 - DEBUG - >>> None: [b'ZCOUNT', b'fastmcp:queue', b'0', b'1768817807.831489']
2026-01-19 15:46:47,833 - DEBUG - >>> None: [b'ZCOUNT', b'fastmcp:queue', b'1768817807.831489', b'+inf']
2026-01-19 15:46:47,834 - DEBUG - >>> None: [b'EXEC']
2026-01-19 15:46:47,885 - DEBUG - Scheduling due tasks
2026-01-19 15:46:47,886 - DEBUG - >>> None: [b'EVALSHA', b'39773dffbc51ce836d528fa7bc63e81067cfaea6', b'2', b'fastmcp:queue', b'fastmcp:stream', b'1768817807.886002', b'fastmcp']
2026-01-19 15:46:47,886 - DEBUG - Getting redeliveries
2026-01-19 15:46:47,887 - DEBUG - >>> None: [b'XAUTOCLAIM', b'fastmcp:stream', b'docket-workers', b'DESKTOP-EP5TI1Q#20692', b'300000', b'0-0', b'COUNT', b'10']
2026-01-19 15:46:47,887 - DEBUG - Getting new deliveries
2026-01-19 15:46:47,887 - DEBUG - >>> None: [b'XREADGROUP', b'GROUP', b'docket-workers', b'DESKTOP-EP5TI1Q#20692', b'COUNT', b'10', b'BLOCK', b'0', b'STREAMS', b'fastmcp:stream', b'>']
2026-01-19 15:46:48,138 - DEBUG - Scheduling due tasks
2026-01-19 15:46:48,139 - DEBUG - >>> None: [b'EVALSHA', b'39773dffbc51ce836d528fa7bc63e81067cfaea6', b'2', b'fastmcp:queue', b'fastmcp:stream', b'1768817808.139114', b'fastmcp']
2026-01-19 15:46:48,140 - DEBUG - Getting redeliveries
2026-01-19 15:46:48,140 - DEBUG - >>> None: [b'XAUTOCLAIM', b'fastmcp:stream', b'docket-workers', b'DESKTOP-EP5TI1Q#20692', b'300000', b'0-0', b'COUNT', b'10']
2026-01-19 15:46:48,140 - DEBUG - Getting new deliveries
2026-01-19 15:46:48,140 - DEBUG - >>> None: [b'XREADGROUP', b'GROUP', b'docket-workers', b'DESKTOP-EP5TI1Q#20692', b'COUNT', b'10', b'BLOCK', b'0', b'STREAMS', b'fastmcp:stream', b'>']
2026-01-19 15:46:48,398 - DEBUG - Scheduling due tasks
2026-01-19 15:46:48,399 - DEBUG - >>> None: [b'EVALSHA', b'39773dffbc51ce836d528fa7bc63e81067cfaea6', b'2', b'fastmcp:queue', b'fastmcp:stream', b'1768817808.398763', b'fastmcp']
2026-01-19 15:46:48,399 - DEBUG - Getting redeliveries
2026-01-19 15:46:48,400 - DEBUG - >>> None: [b'XAUTOCLAIM', b'fastmcp:stream', b'docket-workers', b'DESKTOP-EP5TI1Q#20692', b'300000', b'0-0', b'COUNT', b'10']
2026-01-19 15:46:48,400 - DEBUG - Getting new deliveries
2026-01-19 15:46:48,400 - DEBUG - >>> None: [b'XREADGROUP', b'GROUP', b'docket-workers', b'DESKTOP-EP5TI1Q#20692', b'COUNT', b'10', b'BLOCK', b'0', b'STREAMS', b'fastmcp:stream', b'>']
2026-01-19 15:46:48,662 - DEBUG - Scheduling due tasks
2026-01-19 15:46:48,662 - DEBUG - >>> None: [b'EVALSHA', b'39773dffbc51ce836d528fa7bc63e81067cfaea6', b'2', b'fastmcp:queue', b'fastmcp:stream', b'1768817808.662266', b'fastmcp']
2026-01-19 15:46:48,663 - DEBUG - Getting redeliveries
2026-01-19 15:46:48,663 - DEBUG - >>> None: [b'XAUTOCLAIM', b'fastmcp:stream', b'docket-workers', b'DESKTOP-EP5TI1Q#20692', b'300000', b'0-0', b'COUNT', b'10']
2026-01-19 15:46:48,664 - DEBUG - Getting new deliveries
2026-01-19 15:46:48,664 - DEBUG - >>> None: [b'XREADGROUP', b'GROUP', b'docket-workers', b'DESKTOP-EP5TI1Q#20692', b'COUNT', b'10', b'BLOCK', b'0', b'STREAMS', b'fastmcp:stream', b'>']
2026-01-19 15:46:48,917 - DEBUG - Scheduling due tasks
2026-01-19 15:46:48,918 - DEBUG - >>> None: [b'EVALSHA', b'39773dffbc51ce836d528fa7bc63e81067cfaea6', b'2', b'fastmcp:queue', b'fastmcp:stream', b'1768817808.917965', b'fastmcp']
2026-01-19 15:46:48,919 - DEBUG - Getting redeliveries
2026-01-19 15:46:48,919 - DEBUG - >>> None: [b'XAUTOCLAIM', b'fastmcp:stream', b'docket-workers', b'DESKTOP-EP5TI1Q#20692', b'300000', b'0-0', b'COUNT', b'10']
2026-01-19 15:46:48,920 - DEBUG - Getting new deliveries
2026-01-19 15:46:48,920 - DEBUG - >>> None: [b'XREADGROUP', b'GROUP', b'docket-workers', b'DESKTOP-EP5TI1Q#20692', b'COUNT', b'10', b'BLOCK', b'0', b'STREAMS', b'fastmcp:stream', b'>']
2026-01-19 15:46:49,179 - DEBUG - Scheduling due tasks
2026-01-19 15:46:49,179 - DEBUG - >>> None: [b'EVALSHA', b'39773dffbc51ce836d528fa7bc63e81067cfaea6', b'2', b'fastmcp:queue', b'fastmcp:stream', b'1768817809.17947', b'fastmcp']
2026-01-19 15:46:49,180 - DEBUG - Getting redeliveries
2026-01-19 15:46:49,180 - DEBUG - >>> None: [b'XAUTOCLAIM', b'fastmcp:stream', b'docket-workers', b'DESKTOP-EP5TI1Q#20692', b'300000', b'0-0', b'COUNT', b'10']
2026-01-19 15:46:49,180 - DEBUG - Getting new deliveries
2026-01-19 15:46:49,180 - DEBUG - >>> None: [b'XREADGROUP', b'GROUP', b'docket-workers', b'DESKTOP-EP5TI1Q#20692', b'COUNT', b'10', b'BLOCK', b'0', b'STREAMS', b'fastmcp:stream', b'>']
2026-01-19 15:46:49,432 - DEBUG - Scheduling due tasks
2026-01-19 15:46:49,432 - DEBUG - >>> None: [b'EVALSHA', b'39773dffbc51ce836d528fa7bc63e81067cfaea6', b'2', b'fastmcp:queue', b'fastmcp:stream', b'1768817809.432468', b'fastmcp']
2026-01-19 15:46:49,433 - DEBUG - Getting redeliveries
2026-01-19 15:46:49,433 - DEBUG - >>> None: [b'XAUTOCLAIM', b'fastmcp:stream', b'docket-workers', b'DESKTOP-EP5TI1Q#20692', b'300000', b'0-0', b'COUNT', b'10']
2026-01-19 15:46:49,433 - DEBUG - Getting new deliveries
2026-01-19 15:46:49,434 - DEBUG - >>> None: [b'XREADGROUP', b'GROUP', b'docket-workers', b'DESKTOP-EP5TI1Q#20692', b'COUNT', b'10', b'BLOCK', b'0', b'STREAMS', b'fastmcp:stream', b'>']
2026-01-19 15:46:49,694 - DEBUG - Scheduling due tasks
2026-01-19 15:46:49,694 - DEBUG - >>> None: [b'EVALSHA', b'39773dffbc51ce836d528fa7bc63e81067cfaea6', b'2', b'fastmcp:queue', b'fastmcp:stream', b'1768817809.694383', b'fastmcp']
2026-01-19 15:46:49,695 - DEBUG - Getting redeliveries
2026-01-19 15:46:49,695 - DEBUG - >>> None: [b'XAUTOCLAIM', b'fastmcp:stream', b'docket-workers', b'DESKTOP-EP5TI1Q#20692', b'300000', b'0-0', b'COUNT', b'10']
2026-01-19 15:46:49,696 - DEBUG - Getting new deliveries
2026-01-19 15:46:49,696 - DEBUG - >>> None: [b'XREADGROUP', b'GROUP', b'docket-workers', b'DESKTOP-EP5TI1Q#20692', b'COUNT', b'10', b'BLOCK', b'0', b'STREAMS', b'fastmcp:stream', b'>']
2026-01-19 15:46:49,847 - DEBUG - >>> None: [b'MULTI']
2026-01-19 15:46:49,847 - DEBUG - >>> None: [b'ZREMRANGEBYSCORE', b'fastmcp:workers', b'0', b'1768817799.847021']
2026-01-19 15:46:49,847 - DEBUG - >>> None: [b'ZADD', b'fastmcp:workers', b'1768817809.847021', b'DESKTOP-EP5TI1Q#20692']
2026-01-19 15:46:49,847 - DEBUG - >>> None: [b'ZREMRANGEBYSCORE', b'fastmcp:task-workers:trace', b'0', b'1768817799.847021']
2026-01-19 15:46:49,847 - DEBUG - >>> None: [b'ZADD', b'fastmcp:task-workers:trace', b'1768817809.847021', b'DESKTOP-EP5TI1Q#20692']
2026-01-19 15:46:49,847 - DEBUG - >>> None: [b'ZREMRANGEBYSCORE', b'fastmcp:task-workers:fail', b'0', b'1768817799.847021']
2026-01-19 15:46:49,847 - DEBUG - >>> None: [b'ZADD', b'fastmcp:task-workers:fail', b'1768817809.847021', b'DESKTOP-EP5TI1Q#20692']
2026-01-19 15:46:49,848 - DEBUG - >>> None: [b'ZREMRANGEBYSCORE', b'fastmcp:task-workers:sleep', b'0', b'1768817799.847021']
2026-01-19 15:46:49,848 - DEBUG - >>> None: [b'ZADD', b'fastmcp:task-workers:sleep', b'1768817809.847021', b'DESKTOP-EP5TI1Q#20692']
2026-01-19 15:46:49,848 - DEBUG - >>> None: [b'SADD', b'fastmcp:worker-tasks:DESKTOP-EP5TI1Q#20692', b'trace', b'fail', b'sleep']
2026-01-19 15:46:49,848 - DEBUG - >>> None: [b'EXPIRE', b'fastmcp:worker-tasks:DESKTOP-EP5TI1Q#20692', b'10']
2026-01-19 15:46:49,848 - DEBUG - >>> None: [b'EXEC']
2026-01-19 15:46:49,848 - DEBUG - >>> None: [b'MULTI']
2026-01-19 15:46:49,848 - DEBUG - >>> None: [b'XLEN', b'fastmcp:stream']
2026-01-19 15:46:49,849 - DEBUG - >>> None: [b'ZCOUNT', b'fastmcp:queue', b'0', b'1768817809.847021']
2026-01-19 15:46:49,849 - DEBUG - >>> None: [b'ZCOUNT', b'fastmcp:queue', b'1768817809.847021', b'+inf']
2026-01-19 15:46:49,849 - DEBUG - >>> None: [b'EXEC']
2026-01-19 15:46:49,950 - DEBUG - Scheduling due tasks
2026-01-19 15:46:49,951 - DEBUG - >>> None: [b'EVALSHA', b'39773dffbc51ce836d528fa7bc63e81067cfaea6', b'2', b'fastmcp:queue', b'fastmcp:stream', b'1768817809.95111', b'fastmcp']
2026-01-19 15:46:49,952 - DEBUG - Getting redeliveries
2026-01-19 15:46:49,952 - DEBUG - >>> None: [b'XAUTOCLAIM', b'fastmcp:stream', b'docket-workers', b'DESKTOP-EP5TI1Q#20692', b'300000', b'0-0', b'COUNT', b'10']
2026-01-19 15:46:49,952 - DEBUG - Getting new deliveries
2026-01-19 15:46:49,952 - DEBUG - >>> None: [b'XREADGROUP', b'GROUP', b'docket-workers', b'DESKTOP-EP5TI1Q#20692', b'COUNT', b'10', b'BLOCK', b'0', b'STREAMS', b'fastmcp:stream', b'>']
2026-01-19 15:46:50,216 - DEBUG - Scheduling due tasks
2026-01-19 15:46:50,216 - DEBUG - >>> None: [b'EVALSHA', b'39773dffbc51ce836d528fa7bc63e81067cfaea6', b'2', b'fastmcp:queue', b'fastmcp:stream', b'1768817810.216503', b'fastmcp']
2026-01-19 15:46:50,217 - DEBUG - Getting redeliveries
2026-01-19 15:46:50,218 - DEBUG - >>> None: [b'XAUTOCLAIM', b'fastmcp:stream', b'docket-workers', b'DESKTOP-EP5TI1Q#20692', b'300000', b'0-0', b'COUNT', b'10']
2026-01-19 15:46:50,219 - DEBUG - Getting new deliveries
2026-01-19 15:46:50,219 - DEBUG - >>> None: [b'XREADGROUP', b'GROUP', b'docket-workers', b'DESKTOP-EP5TI1Q#20692', b'COUNT', b'10', b'BLOCK', b'0', b'STREAMS', b'fastmcp:stream', b'>']
2026-01-19 15:46:50,468 - DEBUG - Scheduling due tasks
2026-01-19 15:46:50,469 - DEBUG - >>> None: [b'EVALSHA', b'39773dffbc51ce836d528fa7bc63e81067cfaea6', b'2', b'fastmcp:queue', b'fastmcp:stream', b'1768817810.46894', b'fastmcp']
2026-01-19 15:46:50,476 - DEBUG - Getting redeliveries
2026-01-19 15:46:50,476 - DEBUG - >>> None: [b'XAUTOCLAIM', b'fastmcp:stream', b'docket-workers', b'DESKTOP-EP5TI1Q#20692', b'300000', b'0-0', b'COUNT', b'10']
2026-01-19 15:46:50,476 - DEBUG - Getting new deliveries
2026-01-19 15:46:50,476 - DEBUG - >>> None: [b'XREADGROUP', b'GROUP', b'docket-workers', b'DESKTOP-EP5TI1Q#20692', b'COUNT', b'10', b'BLOCK', b'0', b'STREAMS', b'fastmcp:stream', b'>']
2026-01-19 15:46:50,734 - DEBUG - Scheduling due tasks
2026-01-19 15:46:50,735 - DEBUG - >>> None: [b'EVALSHA', b'39773dffbc51ce836d528fa7bc63e81067cfaea6', b'2', b'fastmcp:queue', b'fastmcp:stream', b'1768817810.735137', b'fastmcp']
2026-01-19 15:46:50,736 - DEBUG - Getting redeliveries
2026-01-19 15:46:50,736 - DEBUG - >>> None: [b'XAUTOCLAIM', b'fastmcp:stream', b'docket-workers', b'DESKTOP-EP5TI1Q#20692', b'300000', b'0-0', b'COUNT', b'10']
2026-01-19 15:46:50,736 - DEBUG - Getting new deliveries
2026-01-19 15:46:50,736 - DEBUG - >>> None: [b'XREADGROUP', b'GROUP', b'docket-workers', b'DESKTOP-EP5TI1Q#20692', b'COUNT', b'10', b'BLOCK', b'0', b'STREAMS', b'fastmcp:stream', b'>']
2026-01-19 15:46:50,991 - DEBUG - Scheduling due tasks
2026-01-19 15:46:50,992 - DEBUG - >>> None: [b'EVALSHA', b'39773dffbc51ce836d528fa7bc63e81067cfaea6', b'2', b'fastmcp:queue', b'fastmcp:stream', b'1768817810.992116', b'fastmcp']
2026-01-19 15:46:50,993 - DEBUG - Getting redeliveries
2026-01-19 15:46:50,993 - DEBUG - >>> None: [b'XAUTOCLAIM', b'fastmcp:stream', b'docket-workers', b'DESKTOP-EP5TI1Q#20692', b'300000', b'0-0', b'COUNT', b'10']
2026-01-19 15:46:50,993 - DEBUG - Getting new deliveries
2026-01-19 15:46:50,993 - DEBUG - >>> None: [b'XREADGROUP', b'GROUP', b'docket-workers', b'DESKTOP-EP5TI1Q#20692', b'COUNT', b'10', b'BLOCK', b'0', b'STREAMS', b'fastmcp:stream', b'>']
2026-01-19 15:46:51,249 - DEBUG - Scheduling due tasks
2026-01-19 15:46:51,249 - DEBUG - >>> None: [b'EVALSHA', b'39773dffbc51ce836d528fa7bc63e81067cfaea6', b'2', b'fastmcp:queue', b'fastmcp:stream', b'1768817811.249629', b'fastmcp']
2026-01-19 15:46:51,250 - DEBUG - Getting redeliveries
2026-01-19 15:46:51,250 - DEBUG - >>> None: [b'XAUTOCLAIM', b'fastmcp:stream', b'docket-workers', b'DESKTOP-EP5TI1Q#20692', b'300000', b'0-0', b'COUNT', b'10']
2026-01-19 15:46:51,251 - DEBUG - Getting new deliveries
2026-01-19 15:46:51,252 - DEBUG - >>> None: [b'XREADGROUP', b'GROUP', b'docket-workers', b'DESKTOP-EP5TI1Q#20692', b'COUNT', b'10', b'BLOCK', b'0', b'STREAMS', b'fastmcp:stream', b'>']
2026-01-19 15:46:51,515 - DEBUG - Scheduling due tasks
2026-01-19 15:46:51,515 - DEBUG - >>> None: [b'EVALSHA', b'39773dffbc51ce836d528fa7bc63e81067cfaea6', b'2', b'fastmcp:queue', b'fastmcp:stream', b'1768817811.515473', b'fastmcp']
2026-01-19 15:46:51,516 - DEBUG - Getting redeliveries
2026-01-19 15:46:51,516 - DEBUG - >>> None: [b'XAUTOCLAIM', b'fastmcp:stream', b'docket-workers', b'DESKTOP-EP5TI1Q#20692', b'300000', b'0-0', b'COUNT', b'10']
2026-01-19 15:46:51,516 - DEBUG - Getting new deliveries
2026-01-19 15:46:51,516 - DEBUG - >>> None: [b'XREADGROUP', b'GROUP', b'docket-workers', b'DESKTOP-EP5TI1Q#20692', b'COUNT', b'10', b'BLOCK', b'0', b'STREAMS', b'fastmcp:stream', b'>']
2026-01-19 15:46:51,778 - DEBUG - Scheduling due tasks
2026-01-19 15:46:51,778 - DEBUG - >>> None: [b'EVALSHA', b'39773dffbc51ce836d528fa7bc63e81067cfaea6', b'2', b'fastmcp:queue', b'fastmcp:stream', b'1768817811.778382', b'fastmcp']
2026-01-19 15:46:51,779 - DEBUG - Getting redeliveries
2026-01-19 15:46:51,779 - DEBUG - >>> None: [b'XAUTOCLAIM', b'fastmcp:stream', b'docket-workers', b'DESKTOP-EP5TI1Q#20692', b'300000', b'0-0', b'COUNT', b'10']
2026-01-19 15:46:51,779 - DEBUG - Getting new deliveries
2026-01-19 15:46:51,779 - DEBUG - >>> None: [b'XREADGROUP', b'GROUP', b'docket-workers', b'DESKTOP-EP5TI1Q#20692', b'COUNT', b'10', b'BLOCK', b'0', b'STREAMS', b'fastmcp:stream', b'>']
2026-01-19 15:46:51,850 - DEBUG - >>> None: [b'MULTI']
2026-01-19 15:46:51,850 - DEBUG - >>> None: [b'ZREMRANGEBYSCORE', b'fastmcp:workers', b'0', b'1768817801.84958']
2026-01-19 15:46:51,850 - DEBUG - >>> None: [b'ZADD', b'fastmcp:workers', b'1768817811.84958', b'DESKTOP-EP5TI1Q#20692']
2026-01-19 15:46:51,850 - DEBUG - >>> None: [b'ZREMRANGEBYSCORE', b'fastmcp:task-workers:trace', b'0', b'1768817801.84958']
2026-01-19 15:46:51,850 - DEBUG - >>> None: [b'ZADD', b'fastmcp:task-workers:trace', b'1768817811.84958', b'DESKTOP-EP5TI1Q#20692']
2026-01-19 15:46:51,850 - DEBUG - >>> None: [b'ZREMRANGEBYSCORE', b'fastmcp:task-workers:fail', b'0', b'1768817801.84958']
2026-01-19 15:46:51,850 - DEBUG - >>> None: [b'ZADD', b'fastmcp:task-workers:fail', b'1768817811.84958', b'DESKTOP-EP5TI1Q#20692']
2026-01-19 15:46:51,851 - DEBUG - >>> None: [b'ZREMRANGEBYSCORE', b'fastmcp:task-workers:sleep', b'0', b'1768817801.84958']
2026-01-19 15:46:51,851 - DEBUG - >>> None: [b'ZADD', b'fastmcp:task-workers:sleep', b'1768817811.84958', b'DESKTOP-EP5TI1Q#20692']
2026-01-19 15:46:51,851 - DEBUG - >>> None: [b'SADD', b'fastmcp:worker-tasks:DESKTOP-EP5TI1Q#20692', b'trace', b'fail', b'sleep']
2026-01-19 15:46:51,851 - DEBUG - >>> None: [b'EXPIRE', b'fastmcp:worker-tasks:DESKTOP-EP5TI1Q#20692', b'10']
2026-01-19 15:46:51,851 - DEBUG - >>> None: [b'EXEC']
2026-01-19 15:46:51,852 - DEBUG - >>> None: [b'MULTI']
2026-01-19 15:46:51,852 - DEBUG - >>> None: [b'XLEN', b'fastmcp:stream']
2026-01-19 15:46:51,852 - DEBUG - >>> None: [b'ZCOUNT', b'fastmcp:queue', b'0', b'1768817811.84958']
2026-01-19 15:46:51,852 - DEBUG - >>> None: [b'ZCOUNT', b'fastmcp:queue', b'1768817811.84958', b'+inf']
2026-01-19 15:46:51,852 - DEBUG - >>> None: [b'EXEC']
2026-01-19 15:46:52,035 - DEBUG - Scheduling due tasks
2026-01-19 15:46:52,036 - DEBUG - >>> None: [b'EVALSHA', b'39773dffbc51ce836d528fa7bc63e81067cfaea6', b'2', b'fastmcp:queue', b'fastmcp:stream', b'1768817812.035786', b'fastmcp']
2026-01-19 15:46:52,037 - DEBUG - Getting redeliveries
2026-01-19 15:46:52,037 - DEBUG - >>> None: [b'XAUTOCLAIM', b'fastmcp:stream', b'docket-workers', b'DESKTOP-EP5TI1Q#20692', b'300000', b'0-0', b'COUNT', b'10']
2026-01-19 15:46:52,038 - DEBUG - Getting new deliveries
2026-01-19 15:46:52,038 - DEBUG - >>> None: [b'XREADGROUP', b'GROUP', b'docket-workers', b'DESKTOP-EP5TI1Q#20692', b'COUNT', b'10', b'BLOCK', b'0', b'STREAMS', b'fastmcp:stream', b'>']
2026-01-19 15:46:52,302 - DEBUG - Scheduling due tasks
2026-01-19 15:46:52,302 - DEBUG - >>> None: [b'EVALSHA', b'39773dffbc51ce836d528fa7bc63e81067cfaea6', b'2', b'fastmcp:queue', b'fastmcp:stream', b'1768817812.302395', b'fastmcp']
2026-01-19 15:46:52,303 - DEBUG - Getting redeliveries
2026-01-19 15:46:52,303 - DEBUG - >>> None: [b'XAUTOCLAIM', b'fastmcp:stream', b'docket-workers', b'DESKTOP-EP5TI1Q#20692', b'300000', b'0-0', b'COUNT', b'10']
2026-01-19 15:46:52,304 - DEBUG - Getting new deliveries
2026-01-19 15:46:52,304 - DEBUG - >>> None: [b'XREADGROUP', b'GROUP', b'docket-workers', b'DESKTOP-EP5TI1Q#20692', b'COUNT', b'10', b'BLOCK', b'0', b'STREAMS', b'fastmcp:stream', b'>']
2026-01-19 15:46:52,553 - DEBUG - Scheduling due tasks
2026-01-19 15:46:52,554 - DEBUG - >>> None: [b'EVALSHA', b'39773dffbc51ce836d528fa7bc63e81067cfaea6', b'2', b'fastmcp:queue', b'fastmcp:stream', b'1768817812.55391', b'fastmcp']
2026-01-19 15:46:52,555 - DEBUG - Getting redeliveries
2026-01-19 15:46:52,555 - DEBUG - >>> None: [b'XAUTOCLAIM', b'fastmcp:stream', b'docket-workers', b'DESKTOP-EP5TI1Q#20692', b'300000', b'0-0', b'COUNT', b'10']
2026-01-19 15:46:52,556 - DEBUG - Getting new deliveries
2026-01-19 15:46:52,556 - DEBUG - >>> None: [b'XREADGROUP', b'GROUP', b'docket-workers', b'DESKTOP-EP5TI1Q#20692', b'COUNT', b'10', b'BLOCK', b'0', b'STREAMS', b'fastmcp:stream', b'>']
2026-01-19 15:46:52,810 - DEBUG - Scheduling due tasks
2026-01-19 15:46:52,810 - DEBUG - >>> None: [b'EVALSHA', b'39773dffbc51ce836d528fa7bc63e81067cfaea6', b'2', b'fastmcp:queue', b'fastmcp:stream', b'1768817812.810693', b'fastmcp']
2026-01-19 15:46:52,812 - DEBUG - Getting redeliveries
2026-01-19 15:46:52,812 - DEBUG - >>> None: [b'XAUTOCLAIM', b'fastmcp:stream', b'docket-workers', b'DESKTOP-EP5TI1Q#20692', b'300000', b'0-0', b'COUNT', b'10']
2026-01-19 15:46:52,812 - DEBUG - Getting new deliveries
2026-01-19 15:46:52,813 - DEBUG - >>> None: [b'XREADGROUP', b'GROUP', b'docket-workers', b'DESKTOP-EP5TI1Q#20692', b'COUNT', b'10', b'BLOCK', b'0', b'STREAMS', b'fastmcp:stream', b'>']
2026-01-19 15:46:53,069 - DEBUG - Scheduling due tasks
2026-01-19 15:46:53,070 - DEBUG - >>> None: [b'EVALSHA', b'39773dffbc51ce836d528fa7bc63e81067cfaea6', b'2', b'fastmcp:queue', b'fastmcp:stream', b'1768817813.069675', b'fastmcp']
2026-01-19 15:46:53,071 - DEBUG - Getting redeliveries
2026-01-19 15:46:53,072 - DEBUG - >>> None: [b'XAUTOCLAIM', b'fastmcp:stream', b'docket-workers', b'DESKTOP-EP5TI1Q#20692', b'300000', b'0-0', b'COUNT', b'10']
2026-01-19 15:46:53,072 - DEBUG - Getting new deliveries
2026-01-19 15:46:53,072 - DEBUG - >>> None: [b'XREADGROUP', b'GROUP', b'docket-workers', b'DESKTOP-EP5TI1Q#20692', b'COUNT', b'10', b'BLOCK', b'0', b'STREAMS', b'fastmcp:stream', b'>']
2026-01-19 15:46:53,334 - DEBUG - Scheduling due tasks
2026-01-19 15:46:53,334 - DEBUG - >>> None: [b'EVALSHA', b'39773dffbc51ce836d528fa7bc63e81067cfaea6', b'2', b'fastmcp:queue', b'fastmcp:stream', b'1768817813.334337', b'fastmcp']
2026-01-19 15:46:53,336 - DEBUG - Getting redeliveries
2026-01-19 15:46:53,336 - DEBUG - >>> None: [b'XAUTOCLAIM', b'fastmcp:stream', b'docket-workers', b'DESKTOP-EP5TI1Q#20692', b'300000', b'0-0', b'COUNT', b'10']
2026-01-19 15:46:53,336 - DEBUG - Getting new deliveries
2026-01-19 15:46:53,337 - DEBUG - >>> None: [b'XREADGROUP', b'GROUP', b'docket-workers', b'DESKTOP-EP5TI1Q#20692', b'COUNT', b'10', b'BLOCK', b'0', b'STREAMS', b'fastmcp:stream', b'>']
2026-01-19 15:46:53,594 - DEBUG - Scheduling due tasks
2026-01-19 15:46:53,594 - DEBUG - >>> None: [b'EVALSHA', b'39773dffbc51ce836d528fa7bc63e81067cfaea6', b'2', b'fastmcp:queue', b'fastmcp:stream', b'1768817813.594405', b'fastmcp']
2026-01-19 15:46:53,595 - DEBUG - Getting redeliveries
2026-01-19 15:46:53,595 - DEBUG - >>> None: [b'XAUTOCLAIM', b'fastmcp:stream', b'docket-workers', b'DESKTOP-EP5TI1Q#20692', b'300000', b'0-0', b'COUNT', b'10']
2026-01-19 15:46:53,595 - DEBUG - Getting new deliveries
2026-01-19 15:46:53,595 - DEBUG - >>> None: [b'XREADGROUP', b'GROUP', b'docket-workers', b'DESKTOP-EP5TI1Q#20692', b'COUNT', b'10', b'BLOCK', b'0', b'STREAMS', b'fastmcp:stream', b'>']
2026-01-19 15:46:53,852 - DEBUG - Scheduling due tasks
2026-01-19 15:46:53,853 - DEBUG - >>> None: [b'EVALSHA', b'39773dffbc51ce836d528fa7bc63e81067cfaea6', b'2', b'fastmcp:queue', b'fastmcp:stream', b'1768817813.853073', b'fastmcp']
2026-01-19 15:46:53,854 - DEBUG - Getting redeliveries
2026-01-19 15:46:53,854 - DEBUG - >>> None: [b'XAUTOCLAIM', b'fastmcp:stream', b'docket-workers', b'DESKTOP-EP5TI1Q#20692', b'300000', b'0-0', b'COUNT', b'10']
2026-01-19 15:46:53,854 - DEBUG - Getting new deliveries
2026-01-19 15:46:53,855 - DEBUG - >>> None: [b'XREADGROUP', b'GROUP', b'docket-workers', b'DESKTOP-EP5TI1Q#20692', b'COUNT', b'10', b'BLOCK', b'0', b'STREAMS', b'fastmcp:stream', b'>']
2026-01-19 15:46:53,856 - DEBUG - >>> None: [b'MULTI']
2026-01-19 15:46:53,856 - DEBUG - >>> None: [b'ZREMRANGEBYSCORE', b'fastmcp:workers', b'0', b'1768817803.855549']
2026-01-19 15:46:53,856 - DEBUG - >>> None: [b'ZADD', b'fastmcp:workers', b'1768817813.855549', b'DESKTOP-EP5TI1Q#20692']
2026-01-19 15:46:53,856 - DEBUG - >>> None: [b'ZREMRANGEBYSCORE', b'fastmcp:task-workers:trace', b'0', b'1768817803.855549']
2026-01-19 15:46:53,856 - DEBUG - >>> None: [b'ZADD', b'fastmcp:task-workers:trace', b'1768817813.855549', b'DESKTOP-EP5TI1Q#20692']
2026-01-19 15:46:53,856 - DEBUG - >>> None: [b'ZREMRANGEBYSCORE', b'fastmcp:task-workers:fail', b'0', b'1768817803.855549']
2026-01-19 15:46:53,856 - DEBUG - >>> None: [b'ZADD', b'fastmcp:task-workers:fail', b'1768817813.855549', b'DESKTOP-EP5TI1Q#20692']
2026-01-19 15:46:53,856 - DEBUG - >>> None: [b'ZREMRANGEBYSCORE', b'fastmcp:task-workers:sleep', b'0', b'1768817803.855549']
2026-01-19 15:46:53,856 - DEBUG - >>> None: [b'ZADD', b'fastmcp:task-workers:sleep', b'1768817813.855549', b'DESKTOP-EP5TI1Q#20692']
2026-01-19 15:46:53,856 - DEBUG - >>> None: [b'SADD', b'fastmcp:worker-tasks:DESKTOP-EP5TI1Q#20692', b'trace', b'fail', b'sleep']
2026-01-19 15:46:53,857 - DEBUG - >>> None: [b'EXPIRE', b'fastmcp:worker-tasks:DESKTOP-EP5TI1Q#20692', b'10']
2026-01-19 15:46:53,857 - DEBUG - >>> None: [b'EXEC']
2026-01-19 15:46:53,858 - DEBUG - >>> None: [b'MULTI']
2026-01-19 15:46:53,858 - DEBUG - >>> None: [b'XLEN', b'fastmcp:stream']
2026-01-19 15:46:53,858 - DEBUG - >>> None: [b'ZCOUNT', b'fastmcp:queue', b'0', b'1768817813.855549']
2026-01-19 15:46:53,858 - DEBUG - >>> None: [b'ZCOUNT', b'fastmcp:queue', b'1768817813.855549', b'+inf']
2026-01-19 15:46:53,858 - DEBUG - >>> None: [b'EXEC']
2026-01-19 15:46:54,117 - DEBUG - Scheduling due tasks
2026-01-19 15:46:54,118 - DEBUG - >>> None: [b'EVALSHA', b'39773dffbc51ce836d528fa7bc63e81067cfaea6', b'2', b'fastmcp:queue', b'fastmcp:stream', b'1768817814.118208', b'fastmcp']
2026-01-19 15:46:54,119 - DEBUG - Getting redeliveries
2026-01-19 15:46:54,119 - DEBUG - >>> None: [b'XAUTOCLAIM', b'fastmcp:stream', b'docket-workers', b'DESKTOP-EP5TI1Q#20692', b'300000', b'0-0', b'COUNT', b'10']
2026-01-19 15:46:54,120 - DEBUG - Getting new deliveries
2026-01-19 15:46:54,120 - DEBUG - >>> None: [b'XREADGROUP', b'GROUP', b'docket-workers', b'DESKTOP-EP5TI1Q#20692', b'COUNT', b'10', b'BLOCK', b'0', b'STREAMS', b'fastmcp:stream', b'>']
2026-01-19 15:46:54,384 - DEBUG - Scheduling due tasks
2026-01-19 15:46:54,385 - DEBUG - >>> None: [b'EVALSHA', b'39773dffbc51ce836d528fa7bc63e81067cfaea6', b'2', b'fastmcp:queue', b'fastmcp:stream', b'1768817814.384743', b'fastmcp']
2026-01-19 15:46:54,386 - DEBUG - Getting redeliveries
2026-01-19 15:46:54,387 - DEBUG - >>> None: [b'XAUTOCLAIM', b'fastmcp:stream', b'docket-workers', b'DESKTOP-EP5TI1Q#20692', b'300000', b'0-0', b'COUNT', b'10']
2026-01-19 15:46:54,388 - DEBUG - Getting new deliveries
2026-01-19 15:46:54,388 - DEBUG - >>> None: [b'XREADGROUP', b'GROUP', b'docket-workers', b'DESKTOP-EP5TI1Q#20692', b'COUNT', b'10', b'BLOCK', b'0', b'STREAMS', b'fastmcp:stream', b'>']
2026-01-19 15:46:54,643 - DEBUG - Scheduling due tasks
2026-01-19 15:46:54,643 - DEBUG - >>> None: [b'EVALSHA', b'39773dffbc51ce836d528fa7bc63e81067cfaea6', b'2', b'fastmcp:queue', b'fastmcp:stream', b'1768817814.64358', b'fastmcp']
2026-01-19 15:46:54,644 - DEBUG - Getting redeliveries
2026-01-19 15:46:54,644 - DEBUG - >>> None: [b'XAUTOCLAIM', b'fastmcp:stream', b'docket-workers', b'DESKTOP-EP5TI1Q#20692', b'300000', b'0-0', b'COUNT', b'10']
2026-01-19 15:46:54,644 - DEBUG - Getting new deliveries
2026-01-19 15:46:54,644 - DEBUG - >>> None: [b'XREADGROUP', b'GROUP', b'docket-workers', b'DESKTOP-EP5TI1Q#20692', b'COUNT', b'10', b'BLOCK', b'0', b'STREAMS', b'fastmcp:stream', b'>']
2026-01-19 15:46:54,898 - DEBUG - Scheduling due tasks
2026-01-19 15:46:54,898 - DEBUG - >>> None: [b'EVALSHA', b'39773dffbc51ce836d528fa7bc63e81067cfaea6', b'2', b'fastmcp:queue', b'fastmcp:stream', b'1768817814.8986', b'fastmcp']
2026-01-19 15:46:54,899 - DEBUG - Getting redeliveries
2026-01-19 15:46:54,899 - DEBUG - >>> None: [b'XAUTOCLAIM', b'fastmcp:stream', b'docket-workers', b'DESKTOP-EP5TI1Q#20692', b'300000', b'0-0', b'COUNT', b'10']
2026-01-19 15:46:54,899 - DEBUG - Getting new deliveries
2026-01-19 15:46:54,899 - DEBUG - >>> None: [b'XREADGROUP', b'GROUP', b'docket-workers', b'DESKTOP-EP5TI1Q#20692', b'COUNT', b'10', b'BLOCK', b'0', b'STREAMS', b'fastmcp:stream', b'>']
2026-01-19 15:46:55,153 - DEBUG - Scheduling due tasks
2026-01-19 15:46:55,153 - DEBUG - >>> None: [b'EVALSHA', b'39773dffbc51ce836d528fa7bc63e81067cfaea6', b'2', b'fastmcp:queue', b'fastmcp:stream', b'1768817815.153271', b'fastmcp']
2026-01-19 15:46:55,154 - DEBUG - Getting redeliveries
2026-01-19 15:46:55,154 - DEBUG - >>> None: [b'XAUTOCLAIM', b'fastmcp:stream', b'docket-workers', b'DESKTOP-EP5TI1Q#20692', b'300000', b'0-0', b'COUNT', b'10']
2026-01-19 15:46:55,154 - DEBUG - Getting new deliveries
2026-01-19 15:46:55,155 - DEBUG - >>> None: [b'XREADGROUP', b'GROUP', b'docket-workers', b'DESKTOP-EP5TI1Q#20692', b'COUNT', b'10', b'BLOCK', b'0', b'STREAMS', b'fastmcp:stream', b'>']
2026-01-19 15:46:55,412 - DEBUG - Scheduling due tasks
2026-01-19 15:46:55,433 - DEBUG - >>> None: [b'EVALSHA', b'39773dffbc51ce836d528fa7bc63e81067cfaea6', b'2', b'fastmcp:queue', b'fastmcp:stream', b'1768817815.432808', b'fastmcp']
2026-01-19 15:46:55,434 - DEBUG - Getting redeliveries
2026-01-19 15:46:55,434 - DEBUG - >>> None: [b'XAUTOCLAIM', b'fastmcp:stream', b'docket-workers', b'DESKTOP-EP5TI1Q#20692', b'300000', b'0-0', b'COUNT', b'10']
2026-01-19 15:46:55,434 - DEBUG - Getting new deliveries
2026-01-19 15:46:55,435 - DEBUG - >>> None: [b'XREADGROUP', b'GROUP', b'docket-workers', b'DESKTOP-EP5TI1Q#20692', b'COUNT', b'10', b'BLOCK', b'0', b'STREAMS', b'fastmcp:stream', b'>']
2026-01-19 15:46:55,692 - DEBUG - Scheduling due tasks
2026-01-19 15:46:55,693 - DEBUG - >>> None: [b'EVALSHA', b'39773dffbc51ce836d528fa7bc63e81067cfaea6', b'2', b'fastmcp:queue', b'fastmcp:stream', b'1768817815.693192', b'fastmcp']
2026-01-19 15:46:55,695 - DEBUG - Getting redeliveries
2026-01-19 15:46:55,695 - DEBUG - >>> None: [b'XAUTOCLAIM', b'fastmcp:stream', b'docket-workers', b'DESKTOP-EP5TI1Q#20692', b'300000', b'0-0', b'COUNT', b'10']
2026-01-19 15:46:55,696 - DEBUG - Getting new deliveries
2026-01-19 15:46:55,696 - DEBUG - >>> None: [b'XREADGROUP', b'GROUP', b'docket-workers', b'DESKTOP-EP5TI1Q#20692', b'COUNT', b'10', b'BLOCK', b'0', b'STREAMS', b'fastmcp:stream', b'>']
2026-01-19 15:46:55,865 - DEBUG - >>> None: [b'MULTI']
2026-01-19 15:46:55,866 - DEBUG - >>> None: [b'ZREMRANGEBYSCORE', b'fastmcp:workers', b'0', b'1768817805.865352']
2026-01-19 15:46:55,866 - DEBUG - >>> None: [b'ZADD', b'fastmcp:workers', b'1768817815.865352', b'DESKTOP-EP5TI1Q#20692']
2026-01-19 15:46:55,866 - DEBUG - >>> None: [b'ZREMRANGEBYSCORE', b'fastmcp:task-workers:trace', b'0', b'1768817805.865352']
2026-01-19 15:46:55,866 - DEBUG - >>> None: [b'ZADD', b'fastmcp:task-workers:trace', b'1768817815.865352', b'DESKTOP-EP5TI1Q#20692']
2026-01-19 15:46:55,866 - DEBUG - >>> None: [b'ZREMRANGEBYSCORE', b'fastmcp:task-workers:fail', b'0', b'1768817805.865352']
2026-01-19 15:46:55,866 - DEBUG - >>> None: [b'ZADD', b'fastmcp:task-workers:fail', b'1768817815.865352', b'DESKTOP-EP5TI1Q#20692']
2026-01-19 15:46:55,866 - DEBUG - >>> None: [b'ZREMRANGEBYSCORE', b'fastmcp:task-workers:sleep', b'0', b'1768817805.865352']
2026-01-19 15:46:55,866 - DEBUG - >>> None: [b'ZADD', b'fastmcp:task-workers:sleep', b'1768817815.865352', b'DESKTOP-EP5TI1Q#20692']
2026-01-19 15:46:55,866 - DEBUG - >>> None: [b'SADD', b'fastmcp:worker-tasks:DESKTOP-EP5TI1Q#20692', b'trace', b'fail', b'sleep']
2026-01-19 15:46:55,866 - DEBUG - >>> None: [b'EXPIRE', b'fastmcp:worker-tasks:DESKTOP-EP5TI1Q#20692', b'10']
2026-01-19 15:46:55,866 - DEBUG - >>> None: [b'EXEC']
2026-01-19 15:46:55,867 - DEBUG - >>> None: [b'MULTI']
2026-01-19 15:46:55,867 - DEBUG - >>> None: [b'XLEN', b'fastmcp:stream']
2026-01-19 15:46:55,867 - DEBUG - >>> None: [b'ZCOUNT', b'fastmcp:queue', b'0', b'1768817815.865352']
2026-01-19 15:46:55,867 - DEBUG - >>> None: [b'ZCOUNT', b'fastmcp:queue', b'1768817815.865352', b'+inf']
2026-01-19 15:46:55,867 - DEBUG - >>> None: [b'EXEC']
2026-01-19 15:46:55,953 - DEBUG - Scheduling due tasks
2026-01-19 15:46:55,953 - DEBUG - >>> None: [b'EVALSHA', b'39773dffbc51ce836d528fa7bc63e81067cfaea6', b'2', b'fastmcp:queue', b'fastmcp:stream', b'1768817815.953244', b'fastmcp']
2026-01-19 15:46:55,954 - DEBUG - Getting redeliveries
2026-01-19 15:46:55,954 - DEBUG - >>> None: [b'XAUTOCLAIM', b'fastmcp:stream', b'docket-workers', b'DESKTOP-EP5TI1Q#20692', b'300000', b'0-0', b'COUNT', b'10']
2026-01-19 15:46:55,955 - DEBUG - Getting new deliveries
2026-01-19 15:46:55,955 - DEBUG - >>> None: [b'XREADGROUP', b'GROUP', b'docket-workers', b'DESKTOP-EP5TI1Q#20692', b'COUNT', b'10', b'BLOCK', b'0', b'STREAMS', b'fastmcp:stream', b'>']
2026-01-19 15:46:56,219 - DEBUG - Scheduling due tasks
2026-01-19 15:46:56,220 - DEBUG - >>> None: [b'EVALSHA', b'39773dffbc51ce836d528fa7bc63e81067cfaea6', b'2', b'fastmcp:queue', b'fastmcp:stream', b'1768817816.219831', b'fastmcp']
2026-01-19 15:46:56,221 - DEBUG - Getting redeliveries
2026-01-19 15:46:56,221 - DEBUG - >>> None: [b'XAUTOCLAIM', b'fastmcp:stream', b'docket-workers', b'DESKTOP-EP5TI1Q#20692', b'300000', b'0-0', b'COUNT', b'10']
2026-01-19 15:46:56,221 - DEBUG - Getting new deliveries
2026-01-19 15:46:56,222 - DEBUG - >>> None: [b'XREADGROUP', b'GROUP', b'docket-workers', b'DESKTOP-EP5TI1Q#20692', b'COUNT', b'10', b'BLOCK', b'0', b'STREAMS', b'fastmcp:stream', b'>']
2026-01-19 15:46:56,482 - DEBUG - Scheduling due tasks
2026-01-19 15:46:56,482 - DEBUG - >>> None: [b'EVALSHA', b'39773dffbc51ce836d528fa7bc63e81067cfaea6', b'2', b'fastmcp:queue', b'fastmcp:stream', b'1768817816.482263', b'fastmcp']
2026-01-19 15:46:56,482 - DEBUG - Getting redeliveries
2026-01-19 15:46:56,482 - DEBUG - >>> None: [b'XAUTOCLAIM', b'fastmcp:stream', b'docket-workers', b'DESKTOP-EP5TI1Q#20692', b'300000', b'0-0', b'COUNT', b'10']
2026-01-19 15:46:56,483 - DEBUG - Getting new deliveries
2026-01-19 15:46:56,483 - DEBUG - >>> None: [b'XREADGROUP', b'GROUP', b'docket-workers', b'DESKTOP-EP5TI1Q#20692', b'COUNT', b'10', b'BLOCK', b'0', b'STREAMS', b'fastmcp:stream', b'>']
2026-01-19 15:46:56,734 - DEBUG - Scheduling due tasks
2026-01-19 15:46:56,734 - DEBUG - >>> None: [b'EVALSHA', b'39773dffbc51ce836d528fa7bc63e81067cfaea6', b'2', b'fastmcp:queue', b'fastmcp:stream', b'1768817816.734519', b'fastmcp']
2026-01-19 15:46:56,736 - DEBUG - Getting redeliveries
2026-01-19 15:46:56,736 - DEBUG - >>> None: [b'XAUTOCLAIM', b'fastmcp:stream', b'docket-workers', b'DESKTOP-EP5TI1Q#20692', b'300000', b'0-0', b'COUNT', b'10']
2026-01-19 15:46:56,737 - DEBUG - Getting new deliveries
2026-01-19 15:46:56,737 - DEBUG - >>> None: [b'XREADGROUP', b'GROUP', b'docket-workers', b'DESKTOP-EP5TI1Q#20692', b'COUNT', b'10', b'BLOCK', b'0', b'STREAMS', b'fastmcp:stream', b'>']
2026-01-19 15:46:57,000 - DEBUG - Scheduling due tasks
2026-01-19 15:46:57,001 - DEBUG - >>> None: [b'EVALSHA', b'39773dffbc51ce836d528fa7bc63e81067cfaea6', b'2', b'fastmcp:queue', b'fastmcp:stream', b'1768817817.001009', b'fastmcp']
2026-01-19 15:46:57,002 - DEBUG - Getting redeliveries
2026-01-19 15:46:57,002 - DEBUG - >>> None: [b'XAUTOCLAIM', b'fastmcp:stream', b'docket-workers', b'DESKTOP-EP5TI1Q#20692', b'300000', b'0-0', b'COUNT', b'10']
2026-01-19 15:46:57,003 - DEBUG - Getting new deliveries
2026-01-19 15:46:57,003 - DEBUG - >>> None: [b'XREADGROUP', b'GROUP', b'docket-workers', b'DESKTOP-EP5TI1Q#20692', b'COUNT', b'10', b'BLOCK', b'0', b'STREAMS', b'fastmcp:stream', b'>']
2026-01-19 15:46:57,261 - DEBUG - Scheduling due tasks
2026-01-19 15:46:57,261 - DEBUG - >>> None: [b'EVALSHA', b'39773dffbc51ce836d528fa7bc63e81067cfaea6', b'2', b'fastmcp:queue', b'fastmcp:stream', b'1768817817.261457', b'fastmcp']
2026-01-19 15:46:57,263 - DEBUG - Getting redeliveries
2026-01-19 15:46:57,263 - DEBUG - >>> None: [b'XAUTOCLAIM', b'fastmcp:stream', b'docket-workers', b'DESKTOP-EP5TI1Q#20692', b'300000', b'0-0', b'COUNT', b'10']
2026-01-19 15:46:57,264 - DEBUG - Getting new deliveries
2026-01-19 15:46:57,264 - DEBUG - >>> None: [b'XREADGROUP', b'GROUP', b'docket-workers', b'DESKTOP-EP5TI1Q#20692', b'COUNT', b'10', b'BLOCK', b'0', b'STREAMS', b'fastmcp:stream', b'>']
2026-01-19 15:46:57,517 - DEBUG - Scheduling due tasks
2026-01-19 15:46:57,517 - DEBUG - >>> None: [b'EVALSHA', b'39773dffbc51ce836d528fa7bc63e81067cfaea6', b'2', b'fastmcp:queue', b'fastmcp:stream', b'1768817817.517689', b'fastmcp']
2026-01-19 15:46:57,518 - DEBUG - Getting redeliveries
2026-01-19 15:46:57,518 - DEBUG - >>> None: [b'XAUTOCLAIM', b'fastmcp:stream', b'docket-workers', b'DESKTOP-EP5TI1Q#20692', b'300000', b'0-0', b'COUNT', b'10']
2026-01-19 15:46:57,519 - DEBUG - Getting new deliveries
2026-01-19 15:46:57,519 - DEBUG - >>> None: [b'XREADGROUP', b'GROUP', b'docket-workers', b'DESKTOP-EP5TI1Q#20692', b'COUNT', b'10', b'BLOCK', b'0', b'STREAMS', b'fastmcp:stream', b'>']
2026-01-19 15:46:57,564 - INFO - StreamableHTTP session manager shutting down
2026-01-19 15:46:57,565 - DEBUG - Scheduler loop finished
2026-01-19 15:46:57,565 - DEBUG - >>> None: [b'PUNSUBSCRIBE', b'fastmcp:cancel:*']
